# WaveFront *.obj file (generated by CINEMA 4D)

mtllib ./01.mtl

v 0.66872131824493 0.00002792853047 -1.51521778106689
v 0.82412326335907 0.26157203316689 -1.70238959789276
v 0.47982504963875 0.11259584128857 -2.13694953918457
v 0.5413578748703 -0.00016916029563 -1.53046429157257
v 0.4796427488327 -0.00019227286975 -1.53733050823212
v 0.39169216156006 0.00023632054217 -1.54815745353699
v 0.38200244307518 0.00008694049029 -1.55558371543884
v 0.42962118983269 0.2815061211586 -1.76503026485443
v 0.47507956624031 0.12822334468365 -2.1017894744873
v 0.87415289878845 0.09187886118889 -2.07420802116394
v 0.59637939929962 -0.00024013197981 -2.03469610214233
v 0.46044874191284 0.00013808035874 -2.05063009262085
v 0.85839492082596 -0.00006943269545 -2.00381422042847
v 0.84451675415039 0.00018047980848 -1.91531765460968
v 0.83104413747787 -0.00005699860048 -1.82908177375793
v 0.82252240180969 -0.00008358665946 -1.77461922168732
v 0.80640381574631 0.15821160376072 -1.62356162071228
v 1.02330851554871 0.29385033249855 -2.18162608146667
v 0.7008211016655 0.27515915036201 -2.20449829101562
v 0.67519193887711 0.11696694046259 -2.28331923484802
v 0.73735785484314 -0.00010177451622 -2.22314596176147
v 1.13996708393097 -0.0002505563607 -2.16861581802368
v 1.18452572822571 0.02852361276746 -2.15956687927246
v 1.14852547645569 0.00001910649735 -2.17513012886047
v 0.74274528026581 0.00017692735128 -2.25363969802856
v 1.21362769603729 -0.00015362779959 -2.22525882720947
v 1.17523336410522 0.00027513783425 -2.73630857467651
v 1.20050954818726 0.14943513274193 -2.77718019485474
v 1.08166706562042 0.05516415834427 -2.83044719696045
v 0.98181927204132 0.06178602576256 -2.74374413490295
v 0.93252921104431 0.06545831263065 -2.70134425163269
v 0.74420517683029 0.04614222794771 -2.42268991470337
v 0.99186873435974 0.37303757667542 -2.27820110321045
v 0.78652107715607 0.32102033495903 -2.20036792755127
v 0.68632227182388 0.24587877094746 -2.23809719085693
v 0.81949669122696 0.33865451812744 -2.19823312759399
v 1.29047310352325 0.00007476900646 -2.64745044708252
v 1.21369969844818 0.16015936434269 -2.77150869369507
v 1.1320526599884 0.00065602903487 -2.16238331794739
v 0.73118364810944 0.00176485267002 -2.1967933177948
v 0.74290215969086 0.00619899015874 -2.27620887756348
v 0.64914888143539 0.17058689892292 -2.32453155517578
v 0.74562251567841 0.07850335538387 -2.53801918029785
v 0.48848509788513 -0.00011817272753 -2.39313244819641
v 0.51421725749969 0.14801724255085 -2.27729678153992
v 0.3802470266819 0.00023047119612 -2.3282949924469
v 0.41577422618866 -0.00012618098117 -2.27524018287659
v 0.53849095106125 0.07505316287279 -2.17001390457153
v 0.55982434749603 0.00822959374636 -2.07279372215271
v 0.5605286359787 -0.00020518965903 -2.06900715827942
v 1.28135788440704 0.01016635913402 -1.57871985435486
v 1.31018209457397 0.05661641806364 -1.57884335517883
v 1.58044338226318 0.50291872024536 -1.96822249889374
v 1.70324242115021 0.00007185313734 -1.97130846977234
v 1.2912403345108 -0.00017114455113 -1.97893571853638
v 1.28434431552887 0.02986972779036 -1.97889029979706
v 1.2836822271347 0.00001158678697 -1.5789749622345
v 1.69568431377411 0.00025459192693 -1.57134771347046
v 1.57792866230011 0.48337906599045 -1.57323372364044
v 0.71223717927933 0.44265654683113 -1.83133232593536
v 0.68584543466568 0.41518414020538 -1.82874810695648
v 0.6799350976944 0.41958174109459 -1.84128487110138
v 0.6706171631813 0.3825201690197 -1.83327794075012
v 0.67474293708801 0.34536162018776 -1.83343303203583
v 0.72607666254044 0.30531567335129 -1.83235812187195
v 0.66418397426605 0.38456907868385 -1.84551191329956
v 0.69149106740952 0.41520699858665 -1.84786009788513
v 0.67673242092133 0.38293638825417 -1.8525710105896
v 0.69747847318649 0.41038596630096 -1.83604323863983
v 0.68287026882172 0.38127702474594 -1.84025692939758
v 0.6689150929451 0.34154835343361 -1.84556293487549
v 0.68026745319366 0.34655693173409 -1.85256576538086
v 0.68639069795609 0.34998065233231 -1.84051609039307
v 0.72194391489029 0.29958859086037 -1.84424889087677
v 0.76425510644913 0.25109219551086 -1.83535170555115
v 0.77722471952438 0.21851117908955 -1.82516241073608
v 0.7815757393837 0.22427216172218 -1.81263172626495
v 0.77424317598343 0.19624395668507 -1.81365704536438
v 0.7788895368576 0.20161540806293 -1.80120658874512
v 0.77139180898666 0.17550867795944 -1.80299341678619
v 0.75857013463974 0.17893104255199 -1.79951596260071
v 0.76142144203186 0.19966635107994 -1.81017959117889
v 0.76270288228989 0.18465815484524 -1.7876250743866
v 0.76414251327515 0.21886976063251 -1.82000172138214
v 0.75297981500626 0.24566017091274 -1.82906866073608
v 0.71211236715317 0.29188331961632 -1.8369060754776
v 0.7167147397995 0.29800376296043 -1.82519626617432
v 0.76885747909546 0.25721263885498 -1.82364189624786
v 0.75733083486557 0.25142115354538 -1.81653797626495
v 0.76827520132065 0.2245968580246 -1.80811083316803
v 0.76555418968201 0.20539343357086 -1.79828870296478
v 0.77603816986084 0.18088012933731 -1.79054284095764
v 0.81295657157898 0.23174121975899 -2.2017936706543
v 0.7964408993721 0.25125032663345 -2.17069935798645
v 0.76836031675339 0.26147878170013 -2.14017939567566
v 0.77945554256439 0.27036607265472 -2.13942384719849
v 0.75297290086746 0.27747437357903 -2.10928392410278
v 0.76330310106277 0.28635782003403 -2.10826706886292
v 0.73875939846039 0.28542855381966 -2.07478284835815
v 0.80641865730286 0.24060086905956 -2.21077275276184
v 0.78943336009979 0.25971660017967 -2.17949724197388
v 0.79554170370102 0.23174749314785 -2.21088862419128
v 0.77880775928497 0.2512226998806 -2.18043398857117
v 0.80207961797714 0.22288784384727 -2.20190954208374
v 0.7853456735611 0.24236305058002 -2.17145490646362
v 0.76182246208191 0.27033844590187 -2.1491584777832
v 0.77291768789291 0.27922570705414 -2.14840292930603
v 0.75576895475388 0.29648396372795 -2.11482524871826
v 0.74504619836807 0.28678372502327 -2.1163809299469
v 0.73067855834961 0.29558479785919 -2.0804398059845
v 0.71591830253601 0.30356904864311 -2.04503774642944
v 0.70711547136307 0.31682494282722 -2.02555203437805
v 0.71216362714767 0.31121718883514 -2.01337289810181
v 0.7034609913826 0.33609759807587 -2.0224621295929
v 0.70752209424973 0.3344606757164 -2.00872468948364
v 0.69972944259644 0.35579374432564 -2.01865220069885
v 0.70325303077698 0.35689124464989 -2.00487613677979
v 0.6994269490242 0.36774963140488 -2.02276253700256
v 0.70071142911911 0.37765991687775 -2.02945399284363
v 0.71443927288055 0.37469869852066 -2.03183317184448
v 0.71312719583511 0.35667538642883 -2.02255439758301
v 0.71683484315872 0.33935803174973 -2.02576589584351
v 0.71987473964691 0.32324320077896 -2.02809762954712
v 0.72701352834702 0.3124563395977 -2.04428219795227
v 0.74114996194839 0.30492556095123 -2.07806348800659
v 0.74923080205917 0.29476934671402 -2.07240629196167
v 0.72359365224838 0.29390025138855 -2.03712010383606
v 0.73439353704453 0.30317705869675 -2.03628444671631
v 0.72492289543152 0.31763544678688 -2.01591849327087
v 0.72089594602585 0.33772110939026 -2.01202845573425
v 0.71665078401566 0.35777288675308 -2.00877833366394
v 0.71669679880142 0.37129455804825 -2.01309061050415
v 0.71815556287766 0.38198778033257 -2.01988291740417
v 0.71944004297256 0.39189809560776 -2.02657437324524
v 0.70566815137863 0.39560833573341 -2.02493596076965
v 0.70442765951157 0.38494902849197 -2.0175039768219
v 0.70301294326782 0.37350681424141 -2.00997066497803
v 0.98986595869064 0.0977368876338 -2.21209478378296
v 1.00066578388214 0.10701370239258 -2.21125912666321
v 0.96914875507355 0.11849914491177 -2.1688928604126
v 0.97947895526886 0.12738260626793 -2.16787624359131
v 0.94766652584076 0.13925758004189 -2.12542986869812
v 0.95846635103226 0.14853440225124 -2.12459421157837
v 0.92843902111053 0.15676793456078 -2.08542799949646
v 0.93869215250015 0.16607482731342 -2.08369135856628
v 0.99328583478928 0.11629297584295 -2.21925687789917
v 0.97209900617599 0.13666187226772 -2.17587399482727
v 0.98248600959778 0.10701615363359 -2.2200927734375
v 0.96176874637604 0.12777841091156 -2.17689085006714
v 0.94028651714325 0.14853684604168 -2.13342761993408
v 0.95061671733856 0.15742030739784 -2.13241100311279
v 0.93068838119507 0.17580761015415 -2.09006834030151
v 0.92043524980545 0.1665007174015 -2.09180498123169
v 0.9077005982399 0.17227756977081 -2.06270527839661
v 0.91625112295151 0.1625147163868 -2.0572292804718
v 0.89510715007782 0.17851175367832 -2.03224587440491
v 0.88852363824844 0.18487434089184 -2.00169587135315
v 0.89664959907532 0.19209226965904 -1.9762099981308
v 0.90460121631622 0.19852733612061 -1.95062327384949
v 0.92106515169144 0.19171036779881 -1.92723882198334
v 0.94334292411804 0.1718877106905 -1.90801310539246
v 0.96356606483459 0.15348763763905 -1.89102578163147
v 0.97855317592621 0.14861838519573 -1.86724054813385
v 0.9912616610527 0.14937597513199 -1.83939588069916
v 1.00422155857086 0.15049302577972 -1.81237208843231
v 1.01311337947845 0.13936199247837 -1.81123626232147
v 1.00469255447388 0.15805850923061 -1.80147731304169
v 1.0147932767868 0.14993305504322 -1.79518496990204
v 1.00371992588043 0.16789728403091 -1.79164242744446
v 1.01381373405457 0.17488744854927 -1.79760491847992
v 1.01547431945801 0.16547593474388 -1.80698108673096
v 1.01470792293549 0.15829998254776 -1.817795753479
v 1.0022177696228 0.15757629275322 -1.84500062465668
v 0.98903959989548 0.15642534196377 -1.87266421318054
v 0.97427070140839 0.1613284945488 -1.89580965042114
v 0.95404762029648 0.17972856760025 -1.91279697418213
v 0.93176984786987 0.19955122470856 -1.93202269077301
v 0.91508764028549 0.20633429288864 -1.95604693889618
v 0.90713596343994 0.19989924132824 -1.98163366317749
v 0.89929246902466 0.19359596073627 -2.0044002532959
v 0.90514200925827 0.18778476119041 -2.03114891052246
v 0.91787666082382 0.18200790882111 -2.06024885177612
v 0.9259575009346 0.17185167968273 -2.0545916557312
v 0.90373474359512 0.16832546889782 -2.02748990058899
v 0.91376960277557 0.17759846150875 -2.02639293670654
v 0.90832555294037 0.18292224407196 -2.00190472602844
v 0.91580963134766 0.18873430788517 -1.98113751411438
v 0.92245155572891 0.19496600329876 -1.95938920974731
v 0.93500453233719 0.18939833343029 -1.94118070602417
v 0.95574128627777 0.17064262926579 -1.92363381385803
v 0.97801899909973 0.15081995725632 -1.90440809726715
v 0.99549728631973 0.14459590613842 -1.87710499763489
v 1.00933027267456 0.1458485275507 -1.84752213954926
v 1.02330446243286 0.14755849540234 -1.8165796995163
v 1.0248099565506 0.15734665095806 -1.8004275560379
v 1.02316951751709 0.16838793456554 -1.78971242904663
v 1.01185166835785 0.17087705433369 -1.77309429645538
v 1.01290142536163 0.16061486303806 -1.78364908695221
v 0.99884384870529 0.13804157078266 -1.84209847450256
v 0.98501086235046 0.13678893446922 -1.8716813325882
v 0.9673143029213 0.14297910034657 -1.89962410926819
v 0.94474124908447 0.1631913036108 -1.91876971721649
v 0.92429983615875 0.18155747652054 -1.9363968372345
v 0.91196519136429 0.18715903162956 -1.95396554470062
v 0.90532320737839 0.18092735111713 -1.97571384906769
v 0.89733844995499 0.17416672408581 -1.99984014034271
v 0.7063267827034 0.44705417752266 -1.84386909008026
v 0.70068120956421 0.44703131914139 -1.82475709915161
v 0.69498914480209 0.45146283507347 -1.83665406703949
v 0.7021701335907 0.38835316896439 -2.03624653816223
v 0.71572375297546 0.38460904359818 -2.03852462768555
v 1.00220048427582 0.17776611447334 -1.7809065580368
v 1.01246857643127 0.18553918600082 -1.78696990013123
v 1.02211976051331 0.17865012586117 -1.7791576385498
# 214 vertices

vn 0.03675062581897 0.08387642353773 -0.9957982301712
vn -0.13663007318974 0.53545743227005 -0.83343720436096
vn -0.13662651181221 0.53544342517853 -0.83344674110413
vn -0.14390748739243 0.53353583812714 -0.8334447145462
vn 0.12606707215309 -0.75355851650238 -0.64517956972122
vn 0.05275150388479 -0.78699111938477 -0.6147049665451
vn 0.23891088366508 -0.90629881620407 -0.34863173961639
vn 0.45088022947311 -0.87144762277603 -0.1930959969759
vn 0.05290776491165 -0.78705376386642 -0.61461138725281
vn 0.0528752990067 -0.78706693649292 -0.614597260952
vn 0.05287659913301 -0.78705507516861 -0.61461240053177
vn 0.05284470692277 -0.78701424598694 -0.61466735601425
vn -0.19128493964672 -0.88079828023911 -0.43313336372375
vn -0.68661296367645 -0.69192564487457 0.2231625020504
vn -0.14472033083439 -0.87172830104828 -0.46813014149666
vn -0.14978523552418 -0.59789091348648 -0.78745847940445
vn -0.07919094711542 -0.67171674966812 -0.73656326532364
vn -0.6552973985672 -0.52082532644272 0.54710721969604
vn -0.67839002609253 -0.46488529443741 0.56891882419586
vn 0.08265712112188 0.67125707864761 0.73660147190094
vn 0.17475506663322 0.61592411994934 0.76817846298218
vn 0.29632088541985 0.58617281913757 0.75405263900757
vn 0.29644948244095 0.58549243211746 0.75453054904938
vn 0.29619446396828 0.58620125055313 0.75408017635345
vn -0.74124002456665 0.66523778438568 0.08956506848335
vn -0.74110889434814 0.66545104980469 0.08906431496143
vn -0.74123293161392 0.66526263952255 0.08943920582533
vn 0.73875933885574 -0.66800850629807 -0.0894386395812
vn 0.73872977495193 -0.6680411696434 -0.0894388332963
vn 0.73877477645874 -0.66799116134644 -0.08944050222635
vn 0.4415770471096 0.06784597784281 -0.89465445280075
vn 0.4416022002697 0.06784504652023 -0.89464211463928
vn 0.4415779709816 0.06781487166882 -0.89465636014938
vn 0.44164064526558 0.06781490147114 -0.89462542533875
vn 0.05278238281608 -0.78701686859131 -0.61466938257217
vn 0.05281354114413 -0.78701555728912 -0.61466836929321
vn 0.05278266966343 -0.78698986768723 -0.61470395326614
vn 0.05287586897612 -0.7870129942894 -0.61466634273529
vn 0.46176081895828 0.6015453338623 -0.65185898542404
vn 0.46182954311371 0.60158467292786 -0.65177404880524
vn 0.46201750636101 0.60171031951904 -0.65152472257614
vn 0.03771910443902 -0.78247612714767 -0.62153714895248
vn 0.05268844589591 -0.78695160150528 -0.61476099491119
vn 0.0550316311419 -0.77316164970398 -0.63181692361832
vn -0.9384942650795 0.17269220948219 -0.29900813102722
vn -0.93849802017212 0.17272412776947 -0.29897806048393
vn -0.93847674131393 0.17268897593021 -0.29906505346298
vn -0.93848550319672 0.17269058525562 -0.2990365922451
vn -0.46210792660713 -0.60161221027374 0.65155124664307
vn -0.46262979507446 -0.60081875324249 0.65191298723221
vn -0.46222561597824 -0.60204023122787 0.65107220411301
vn -0.44241857528687 -0.13419124484062 -0.88671219348907
vn -0.6815767288208 -0.33894455432892 -0.64851349592209
vn -0.9098504781723 0.40700298547745 -0.08075059950352
vn -0.92264676094055 0.34741443395615 -0.16741019487381
vn -0.65235102176666 0.64300709962845 0.40122318267822
vn -0.25344225764275 0.89251673221588 -0.37306949496269
vn -0.27750459313393 0.76616901159286 -0.57963460683823
vn -0.28187924623489 0.70401066541672 -0.65185356140137
vn -0.25353702902794 0.89248919487 -0.37307104468346
vn -0.44219991564751 -0.06372053921223 0.89465016126633
vn -0.44216066598892 -0.06378188729286 0.89466518163681
vn -0.44217127561569 -0.06384591013193 0.89465540647507
vn -0.44217038154602 -0.06387703865767 0.89465361833572
vn -0.74382221698761 0.37862992286682 -0.55078840255737
vn -0.92065501213074 0.23519517481327 -0.31157267093658
vn 0.93847125768662 -0.16506843268871 0.30335468053818
vn 0.93848919868469 -0.17272251844406 0.29900652170181
vn 0.9384942650795 -0.17269220948219 0.29900813102722
vn 0.93842285871506 -0.16472166776657 0.30369287729263
vn -0.43469429016113 0.01509398594499 -0.90045160055161
vn -0.01887569390237 -0.71377617120743 -0.70011949539185
vn 0.56501579284668 0.75520867109299 0.3322905600071
vn 0.56495571136475 0.75521177053452 0.33238568902016
vn 0.5649796128273 0.75526452064514 0.33222514390945
vn 0.56503713130951 0.75519531965256 0.33228468894958
vn -0.92110300064087 0.23897114396095 -0.3073468208313
vn -0.92066639661789 0.23528383672237 -0.31147214770317
vn 0.44169095158577 0.06781303137541 -0.89460074901581
vn 0.44182559847832 0.06750199943781 -0.89455777406692
vn 0.44167047739029 0.06765843182802 -0.8946225643158
vn 0.53901338577271 -0.7103613615036 0.45260497927666
vn 0.53897166252136 -0.71037876605988 0.45262742042542
vn -0.74123913049698 0.66526824235916 0.08934620767832
vn -0.74122482538223 0.6653179526329 0.08909447491169
vn 0.54135870933533 -0.78420919179916 -0.30322712659836
vn -0.44216156005859 -0.06375076621771 0.89466696977615
vn -0.44219905138016 -0.06375166773796 0.89464837312698
vn -0.56807434558868 -0.75295317173004 -0.33219438791275
vn -0.56805312633514 -0.75296652317047 -0.33220028877258
vn 0.38719406723976 -0.59257262945175 -0.70635575056076
vn 0.38085225224495 -0.5967008471489 -0.70632827281952
vn 0.38079562783241 -0.59683507680893 -0.70624542236328
vn 0.38079172372818 -0.59673517942429 -0.70633190870285
vn 0.56504136323929 0.75523227453232 0.33219343423843
vn 0.5650200843811 0.75524562597275 0.33219930529594
vn 0.38082554936409 -0.59670794010162 -0.70633667707443
vn 0.56520426273346 0.75505363941193 0.33232235908508
vn 0.0529381968081 -0.78701037168503 -0.61466431617737
vn -0.46263921260834 -0.60083097219467 0.65189498662949
vn -0.13528397679329 0.8009849190712 -0.58319926261902
vn -0.45809859037399 0.6677570939064 -0.58672493696213
vn 0.3432323038578 -0.47367495298386 -0.81106328964233
vn 0.00187503313646 -0.57426017522812 -0.81867069005966
vn -0.56801706552505 -0.7530226111412 -0.33213496208191
vn 0.5649162530899 0.75532585382462 0.33219337463379
vn 0.56498545408249 0.75527238845825 0.33219733834267
vn -0.46260595321655 -0.60085964202881 0.65189218521118
vn 0.05465696752071 0.97513782978058 -0.2147528231144
vn 0.36135664582252 0.93168950080872 -0.03709507361054
vn 0.74923825263977 0.60676580667496 0.26547569036484
vn -0.10881563276052 -0.61720526218414 0.77924120426178
vn -0.1088145300746 -0.61713653802872 0.77929580211639
vn -0.1087836548686 -0.61713862419128 0.77929842472076
vn -0.1087516695261 -0.61707192659378 0.77935570478439
vn -0.10865703225136 -0.61725443601608 0.77922433614731
vn 0.22616001963615 0.92570292949677 -0.30319255590439
vn 0.22622586786747 0.9256854057312 -0.30319702625275
vn -0.72861856222153 -0.28032204508781 0.6249275803566
vn -0.77340114116669 -0.2485083937645 0.58317595720291
vn -0.58458298444748 0.73646330833435 -0.3404181599617
vn -0.51554703712463 0.822525203228 -0.24013234674931
vn 0.34529274702072 0.38801291584969 -0.85452848672867
vn 0.73561179637909 0.44579216837883 -0.51004374027252
vn 0.7313961982727 0.46510723233223 -0.49873322248459
vn -0.25015959143639 -0.50891304016113 -0.82366722822189
vn -0.27991935610771 -0.48483517765999 -0.82860124111176
vn 0.81762117147446 -0.25975871086121 0.51382976770401
vn 0.74676012992859 -0.3781926035881 0.54710114002228
vn -0.49679160118103 -0.00371882761829 0.86786186695099
vn -0.49101209640503 0.14487856626511 0.85902112722397
vn -0.74125039577484 0.66524708271027 0.08941005915403
vn -0.74126237630844 0.66522985696793 0.08943899720907
vn -0.93870800733566 0.17272251844406 -0.29831901192665
vn 0.4168484210968 0.54872488975525 -0.72466433048248
vn 0.41085204482079 0.55326116085052 -0.72463965415955
vn -0.60213834047318 -0.43185329437256 -0.67151480913162
vn -0.60363829135895 -0.43479084968567 -0.66826474666595
vn -0.10722010582685 0.75072818994522 -0.65185195207596
vn -0.18491411209106 0.70837384462357 -0.68118518590927
vn -0.07328249514103 0.61544793844223 0.78476333618164
vn 0.00375004974194 0.66010248661041 0.75116616487503
vn 0.6697044968605 0.49404382705688 -0.55445158481598
vn 0.69367063045502 0.50857305526733 -0.51007306575775
vn 0.15115819871426 0.64588332176208 0.74832212924957
vn 0.07709645479918 0.69746202230453 0.71246254444122
vn 0.6986877322197 0.32926481962204 -0.63515365123749
vn 0.66398882865906 0.38916802406311 -0.63848811388016
vn 0.6381767988205 -0.45898351073265 0.61811363697052
vn 0.56572592258453 -0.74916577339172 0.34453561902046
vn -0.73982274532318 0.38491156697273 -0.55182009935379
vn -0.7287255525589 0.30184656381607 -0.61469322443008
vn 0.5577620267868 0.16412854194641 -0.81361126899719
vn 0.55238646268845 0.65641987323761 -0.51379191875458
vn 0.60960400104523 -0.74541878700256 0.26969203352928
vn 0.62323451042175 -0.64857894182205 0.43694856762886
vn 0.70595246553421 0.19400411844254 -0.68117070198059
vn 0.71338921785355 0.37766379117966 -0.59029304981232
vn -0.01318798027933 -0.65996158123016 -0.75118362903595
vn 0.09418935328722 -0.66976314783096 -0.73657697439194
vn -0.61032652854919 0.74632972478867 -0.265506118536
vn -0.7298309803009 0.60854667425156 -0.31147661805153
vn -0.59970170259476 -0.291194409132 0.74536144733429
vn -0.71151077747345 -0.3701306283474 0.59729027748108
vn 0.05093881115317 0.74217534065247 -0.66826719045639
vn -0.19916452467442 -0.64971452951431 -0.73362421989441
vn -0.69951075315475 -0.53991454839706 0.46816346049309
vn -0.80305981636047 -0.44770342111588 0.39326399564743
vn 0.50492560863495 0.10475401580334 0.85678279399872
vn 0.20109929144382 0.56054663658142 0.80333459377289
vn -0.8124053478241 0.37692034244537 -0.44489166140556
vn -0.49682852625847 -0.00378137198277 0.86784046888351
vn -0.5644798874855 -0.65770047903061 0.49879106879234
vn -0.57103538513184 -0.15628239512444 0.80591213703156
vn -0.8221048116684 -0.28137877583504 0.49494412541389
vn -0.66701483726501 0.4453849196434 -0.597263276577
vn -0.25019532442093 -0.50892215967178 -0.82365077733994
vn -0.72385603189468 -0.44769507646561 0.524977684021
vn 0.72824764251709 0.27351087331772 -0.62836867570877
vn 0.72823518514633 0.27356868982315 -0.62835788726807
vn 0.5171320438385 -0.82276117801666 0.23587819933891
vn 0.51557385921478 -0.82251811027527 0.24009904265404
vn 0.19591356813908 -0.7640597820282 0.61467921733856
vn 0.44701540470123 -0.68136727809906 0.57958251237869
vn 0.36881476640701 -0.57834726572037 -0.72766071557999
vn 0.09422032535076 -0.66976118087769 -0.73657482862473
vn 0.54688346385956 -0.5375708937645 0.64182245731354
vn 0.49025574326515 -0.41687989234924 -0.76541525125504
vn 0.33385449647903 0.58076870441437 -0.74246138334274
vn 0.06968896836042 0.64645111560822 -0.75976598262787
vn 0.23612885177135 0.54672765731812 0.80332559347153
vn 0.53117978572845 0.46323925256729 0.70940637588501
vn -0.27994388341904 -0.48485481739044 -0.82858145236969
vn -0.73592776060104 -0.44523176550865 0.51007741689682
vn 0.10519144684076 -0.75102818012238 0.65183699131012
vn -0.01321895327419 -0.65997892618179 -0.75116783380508
vn 0.74989402294159 0.37188443541527 -0.54713886976242
vn 0.63011932373047 0.40086001157761 -0.66502696275711
vn 0.6456618309021 -0.22203317284584 0.7306312918663
vn 0.59507566690445 0.53766810894012 -0.59732568264008
vn 0.29031836986542 0.66885727643967 -0.68435752391815
vn -0.1145335957408 -0.58441817760468 -0.80332893133163
vn -0.06418821960688 -0.66353869438171 -0.74538332223892
vn -0.54406893253326 -0.52003735303879 -0.65844523906708
vn -0.29738336801529 -0.70067596435547 0.64854943752289
vn -0.05268847942352 -0.74217003583908 0.66813743114471
vn 0.19703833758831 0.65036714076996 0.73362010717392
vn 0.18122656643391 0.73343789577484 0.65515327453613
vn -0.81529664993286 0.32431861758232 -0.47969657182693
vn 0.49403858184814 0.81791836023331 -0.29484811425209
vn -0.13694161176682 -0.6389878988266 -0.75692898035049
vn -0.07734662294388 -0.69740092754364 -0.71249520778656
vn -0.67238956689835 -0.49038562178612 0.55444949865341
vn -0.6810849905014 -0.45198369026184 0.57605028152466
vn -0.03387564048171 0.70707583427429 0.70632582902908
vn 0.2788465321064 0.48550489544868 0.82857084274292
vn 0.26466345787048 0.51367020606995 0.81614714860916
vn 0.58013784885406 -0.03775083646178 -0.81364303827286
vn -0.70357638597488 -0.46644666790962 0.53610426187515
vn -0.7048351764679 -0.46017104387283 0.53986114263535
vn 0.22456675767899 0.57401084899902 0.78745239973068
vn 0.22800877690315 0.56520926952362 0.79281175136566
vn -0.68104410171509 0.71576350927353 0.1544716656208
vn -0.61038506031036 0.74629354476929 -0.26547315716743
vn -0.71084004640579 -0.37701460719109 0.59377300739288
vn -0.37037754058838 -0.63150429725647 0.68119215965271
vn -0.11269070953131 -0.78877246379852 0.60426717996597
vn -0.24644608795643 -0.69255542755127 -0.67796111106873
vn -0.5440468788147 -0.52004623413086 -0.6584564447403
vn 0.13116167485714 -0.66677755117416 0.73362410068512
vn -0.19912995398045 -0.64970362186432 -0.73364323377609
vn -0.73595529794693 -0.44526079297066 0.51001238822937
vn 0.27887961268425 0.48547676205635 0.82857620716095
vn 0.49194312095642 -0.14156411588192 -0.85904109477997
vn -0.81524187326431 0.2672575712204 -0.51376456022263
vn 0.29641571640968 0.58608120679855 0.75408655405045
vn 0.29650586843491 0.58588653802872 0.75420236587524
vn -0.60113990306854 -0.54635733366013 0.58320194482803
vn 0.11265935748816 0.71130084991455 0.69380033016205
vn -0.74767047166824 -0.38160100579262 0.54347908496857
vn -0.64573472738266 0.211755245924 -0.73361188173294
vn -0.24647545814514 -0.69255006313324 -0.67795592546463
vn -0.51554155349731 0.82254761457443 -0.24006727337837
vn -0.51557385921478 0.82251811027527 -0.24009904265404
vn -0.06415709853172 -0.6635400056839 -0.74538481235504
vn -0.30682453513145 0.4812063574791 0.82115721702576
vn -0.49082234501839 0.41625836491585 0.76539033651352
vn 0.69535398483276 0.52103888988495 -0.49497604370117
vn -0.14981578290462 -0.59788811206818 -0.78745478391647
vn -0.54623031616211 0.53823018074036 -0.64182609319687
vn -0.38247513771057 0.59197866916656 -0.70941811800003
vn 0.36878949403763 -0.5783879160881 -0.72764122486114
vn 0.49026748538017 -0.41688987612724 -0.76540225744247
vn 0.70383238792419 0.47026327252388 -0.53242129087448
vn -0.13700294494629 -0.63898241519928 -0.75692248344421
vn -0.22491092979908 -0.57016807794571 -0.79014140367508
vn -0.07734493911266 -0.69741696119308 -0.71247971057892
vn -0.14584656059742 -0.55172938108444 -0.82117199897766
vn -0.6669881939888 0.44541925191879 -0.59726744890213
vn -0.64569312334061 0.21181434392929 -0.73363143205643
vn -0.22313024103642 -0.56716954708099 -0.79279983043671
vn -0.54713606834412 -0.13484647870064 -0.82611048221588
vn -0.39426028728485 0.55742084980011 0.73064410686493
vn -0.41172829270363 -0.5526065826416 0.7246418595314
vn 0.60626035928726 0.43113234639168 0.66826140880585
vn 0.88392055034637 -0.25309783220291 0.39322507381439
vn 0.22816176712513 0.56529492139816 0.79270666837692
vn 0.70525205135345 0.46392816305161 -0.53608787059784
vn 0.70523869991302 0.46388810873032 -0.53614014387131
vn 0.65713584423065 0.51850855350494 -0.54710274934769
vn 0.81543731689453 -0.32404360175133 0.47964328527451
vn 0.81723755598068 -0.32472622394562 0.4761047065258
vn -0.49357742071152 -0.81968104839325 0.29069626331329
vn -0.49501964449883 -0.81734490394592 0.29479295015335
vn -0.23016110062599 -0.56435561180115 -0.79279798269272
vn -0.22488281130791 -0.57020723819733 -0.79012113809586
vn 0.61117392778397 -0.74564653635025 0.2654764354229
vn 0.7140805721283 0.37085315585136 -0.59376502037048
vn -0.49511009454727 -0.81724572181702 0.29491597414017
vn -0.81526535749435 0.32444360852242 -0.47966527938843
vn -0.58461081981659 0.73642772436142 -0.34044742584229
vn 0.49404314160347 0.81792593002319 -0.29481959342957
vn -0.60358214378357 -0.43485793471336 -0.66827178001404
vn 0.41350671648979 -0.58582198619843 0.69701129198074
vn 0.22616441547871 0.92568969726562 -0.30322968959808
vn 0.22625111043453 0.92569208145142 -0.30315774679184
vn 0.65336531400681 0.46064019203186 -0.60076981782913
vn -0.07918912172318 -0.67170125246048 -0.73657757043838
vn 0.8769519329071 -0.23141004145145 0.42119440436363
vn 0.45048001408577 0.49576237797737 0.74248731136322
vn 0.45048350095749 0.49579745531082 0.74246180057526
vn 0.45047649741173 0.49582102894783 0.74245029687881
vn -0.7283747792244 -0.27316787838936 0.62837052345276
vn -0.51554316282272 0.82251900434494 -0.24016180634499
vn 0.60259217023849 0.43123999238014 0.67150181531906
vn -0.41176137328148 -0.55257773399353 0.72464501857758
vn -0.60217088460922 -0.43185421824455 -0.67148506641388
vn -0.29500469565392 0.47585135698318 0.82857573032379
vn -0.29503321647644 0.47584694623947 0.82856810092926
vn -0.29500907659531 0.47582715749741 0.82858806848526
vn -0.23022435605526 -0.56432622671127 -0.79280054569244
vn -0.70356607437134 -0.4664711356163 0.53609645366669
vn -0.49103802442551 0.14484575390816 0.85901182889938
vn -0.56449466943741 -0.65774893760681 0.49871039390564
vn 0.4617947936058 0.60154891014099 -0.65183162689209
vn -0.57101994752884 -0.15622419118881 0.80593436956406
vn -0.54713839292526 -0.13481579720974 -0.82611393928528
vn 0.34325623512268 -0.47363364696503 -0.81107723712921
vn -0.34334719181061 -0.38984766602516 0.85447734594345
vn -0.34312671422958 -0.38984569907188 0.85456675291061
vn -0.34307157993317 -0.38985407352448 0.8545851111412
vn -0.27991086244583 -0.4848829805851 -0.8285761475563
vn -0.23019069433212 -0.5643515586853 -0.79279226064682
# 313 normals

vt 1.61172688007355 0.4922080039978 0
vt 1.62982845306396 0.46773111820221 0
vt 1.63840281963348 0.4562326669693 0
vt 1.6186341047287 0.44302654266357 0
vt 1.61875319480896 0.50268179178238 0
vt 1.53658175468445 0.55903559923172 0
vt 1.57969200611114 0.63542622327805 0
vt 1.60815417766571 0.6330354809761 0
vt 1.65674257278442 0.20577144622803 0
vt 1.65698075294495 0.19222378730774 0
vt 1.65698075294495 0.13860237598419 0
vt 1.62994754314423 0.20383608341217 0
vt 1.91159296035767 0.15852534770966 0
vt 1.86443376541138 0.17560231685638 0
vt 1.8856315612793 0.21715605258942 0
vt 0 1 0
vt 1.33008146286011 0.89408433437347 0
vt 1.32972419261932 0.90182590484619 0
vt 1.3325822353363 0.90193974971771 0
vt 1.33282041549683 0.89419823884964 0
vt 1.33544039726257 0.90205359458923 0
vt 1.33555948734283 0.89419823884964 0
vt 1.99721801280975 0.66650623083115 0
vt 1.99721801280975 0.58134937286377 0
vt 1.98900091648102 0.66650623083115 0
vt 1.77666521072388 0.36105740070343 0
vt 1.83597147464752 0.43596804141998 0
vt 1.81358277797699 0.36970973014832 0
vt 1.80274569988251 0.54571563005447 0
vt 1.78714501857758 0.52192181348801 0
vt 1.73045861721039 0.49881112575531 0
vt 1.72140789031982 0.54571563005447 0
vt 1.30554914474487 0.51008182764053 0
vt 1.30066645145416 0.50541412830353 0
vt 1.2962601184845 0.50336492061615 0
vt 1.27803957462311 0.52419871091843 0
vt 1.88515520095825 0.22899603843689 0
vt 1.939817070961 0.26656520366669 0
vt 1.95220232009888 0.15852534770966 0
vt 1.93898344039917 0.15852534770966 0
vt 1.731649518013 0.49015879631042 0
vt 1.69092106819153 0.49664795398712 0
vt 1.54158353805542 0.5401371717453 0
vt 1.54098808765411 0.5423002243042 0
vt 1.61565685272217 0.49687564373016 0
vt 1.5481333732605 0.20554375648499 0
vt 1.54837155342102 0.18414068222046 0
vt 1.46489012241364 0.22375917434692 0
vt 1.54479885101318 0.20702373981476 0
vt 1.85169124603271 0.51748180389404 0
vt 1.81012916564941 0.45919263362885 0
vt 1.83561420440674 0.54104793071747 0
vt 1.61053597927094 0.49232184886932 0
vt 1.54205989837646 0.53751868009567 0
vt 1.53146088123322 0.45816802978516 0
vt 1.57611930370331 0.42925119400024 0
vt 1.5271737575531 0.42583572864532 0
vt 1.92278742790222 0.79526603221893 0
vt 1.94243705272675 0.7789860367775 0
vt 1.94315159320831 0.77716451883316 0
vt 1.88956153392792 0.77716451883316 0
vt 1.08952164649963 0.55163562297821 0
vt 1.18241107463837 0.55596172809601 0
vt 1.13787174224854 0.44052195549011 0
vt 1.09630966186523 0.4605587720871 0
vt 1.60886871814728 0.43699264526367 0
vt 1.58552730083466 0.43038964271545 0
vt 1.3488974571228 0.31381130218506 0
vt 1.52765011787415 0.3069806098938 0
vt 1.52229106426239 0.29582369327545 0
vt 1.45059943199158 0.26804518699646 0
vt 1.97351932525635 0.15886688232422 0
vt 1.97101843357086 0.15852534770966 0
vt 1.24386096000671 0.47877418994904 0
vt 1.22933208942413 0.56643557548523 0
vt 1.26315343379974 0.52863872051239 0
vt 1.53110361099243 0.45987570285797 0
vt 1.52693557739258 0.53751868009567 0
vt 1.26696419715881 0.4894757270813 0
vt 1.6106550693512 0.66582316160202 0
vt 1.61315596103668 0.66331851482391 0
vt 1.7532045841217 0.4360818862915 0
vt 1.63542556762695 0.63941085338593 0
vt 1.0954761505127 0.56700479984283 0
vt 1.15990328788757 0.57326632738113 0
vt 1.08523440361023 0.56859862804413 0
vt 1.08475804328918 0.57076174020767 0
vt 1.08428168296814 0.57292479276657 0
vt 1.65686166286469 0.55004173517227 0
vt 1.64138007164001 0.53091561794281 0
vt 1.64578640460968 0.60002017021179 0
vt 1.6217303276062 0.50643873214722 0
vt 1.14096808433533 0.43847262859344 0
vt 1.19158089160919 0.43710649013519 0
vt 1.16954946517944 0.41957426071167 0
vt 1.64280915260315 0.613112449646 0
vt 1.20253705978394 0.44575881958008 0
vt 1.88372623920441 0.26656520366669 0
vt 1.88444066047668 0.24743914604187 0
vt 1.22159135341644 0.56837093830109 0
vt 1.03104889392853 0.85173362493515 0
vt 1.03116798400879 0.85685670375824 0
vt 1.03378796577454 0.85674285888672 0
vt 1.0339070558548 0.85184746980667 0
vt 1.24945819377899 0.56154018640518 0
vt 1.25338804721832 0.55220484733582 0
vt 1.30935990810394 0.51429408788681 0
vt 1.86050379276276 0.50188487768173 0
vt 1.90111315250397 0.81313985586166 0
vt 1.87598538398743 0.77727836370468 0
vt 1.86276650428772 0.80073064565659 0
vt 1.63387751579285 0.15283310413361 0
vt 1.65495622158051 0.13860237598419 0
vt 1.61053597927094 0.16854381561279 0
vt 1.90325677394867 0.00506103038788 0
vt 1.98840546607971 0.0143963098526 0
vt 1.98852455615997 0.00289785861969 0
vt 1.33198690414429 0.93233662843704 0
vt 1.3316296339035 0.92971813678741 0
vt 1.32865238189697 0.9301735162735 0
vt 1.32912874221802 0.93279200792313 0
vt 1.33865582942963 0.87882900238037 0
vt 1.3384176492691 0.88668435811996 0
vt 1.34115672111511 0.88668435811996 0
vt 1.34139490127563 0.87882900238037 0
vt 1.93612539768219 0.1391716003418 0
vt 1.92195379734039 0.13962697982788 0
vt 1.92207288742065 0.14281463623047 0
vt 1.93624448776245 0.14224541187286 0
vt 1.75975453853607 0.36230969429016 0
vt 1.73260223865509 0.36811590194702 0
vt 1.3488974571228 0.15898072719574 0
vt 1.03259706497192 0.89818280935287 0
vt 1.03259706497192 0.90114283561707 0
vt 1.03533613681793 0.90114283561707 0
vt 1.03533613681793 0.8982966542244 0
vt 1.03200161457062 0.88474899530411 0
vt 1.03200161457062 0.8779182434082 0
vt 1.02878630161285 0.8779182434082 0
vt 1.02902448177338 0.88486284017563 0
vt 1.03188252449036 0.82725673913956 0
vt 1.03188252449036 0.82053983211517 0
vt 1.02914357185364 0.82053983211517 0
vt 1.02890539169312 0.82725673913956 0
vt 1.33865582942963 0.92971813678741 0
vt 1.33889400959015 0.92675817012787 0
vt 1.33508312702179 0.92675817012787 0
vt 1.33508312702179 0.92937660217285 0
vt 1.95601320266724 0.13336539268494 0
vt 1.94910609722137 0.13325154781342 0
vt 1.94910609722137 0.13598382472992 0
vt 1.9561322927475 0.1358699798584 0
vt 1.90849673748016 0.1397408246994 0
vt 1.91397476196289 0.14008235931396 0
vt 1.91397476196289 0.13666689395905 0
vt 1.90861582756042 0.13655304908752 0
vt 1.03485977649689 0.88463515043259 0
vt 1.03497886657715 0.87803208827972 0
vt 1.90849673748016 0.13347923755646 0
vt 1.91385567188263 0.13302385807037 0
vt 1.91373658180237 0.12960851192474 0
vt 1.9083776473999 0.13040542602539 0
vt 1.03152525424957 0.84649676084518 0
vt 1.03462159633636 0.84672445058823 0
vt 1.33186781406403 0.91059201955795 0
vt 1.33127236366272 0.91685354709625 0
vt 1.33520221710205 0.91685354709625 0
vt 1.33532130718231 0.91081970930099 0
vt 1.92183470726013 0.13302385807037 0
vt 1.92195379734039 0.12972235679626 0
vt 1.95589411258698 0.13063311576843 0
vt 1.94910609722137 0.13040542602539 0
vt 1.33127236366272 0.92664432525635 0
vt 1.32829511165619 0.92664432525635 0
vt 1.33020055294037 0.88645666837692 0
vt 1.33293950557709 0.88657051324844 0
vt 1.33794128894806 0.93495506048203 0
vt 1.33817946910858 0.93233662843704 0
vt 1.33508312702179 0.932108938694 0
vt 1.33508312702179 0.93472737073898 0
vt 1.02568995952606 0.87814593315125 0
vt 1.02521359920502 0.87120133638382 0
vt 1.02235543727875 0.87120133638382 0
vt 1.02271270751953 0.87825977802277 0
vt 1.02568995952606 0.86368745565414 0
vt 1.02259361743927 0.86357361078262 0
vt 1.03271615505219 0.89510899782181 0
vt 1.03271615505219 0.89180743694305 0
vt 1.02902448177338 0.89192128181458 0
vt 1.02938175201416 0.89522284269333 0
vt 1.33031964302063 0.87860131263733 0
vt 1.33305859565735 0.87871515750885 0
vt 1.02616631984711 0.88497668504715 0
vt 1.02306997776031 0.88509052991867 0
vt 1.33853673934937 0.92186278104782 0
vt 1.33913218975067 0.91696739196777 0
vt 1.33520221710205 0.92186278104782 0
vt 1.03188252449036 0.83431524038315 0
vt 1.03188252449036 0.84080445766449 0
vt 1.03497886657715 0.84080445766449 0
vt 1.03485977649689 0.83431524038315 0
vt 1.03569340705872 0.89533668756485 0
vt 1.02533268928528 0.84069061279297 0
vt 1.02545177936554 0.84638291597366 0
vt 1.02842903137207 0.84638291597366 0
vt 1.02878630161285 0.84069061279297 0
vt 1.9629203081131 0.13279616832733 0
vt 1.96303939819336 0.13564229011536 0
vt 1.02330815792084 0.82031214237213 0
vt 1.02295088768005 0.82702904939651 0
vt 1.02592813968658 0.82714289426804 0
vt 1.02628540992737 0.82042598724365 0
vt 1.02854812145233 0.85173362493515 0
vt 1.33877491950989 0.87085980176926 0
vt 1.34163308143616 0.87097364664078 0
vt 1.33591675758362 0.87871515750885 0
vt 1.3356785774231 0.88657051324844 0
vt 1.92171561717987 0.136439204216 0
vt 1.02676177024841 0.79936450719833 0
vt 1.02640450000763 0.81040757894516 0
vt 1.02938175201416 0.81040757894516 0
vt 1.02961993217468 0.79947835206985 0
vt 1.38700592517853 0.005744099617 0
vt 1.38998317718506 0.005744099617 0
vt 1.38998317718506 0.00278401374817 0
vt 1.38700592517853 0.00278401374817 0
vt 1.90337586402893 0.13359308242798 0
vt 1.90337586402893 0.13051927089691 0
vt 1.02628540992737 0.89567822217941 0
vt 1.02580904960632 0.8920351266861 0
vt 1.02306997776031 0.89214897155762 0
vt 1.02354633808136 0.89601975679398 0
vt 1.90849673748016 0.14281463623047 0
vt 1.91397476196289 0.14315617084503 0
vt 1.02568995952606 0.85173362493515 0
vt 1.02235543727875 0.84661060571671 0
vt 1.02259361743927 0.85173362493515 0
vt 1.33329677581787 0.87074595689774 0
vt 1.33603584766388 0.87085980176926 0
vt 1.93612539768219 0.13609766960144 0
vt 1.93612539768219 0.13313770294189 0
vt 1.90956854820251 0.66650623083115 0
vt 1.90956854820251 0.58134937286377 0
vt 1.0255708694458 0.83420139551163 0
vt 1.02878630161285 0.83431524038315 0
vt 1.33174872398376 0.9217489361763 0
vt 1.32865238189697 0.92186278104782 0
vt 1.03593158721924 0.89157974720001 0
vt 1.34068036079407 0.93529659509659 0
vt 1.34103763103485 0.93290585279465 0
vt 1.02235543727875 0.83397370576859 0
vt 1.02854812145233 0.87120133638382 0
vt 1.02854812145233 0.86368745565414 0
vt 1.33817946910858 0.89431208372116 0
vt 1.34091854095459 0.89431208372116 0
vt 1.03152525424957 0.86357361078262 0
vt 1.03200161457062 0.8710874915123 0
vt 1.03521704673767 0.87097364664078 0
vt 1.03438341617584 0.86334592103958 0
vt 1.02175998687744 0.84069061279297 0
vt 1.0323588848114 0.81052142381668 0
vt 1.03485977649689 0.82065367698669 0
vt 1.03521704673767 0.8106352686882 0
vt 1.03497886657715 0.82725673913956 0
vt 1.96899390220642 0.26656520366669 0
vt 1.97316205501556 0.15989148616791 0
vt 1.3421094417572 0.92675817012787 0
vt 1.34163308143616 0.92197662591934 0
vt 1.32877147197723 0.91025048494339 0
vt 1.32805693149567 0.91685354709625 0
vt 1.02854812145233 0.85685670375824 0
vt 1.02688086032867 0.89863818883896 0
vt 1.02961993217468 0.8982966542244 0
vt 1.94922518730164 0.13860237598419 0
vt 1.02997708320618 0.78854912519455 0
vt 1.03259706497192 0.79959219694138 0
vt 1.03295433521271 0.78854912519455 0
vt 1.33829855918884 0.90205359458923 0
vt 1.97018480300903 0.13848853111267 0
vt 1.96303939819336 0.13848853111267 0
vt 1.9629203081131 0.1413346529007 0
vt 1.97018480300903 0.1413346529007 0
vt 1.03557431697845 0.7997060418129 0
vt 1.02378451824188 0.79936450719833 0
vt 1.0234272480011 0.81029373407364 0
vt 1.99721801280975 0.6725400686264 0
vt 1.90956854820251 0.6725400686264 0
vt 1.90956854820251 0.75769686698914 0
vt 1.99721801280975 0.75769686698914 0
vt 1.90337586402893 0.13962697982788 0
vt 1.90349495410919 0.13655304908752 0
vt 1.97006571292877 0.12972235679626 0
vt 1.96268224716187 0.12995004653931 0
vt 1.97006571292877 0.13268232345581 0
vt 1.34163308143616 0.9301735162735 0
vt 1.97018480300903 0.13552844524384 0
vt 1.0240226984024 0.89909356832504 0
vt 1.02580904960632 0.85674285888672 0
vt 1.90325677394867 0.1239161491394 0
vt 1.98745274543762 0.12163925170898 0
vt 1.33877491950989 0.91070586442947 0
vt 1.34187126159668 0.91036432981491 0
vt 1.34115672111511 0.90193974971771 0
vt 1.9561322927475 0.13826084136963 0
vt 1.41272914409637 0.005744099617 0
vt 1.41570639610291 0.005744099617 0
vt 1.41570639610291 0.00278401374817 0
vt 1.41272914409637 0.00278401374817 0
vt 1.33222496509552 0.93495506048203 0
vt 1.3294860124588 0.93529659509659 0
vt 1.02997708320618 0.90125668048859 0
vt 1.02723813056946 0.90159821510315 0
vt 1.02437996864319 0.90193974971771 0
vt 1.54170262813568 0.00278401374817 0
vt 1.54170262813568 0.005744099617 0
vt 1.54467976093292 0.005744099617 0
vt 1.54467976093292 0.00278401374817 0
vt 1.0240226984024 0.78832143545151 0
vt 1.02699995040894 0.78843528032303 0
vt 1.93612539768219 0.13006389141083 0
vt 1.9561322927475 0.14110696315765 0
vt 1.73105406761169 0.36811590194702 0
vt 1.9493442773819 0.14156234264374 0
vt 1.34246671199799 0.91708123683929 0
vt 1.90337586402893 0.14270079135895 0
vt 1.02271270751953 0.8566290140152 0
vt 1.33043873310089 0.87074595689774 0
vt 1.03581249713898 0.78866297006607 0
# 328 texture coordinates

o model-00
usemtl mat--0000
f 35/4/4 42/3/3 20/2/2 40/1/1
f 27/8/8 37/7/7 26/6/6 25/5/5
f 44/12/12 50/11/11 47/10/10 46/9/9
f 16/15/15 17/14/14 1/13/13
f 98/20/19 126/19/18 99/18/17 97/17/16
f 126/19/18 98/20/19 108/22/21 125/21/20
f 9/25/24 10/24/23 3/23/22
f 1/28/27 17/27/26 4/26/25
f 11/32/30 3/31/29 10/30/29 13/29/28
f 20/36/34 41/35/33 25/34/32 21/33/31
f 4/40/38 5/39/37 11/38/36 15/37/35
f 12/42/41 9/41/40 3/31/39
f 21/45/44 25/5/5 24/44/43 22/43/42
f 11/32/30 12/42/29 3/31/29
f 57/49/48 58/48/47 52/47/46 51/46/45
f 14/52/51 2/51/50 15/50/49
f 22/43/42 39/54/53 40/53/52 21/45/44
f 33/57/56 36/56/55 18/55/54
f 47/61/60 50/60/59 49/59/58 48/58/57
f 37/65/64 38/64/63 33/63/62 26/62/61
f 34/67/66 19/66/65 40/53/52
f 54/71/70 55/70/69 56/69/68 53/68/67
f 6/73/72 7/72/71 5/39/37
f 42/76/76 34/75/75 33/63/74 43/74/73
f 39/54/53 23/78/78 18/77/77
f 42/76/81 43/74/80 32/79/79 20/36/34
f 24/44/43 25/5/5 26/6/6
f 27/8/8 28/81/83 38/80/82 37/7/7
f 17/27/26 2/51/85 8/82/84 4/26/25
f 28/81/83 27/8/8 29/83/86
f 26/62/61 33/63/62 18/85/88 23/84/87
f 23/84/89 39/88/90 22/87/90 24/86/89
f 31/91/93 32/90/92 43/89/91
f 27/8/8 25/5/5 41/92/94
f 29/95/96 30/94/95 28/93/95
f 41/92/94 32/90/92 31/91/93 30/96/97
f 35/4/4 40/1/1 19/66/65
f 31/97/98 43/74/73 33/63/74 38/64/96
f 14/99/99 15/37/35 11/38/36 13/98/36
f 34/75/75 36/100/95 33/63/74
f 10/30/100 2/51/50 14/52/51 13/29/100
f 204/104/104 203/103/103 160/102/102 159/101/101
f 26/62/105 23/84/89 24/86/89
f 35/106/107 19/105/106 34/75/75 42/76/76
f 40/107/31 20/36/34 21/33/31
f 16/15/15 1/13/13 4/40/38 15/37/35
f 41/35/33 20/36/34 32/79/79
f 2/51/50 17/27/108 16/108/100 15/50/49
f 44/111/111 46/110/110 45/109/109
f 27/8/8 41/92/94 30/96/97 29/83/86
f 31/97/98 38/64/96 28/93/95 30/94/95
f 49/113/114 50/11/113 48/112/112
f 36/56/55 34/67/66 18/55/54
f 44/12/116 45/114/115 48/112/112 50/11/113
f 51/117/118 52/116/118 56/115/117
f 136/121/122 137/120/121 132/119/120 133/118/119
f 47/61/60 48/58/57 45/109/109 46/110/110
f 51/46/123 56/69/123 55/70/123 57/49/123
f 105/125/127 95/124/126 106/123/125 103/122/124
f 65/129/131 88/128/130 75/127/129 74/126/128
f 8/82/84 7/131/133 5/130/132 4/26/25
f 52/47/46 58/48/47 59/132/134
f 198/136/138 197/135/137 212/134/136 169/133/135
f 173/140/142 174/139/141 163/138/140 164/137/139
f 182/144/146 152/143/145 153/142/144 154/141/143
f 121/147/149 116/146/148 118/145/147
f 66/152/154 71/151/153 64/150/152 63/149/151
f 82/156/158 84/155/157 76/154/156 78/153/155
f 200/158/160 199/157/159 164/137/139 163/138/140
f 79/162/164 77/161/163 90/160/162 91/159/161
f 205/164/166 204/104/104 159/101/101 158/163/165
f 124/168/170 123/167/169 129/166/168 128/165/167
f 77/161/163 88/170/172 89/169/171 90/160/162
f 63/149/151 64/150/152 73/172/174 70/171/173
f 137/120/121 117/174/176 131/173/175 132/119/120
f 96/176/178 98/20/19 97/17/16 95/175/177
f 211/180/182 120/179/181 119/178/180 210/177/179
f 200/184/186 201/183/185 191/182/184 192/181/183
f 201/183/185 202/186/188 190/185/187 191/182/184
f 171/190/192 172/189/191 165/188/190 167/187/189
f 94/192/194 96/176/178 95/175/177 105/191/193
f 199/194/196 200/184/186 192/181/183 193/193/195
f 122/197/199 123/167/169 112/196/198 114/195/197
f 40/53/52 39/54/53 18/77/77 34/67/66
f 184/201/203 206/200/202 157/199/201 156/198/200
f 168/202/204 198/136/138 169/133/135 167/187/189
f 180/206/208 179/205/207 187/204/206 186/203/205
f 62/208/210 66/152/154 63/149/151 61/207/209
f 145/212/214 183/211/213 155/210/212 144/209/211
f 178/213/215 179/205/207 158/163/165 159/101/101
f 104/215/193 105/125/127 103/122/124 102/214/124
f 103/122/124 106/123/125 107/217/217 101/216/216
f 179/205/207 180/206/208 157/199/201 158/163/165
f 84/155/157 85/218/218 75/127/129 76/154/156
f 147/222/222 151/221/221 143/220/220 141/219/219
f 197/226/223 214/225/223 213/224/223 212/223/223
f 92/228/225 79/162/164 91/159/161 83/227/224
f 168/232/229 166/231/228 194/230/227 195/229/226
f 77/234/163 79/233/164 78/153/155 76/154/156
f 88/128/130 77/234/163 76/154/156 75/127/129
f 172/189/191 173/140/142 164/137/139 165/188/190
f 204/237/104 205/236/231 187/204/206 188/235/230
f 100/239/233 101/216/216 94/192/194 93/238/232
f 87/241/235 64/150/152 71/151/153 86/240/234
f 2/243/237 10/24/23 9/25/24 8/242/236
f 125/21/20 124/168/170 128/165/167 126/19/18
f 181/245/239 180/206/208 186/203/205 185/244/238
f 117/174/176 115/247/241 130/246/240 131/173/175
f 166/248/242 168/202/204 167/187/189 165/188/190
f 199/157/159 166/248/242 165/188/190 164/137/139
f 107/217/217 108/22/21 98/20/19 96/176/178
f 173/140/142 172/189/191 194/230/227 193/193/195
f 121/148/150 120/179/181 133/118/119 132/119/120
f 101/216/216 107/217/217 96/176/178 94/192/194
f 136/250/244 135/249/243 210/177/179 119/178/180
f 182/144/146 181/245/239 185/244/238 183/211/213
f 183/211/213 185/244/238 184/251/245 155/210/212
f 176/253/247 175/252/246 191/182/184 190/185/187
f 95/124/126 97/255/249 109/254/248 106/123/125
f 202/259/253 201/258/252 162/257/251 161/256/250
f 205/236/231 206/260/202 186/203/205 187/204/206
f 142/263/256 144/262/255 153/142/144 150/261/254
f 155/264/257 184/201/203 156/198/200 154/141/143
f 5/39/37 7/266/258 12/265/12 11/38/36
f 206/200/202 205/164/166 158/163/165 157/199/201
f 115/268/260 117/267/259 116/146/148 114/195/197
f 172/189/191 171/190/192 195/229/226 194/230/227
f 201/258/252 200/158/160 163/138/140 162/257/251
f 203/103/103 202/259/253 161/256/250 160/102/102
f 113/270/262 127/269/261 128/165/167 129/166/168
f 174/139/141 173/140/142 193/193/195 192/181/183
f 176/253/247 177/271/263 160/102/102 161/256/250
f 106/123/125 109/254/248 108/22/21 107/217/217
f 120/179/181 121/148/150 118/145/147 119/178/180
f 206/260/202 184/251/245 185/244/238 186/203/205
f 171/190/192 170/273/265 196/272/264 195/229/226
f 86/240/234 71/151/153 72/274/266 74/126/128
f 123/167/169 122/197/199 130/246/240 129/166/168
f 148/277/269 149/276/268 147/222/222 146/275/267
f 84/155/157 82/156/158 91/159/161 90/160/162
f 125/21/20 108/22/21 109/254/248 110/278/270
f 60/282/274 69/281/273 67/280/272 207/279/271
f 140/283/275 142/263/256 150/261/254 149/276/268
f 141/219/219 143/220/220 142/285/276 140/284/275
f 58/289/36 57/288/35 55/287/35 54/286/36
f 81/291/278 82/156/158 78/153/155 80/290/277
f 208/294/280 61/207/209 69/293/273 60/292/279
f 137/295/281 136/250/244 119/178/180 118/145/147
f 207/279/271 67/280/272 62/208/210 209/296/282
f 126/19/18 128/165/167 127/269/261 99/18/17
f 198/297/283 168/232/229 195/229/226 196/272/264
f 102/214/124 103/122/124 101/216/216 100/239/233
f 177/271/263 176/253/247 190/185/187 189/298/284
f 52/116/118 59/300/286 53/299/285 56/115/117
f 179/205/207 178/213/215 188/235/230 187/204/206
f 178/213/215 177/271/263 189/298/284 188/235/230
f 121/147/149 122/197/199 114/195/197 116/146/148
f 61/207/209 63/149/151 70/171/173 69/293/273
f 175/252/246 174/139/141 192/181/183 191/182/184
f 99/303/288 127/302/261 111/301/287 110/278/270
f 121/148/150 132/119/120 131/173/175
f 68/304/289 72/274/266 71/151/153 66/152/154
f 67/280/272 68/304/289 66/152/154 62/208/210
f 135/308/291 134/307/292 211/306/291 210/305/290
f 83/227/224 91/159/161 82/156/158 81/291/278
f 143/220/220 145/212/214 144/209/211 142/285/276
f 135/310/294 136/121/122 133/118/119 134/309/293
f 213/311/295 170/273/265 169/133/135 212/134/136
f 209/296/282 62/208/210 61/207/209 208/294/280
f 120/179/181 211/180/182 134/309/293 133/118/119
f 150/261/254 153/142/144 152/143/145 151/221/221
f 197/313/297 198/297/283 196/272/264 214/312/296
f 170/273/265 213/311/295 214/312/296 196/272/264
f 207/317/300 209/316/300 208/315/299 60/314/298
f 139/319/302 141/219/219 140/284/275 138/318/301
f 64/150/152 87/241/235 65/320/303 73/172/174
f 69/281/273 70/321/304 68/304/289 67/280/272
f 124/168/170 125/21/20 110/278/270 111/301/287
f 177/271/263 178/213/215 159/101/101 160/102/102
f 170/273/265 171/190/192 167/187/189 169/133/135
f 151/221/221 152/143/145 145/212/214 143/220/220
f 144/262/255 155/264/257 154/141/143 153/142/144
f 87/241/235 89/169/171 88/170/172 65/320/303
f 85/218/218 86/240/234 74/126/128 75/127/129
f 123/167/169 124/168/170 111/301/287 112/196/198
f 8/82/305 9/41/40 12/42/41 7/322/39
f 73/323/306 65/129/131 74/126/128 72/274/266
f 180/206/208 181/245/239 156/198/200 157/199/201
f 70/321/304 73/323/306 72/274/266 68/304/289
f 97/255/249 99/303/288 110/278/270 109/254/248
f 113/324/307 115/268/260 114/195/197 112/196/198
f 127/302/261 113/324/307 112/196/198 111/301/287
f 122/197/199 121/147/149 131/173/175 130/246/240
f 175/252/246 176/253/247 161/256/250 162/257/251
f 79/233/164 92/325/225 80/290/277 78/153/155
f 183/211/213 145/212/214 152/143/145 182/144/146
f 181/245/239 182/144/146 154/141/143 156/198/200
f 86/240/234 85/218/218 89/169/171 87/241/235
f 85/218/218 84/155/157 90/160/162 89/169/171
f 174/139/141 175/252/246 162/257/251 163/138/140
f 202/186/188 203/326/308 189/298/284 190/185/187
f 59/132/311 58/48/311 54/71/310 53/68/309
f 93/238/232 94/192/194 105/191/193 104/327/312
f 146/275/267 147/222/222 141/219/219 139/319/302
f 117/267/259 137/295/281 118/145/147 116/146/148
f 115/247/241 113/270/262 129/166/168 130/246/240
f 203/326/308 204/237/104 188/235/230 189/298/284
f 166/231/228 199/194/196 193/193/195 194/230/227
f 149/276/268 150/261/254 151/221/221 147/222/222
f 138/328/313 140/283/275 149/276/268 148/277/269

v -1.97419655323029 -0.0000141758037 -0.00194864801597
v -2.0963180065155 -0.00001417545445 -0.0835275426507
v -1.96865785121918 0.02433371730149 -0.00912470370531
v -1.96459949016571 0.0409185141325 -0.01370047498494
v -1.96865785121918 0.08361554145813 -0.00912470277399
v -2.30119299888611 0.31862562894821 -0.23287977278233
v -2.29339671134949 0.38955211639404 -0.2146684974432
v -2.30599141120911 0.37684884667397 -0.2270038574934
v -2.38112163543701 0.38814061880112 -0.13205201923847
v -2.43467688560486 0.45694985985756 0.05007182434201
v -2.30802059173584 -0.00001417485691 -0.22471597790718
v -2.023113489151 0.14148588478565 0.05972319096327
v -2.03142166137695 0.1506604552269 0.07048731297255
v -2.33011651039124 0.43224912881851 -0.09784831851721
v -2.04655742645264 0.15489487349987 0.08941518515348
v -2.49114346504211 -0.00001418460215 0.00759400753304
v -2.28420662879944 0.10761056095362 -0.25505802035332
v -2.49114346504211 0.40472540259361 0.00759401917458
v -2.42719912528992 0.44389376044273 0.05863308161497
v -2.32780528068542 0.34614929556847 0.1367409825325
v -2.1776237487793 0.192298874259 0.25581523776054
v -2.1776237487793 -0.00001418662123 0.25581523776054
v -1.69894576072693 0.2226455360651 -0.06043596193194
v -1.7994202375412 -0.01271742209792 0.04074546694756
v -2.0386860370636 0.08114546537399 -0.12732577323914
v -1.53922474384308 -0.01307027507573 -0.34480479359627
v -1.56700503826141 -0.0021313666366 -0.36492499709129
v -1.53313732147217 -0.00001415840597 -0.35166841745377
v -1.62056231498718 0.01904071308672 -0.40230324864388
v -1.74177968502045 0.05891479551792 -0.44463193416595
v -1.83461630344391 0.08926144242287 -0.47682812809944
v -2.04811716079712 0.08079259842634 -0.11203644424677
v -1.8715455532074 0.01163046993315 0.01173309888691
v -1.95042514801025 0.27698722481728 -0.20705482363701
v -1.78635215759277 0.03527262434363 0.03183054551482
v -1.85180449485779 0.00386737356894 0.0255547054112
v -1.80368292331696 -0.00071991048753 0.04950880631804
v -2.36491632461548 0.12666544318199 -0.36470711231232
v -2.77453017234802 0.30874532461166 -0.58069831132889
v -2.75384259223938 0.24664056301117 -0.60937732458115
v -2.83107924461365 0.3341518342495 -0.49668738245964
v -2.64710140228271 0.25369793176651 -0.20343005657196
v -2.72277641296387 0.09984745085239 0.07369863241911
v -2.72606706619263 0.04303570464253 0.0348113104701
v -2.36946082115173 0.1287826448679 -0.33630603551865
v -2.53416085243225 0.11008062958717 -0.01001096423715
v -2.61703562736511 0.08714420348406 0.05642949044704
v -2.42830061912537 0.15630634129047 -0.12448099255562
v -2.43213033676147 0.13795720040798 -0.09222999215126
v -2.8605694770813 -0.01201170217246 0.00816017668694
v -2.74188494682312 0.22476275265217 -0.61634200811386
v -2.89547038078308 0.09032002091408 -0.01859632320702
v -2.79656910896301 0.31862562894821 -0.57516932487488
v -2.8834388256073 0.0208050198853 0.03301448374987
v -2.90233850479126 0.06350205093622 0.03430537506938
v -2.90519785881042 0.05221027135849 0.05591859668493
v -2.61588954925537 -0.01201167795807 -0.68577772378922
v -2.38877439498901 0.13795720040798 -0.21560141444206
v -2.52701497077942 0.04585866630077 -0.26503965258598
v -2.60693430900574 0.06985367834568 -0.09276121854782
v -2.46911954879761 0.06067911535501 -0.21486204862595
v -2.41847729682922 -0.00001417368549 -0.32805967330933
v -2.36170506477356 0.01657062210143 -0.2733568251133
v -2.36518692970276 -0.00001417331077 -0.31063157320023
v -2.51334309577942 -0.00001417438307 -0.35796797275543
v -2.48477101325989 -0.00001417415842 -0.34944802522659
v -2.58080410957336 -0.00001417844578 -0.25606742501259
v -2.44989037513733 -0.00001417871954 -0.17206507921219
v -2.55365705490112 -0.00001418330612 -0.07275806367397
v -2.35110068321228 -0.0000141743576 -0.26645866036415
v -2.63707518577576 0.03421401232481 -0.11766853928566
v -2.56858849525452 -0.00001418397915 -0.05801774188876
v -2.6593554019928 -0.00001418318152 -0.13723975419998
v -2.15316462516785 0.40013813972473 -0.70983582735062
v -2.36658120155334 0.40013813972473 -0.50854569673538
v -2.07478046417236 0.05926766246557 -0.53867322206497
v -2.43498682975769 0.33979770541191 -0.40115740895271
v -2.42094659805298 0.40013813972473 -0.45772296190262
v -2.44814538955688 0.40013813972473 -0.63073223829269
v -2.58532023429871 0.22335128486156 -1.07638692855835
v -2.58826661109924 0.13619288802147 -1.11077415943146
v -2.3897111415863 -0.00001414898452 -1.16472280025482
v -2.61413717269897 0.12701833248138 -1.03598129749298
v -2.56672215461731 0.09526019543409 -0.65089869499207
v -2.16358828544617 -0.00001416461237 -0.49626940488815
v -2.61788940429688 0.00316164782271 -0.7626656293869
v -2.06933188438416 0.03703697770834 -0.52782410383224
v -2.06098699569702 -0.00001416254327 -0.50930041074753
v -2.08365201950073 -0.00001416351552 -0.48863366246223
v -2.50716090202332 0.40013813972473 -1.00692522525787
v -2.476891040802 0.40013813972473 -1.00776815414429
v -2.29052543640137 0.40013816952705 -1.00840151309967
v -2.46419596672058 0.27310565114021 -0.42897742986679
v -2.46891713142395 0.24805203080177 -0.43855169415474
v -2.51246690750122 -0.00001416929808 -0.53306978940964
v -2.42401361465454 -0.0000141495575 -1.16445410251617
v -2.43512964248657 -0.00001415038059 -1.14237689971924
v -2.36219787597656 -0.00001414853614 -1.16455268859863
v -2.14928245544434 -0.08505536615849 -0.23935703933239
v -1.83056831359863 -0.1619805842638 -0.00281186890788
v -1.83204877376556 -0.15280601382256 -0.00021158321761
v -1.83537971973419 -0.13128106296062 0.00563906598836
v -2.18479990959167 0.11572653055191 -0.17952510714531
v -1.83686017990112 -0.12140076607466 0.00823936425149
v -2.18164944648743 0.19124028086662 -0.14932538568974
v -1.8797082901001 0.00104443205055 -0.07985379546881
v -2.11511826515198 -0.10728604346514 -0.28532609343529
v -1.93035447597504 -0.15245313942432 -0.14914539456367
v -1.80161154270172 -0.08117381483316 -0.03452984988689
v -1.79511535167694 -0.18491700291634 -0.04976868256927
v -2.15593147277832 -0.08082094788551 -0.23023077845573
v -2.13796377182007 0.27275279164314 -0.22860895097256
v -2.1807804107666 0.22405701875687 -0.17637580633163
v -2.19350409507751 0.1795956492424 -0.16296090185642
v -2.11804056167603 0.51517313718796 -0.2878505885601
v -2.10448837280273 0.51340878009796 -0.28357797861099
v -2.10099148750305 0.53563946485519 -0.28589111566544
v -2.10761499404907 0.49188381433487 -0.28191488981247
v -2.12116718292236 0.49258956313133 -0.28618749976158
v -2.10762786865234 0.4703588783741 -0.27933987975121
v -2.12100148200989 0.46647733449936 -0.28264999389648
v -2.09407544136047 0.44283518195152 -0.27506726980209
v -2.07832837104797 0.41213566064835 -0.26954501867294
v -2.06670212745667 0.38461196422577 -0.28358474373817
v -2.06376528739929 0.36908575892448 -0.32064810395241
v -2.07807064056396 0.36696854233742 -0.32104554772377
v -2.06119847297668 0.35461816191673 -0.35706141591072
v -2.07788848876953 0.34262067079544 -0.39410877227783
v -2.10504269599915 0.33274036645889 -0.42936676740646
v -2.13164830207825 0.32321292161942 -0.46431231498718
v -2.15794634819031 0.32038998603821 -0.52404570579529
v -2.18494606018066 0.31862562894821 -0.59020400047302
v -2.21102690696716 0.31721416115761 -0.65669995546341
v -2.22426056861877 0.31756702065468 -0.65132254362106
v -2.21102690696716 0.33132889866829 -0.65669995546341
v -2.1845760345459 0.33274036645889 -0.59085404872894
v -2.1584951877594 0.33450469374657 -0.52435809373856
v -2.13200545310974 0.33732762932777 -0.46623727679253
v -2.10612726211548 0.34650221467018 -0.43256658315659
v -2.07897305488586 0.35638251900673 -0.39730861783028
v -2.06301045417786 0.36802715063095 -0.36153614521027
v -2.06575584411621 0.38214188814163 -0.32608529925346
v -2.0679395198822 0.39484512805939 -0.29289710521698
v -2.07605624198914 0.41495859622955 -0.28374555706978
v -2.09015727043152 0.44248229265213 -0.28833058476448
v -2.10388803482056 0.46930027008057 -0.2935656607151
v -2.10369658470154 0.4901194870472 -0.29517823457718
v -2.10019993782043 0.51164442300797 -0.29749137163162
v -2.0970733165741 0.5338751077652 -0.29915443062782
v -2.11412215232849 0.51340878009796 -0.30111390352249
v -2.11062550544739 0.53563946485519 -0.30342704057693
v -2.11399507522583 0.53740382194519 -0.28985130786896
v -2.22389054298401 0.33168175816536 -0.65197259187698
v -2.11724877357483 0.49082520604134 -0.29945084452629
v -2.1172616481781 0.4657715857029 -0.2968758046627
v -2.10206317901611 0.43577781319618 -0.29166597127914
v -2.08888101577759 0.40966558456421 -0.28674328327179
v -2.08150482177734 0.39202219247818 -0.29459467530251
v -2.07951235771179 0.38002467155457 -0.32617035508156
v -2.07715010643005 0.36696854233742 -0.35839608311653
v -2.09093070030212 0.3567353785038 -0.39034390449524
v -2.11735773086548 0.34756082296371 -0.42432701587677
v -2.14433336257935 0.33803337812424 -0.45862248539925
v -2.17118000984192 0.33485755324364 -0.5186682343483
v -2.19780969619751 0.33344608545303 -0.5854766368866
v -2.19817972183228 0.31933137774467 -0.58482652902603
v -2.17118000984192 0.32074284553528 -0.5186682343483
v -2.14397597312927 0.32391867041588 -0.45669755339622
v -2.11627316474915 0.33379897475243 -0.42112717032433
v -2.08984613418579 0.34332638978958 -0.38714408874512
v -2.07533812522888 0.35391244292259 -0.35392135381699
v -2.08026742935181 0.38178899884224 -0.2852823138237
v -2.091153383255 0.406842648983 -0.27254274487495
v -2.10635161399841 0.43648356199265 -0.27775257825851
v -2.58220195770264 0.46047857403755 -0.37995585799217
v -2.57647156715393 0.47000601887703 -0.38874444365501
v -2.55467581748962 0.46259579062462 -0.38236078619957
v -2.53952884674072 0.4460109770298 -0.36685085296631
v -2.53233098983765 0.45518556237221 -0.37566474080086
v -2.50982069969177 0.44424664974213 -0.36543115973473
v -2.49729037284851 0.41531145572662 -0.34022068977356
v -2.5765233039856 0.47953343391418 -0.37844434380531
v -2.55472731590271 0.47212320566177 -0.37206068634987
v -2.58225345611572 0.47000601887703 -0.36965575814247
v -2.56045746803284 0.46259579062462 -0.3632720708847
v -2.56040596961975 0.45306834578514 -0.37357220053673
v -2.53958034515381 0.45553842186928 -0.35655075311661
v -2.53275275230408 0.46471297740936 -0.36471456289291
v -2.50932335853577 0.4537740945816 -0.35481867194176
v -2.5188946723938 0.4460109770298 -0.34821689128876
v -2.51884317398071 0.43648356199265 -0.35851699113846
v -2.4973418712616 0.4248389005661 -0.32992056012154
v -2.47451281547546 0.4022553563118 -0.31003695726395
v -2.44925880432129 0.38073039054871 -0.29824137687683
v -2.42339181900024 0.36343985795975 -0.29900851845741
v -2.42810010910034 0.35744112730026 -0.31115779280663
v -2.39752459526062 0.34579646587372 -0.29977566003799
v -2.37323927879334 0.33450469374657 -0.31435513496399
v -2.38291168212891 0.33132889866829 -0.32416599988937
v -2.35350918769836 0.32921168208122 -0.33497136831284
v -2.33284759521484 0.32391867041588 -0.35850030183792
v -2.34640002250671 0.32180145382881 -0.36277291178703
v -2.338294506073 0.32144859433174 -0.40636226534843
v -2.35051727294922 0.31968423724174 -0.45636054873466
v -2.3641083240509 0.31827276945114 -0.45290809869766
v -2.36256146430969 0.31827276945114 -0.50539636611938
v -2.36402916908264 0.3323874771595 -0.50537109375
v -2.35198473930359 0.33379897475243 -0.4563353061676
v -2.34031057357788 0.33521044254303 -0.40664941072464
v -2.33430242538452 0.33768051862717 -0.36105006933212
v -2.35422372817993 0.34297353029251 -0.33882129192352
v -2.3726646900177 0.34791368246078 -0.31919279694557
v -2.39345335960388 0.35708823800087 -0.30692645907402
v -2.41693425178528 0.3733201622963 -0.30652225017548
v -2.44078516960144 0.38955211639404 -0.30546796321869
v -2.46347403526306 0.40931272506714 -0.31666401028633
v -2.48612451553345 0.43119052052498 -0.33558511734009
v -2.48662161827087 0.42166310548782 -0.34619763493538
v -2.47518873214722 0.39343366026878 -0.32161197066307
v -2.46451997756958 0.4004909992218 -0.32758891582489
v -2.44347715377808 0.3824947476387 -0.3173300921917
v -2.42109370231628 0.36732143163681 -0.3183591067791
v -2.39908051490784 0.35250097513199 -0.31873804330826
v -2.38196706771851 0.34438499808311 -0.3296537399292
v -2.36426639556885 0.33979770541191 -0.34798207879066
v -2.34730577468872 0.3355633020401 -0.36501026153564
v -2.35408020019531 0.33379897475243 -0.40415942668915
v -2.36557579040527 0.3323874771595 -0.45288282632828
v -2.37816882133484 0.33062314987183 -0.50223106145859
v -2.37615251541138 0.31686130166054 -0.50194388628006
v -2.35206389427185 0.31968423724174 -0.40387228131294
v -2.36410069465637 0.32638874650002 -0.34444457292557
v -2.40370059013367 0.34085631370544 -0.31189966201782
v -2.4519510269165 0.37367305159569 -0.31010350584984
v -2.33510851860046 0.21841114759445 -1.37293446063995
v -2.32447838783264 0.2275857180357 -1.37118637561798
v -2.35120177268982 0.23182013630867 -1.3459438085556
v -2.340571641922 0.24099470674992 -1.34419572353363
v -2.36674618721008 0.24487625062466 -1.31864082813263
v -2.35611629486084 0.2540508210659 -1.31689274311066
v -2.38374543190002 0.25934383273125 -1.29388749599457
v -2.37311553955078 0.26887127757072 -1.2921394109726
v -2.33140730857849 0.23711316287518 -1.37943530082703
v -2.34713053703308 0.25016927719116 -1.3530946969986
v -2.34203743934631 0.2275857180357 -1.381183385849
v -2.35721182823181 0.24099470674992 -1.35453033447266
v -2.37330508232117 0.2540508210659 -1.3275398015976
v -2.36267518997192 0.26322537660599 -1.32579159736633
v -2.37838530540466 0.2769872546196 -1.30202603340149
v -2.38901543617249 0.26745980978012 -1.30377423763275
v -2.40689492225647 0.28404459357262 -1.28640830516815
v -2.40273523330688 0.27663436532021 -1.27457141876221
v -2.42717337608337 0.30239373445511 -1.26610445976257
v -2.43594193458557 0.31580272316933 -1.23666512966156
v -2.42825984954834 0.30451095104218 -1.23229146003723
v -2.43134951591492 0.32286009192467 -1.201340675354
v -2.42420339584351 0.31086257100105 -1.19985437393188
v -2.4274845123291 0.32956457138062 -1.1672910451889
v -2.41305375099182 0.33027032017708 -1.1186181306839
v -2.4066219329834 0.31791993975639 -1.12098181247711
v -2.39552235603333 0.32850596308708 -1.06645822525024
v -2.38872051239014 0.31650847196579 -1.06947207450867
v -2.37799096107483 0.32709446549416 -1.01429843902588
v -2.37118887901306 0.31474411487579 -1.01731216907501
v -2.36604619026184 0.33415186405182 -1.01868808269501
v -2.38394784927368 0.33556333184242 -1.07019793987274
v -2.40147924423218 0.3373276591301 -1.12235772609711
v -2.41573119163513 0.33662194013596 -1.17006814479828
v -2.41959619522095 0.32991743087769 -1.20411777496338
v -2.42346119880676 0.32321295142174 -1.23816740512848
v -2.41580319404602 0.31086257100105 -1.26565647125244
v -2.3971836566925 0.29357203841209 -1.28432250022888
v -2.39265394210815 0.28616181015968 -1.27313578128815
v -2.42116332054138 0.29321917891502 -1.25751805305481
v -2.4096143245697 0.30204087495804 -1.25610756874084
v -2.41632795333862 0.31192117929459 -1.23410618305206
v -2.41245007514954 0.31827279925346 -1.20263159275055
v -2.4083936214447 0.32462441921234 -1.1701945066452
v -2.39449858665466 0.32497727870941 -1.12440896034241
v -2.37714576721191 0.32356581091881 -1.07321166992188
v -2.35961437225342 0.32180148363113 -1.02105176448822
v -2.42014670372009 0.317567050457 -1.16741728782654
v -2.68007922172546 0.38919922709465 -0.94440615177155
v -2.64393925666809 0.36661568284035 -0.9453501701355
v -2.64351749420166 0.37614312767982 -0.95630031824112
v -2.60737752914429 0.35391244292259 -0.95724433660507
v -2.60548830032349 0.36273413896561 -0.96821975708008
v -2.57620191574097 0.34226778149605 -0.95584988594055
v -2.56881260871887 0.34897229075432 -0.96627628803253
v -2.55413889884949 0.33274036645889 -0.92951607704163
v -2.67406892776489 0.39872667193413 -0.93581968545914
v -2.63750743865967 0.38567054271698 -0.94771379232407
v -2.67412042617798 0.38919922709465 -0.92551958560944
v -2.63755893707275 0.37614312767982 -0.93741369247437
v -2.68013072013855 0.3796718120575 -0.93410605192184
v -2.60283493995666 0.36379274725914 -0.94863253831863
v -2.60094571113586 0.37261444330215 -0.95960801839828
v -2.56830239295959 0.36061692237854 -0.95823884010315
v -2.57569169998169 0.35391244292259 -0.94781237840652
v -2.55637240409851 0.34544360637665 -0.92304062843323
v -2.53448796272278 0.33591616153717 -0.89766931533813
v -2.53189730644226 0.32321292161942 -0.90221977233887
v -2.51617765426636 0.33203461766243 -0.85453468561172
v -2.5117621421814 0.31862562894821 -0.85718548297882
v -2.49809741973877 0.33027029037476 -0.8020623922348
v -2.49350333213806 0.31721416115761 -0.80375075340271
v -2.48020887374878 0.32885882258415 -0.74797761440277
v -2.46734523773193 0.33344608545303 -0.75270491838455
v -2.48560404777527 0.33521044254303 -0.80613970756531
v -2.50331401824951 0.33662191033363 -0.85926204919815
v -2.52290034294128 0.34085631370544 -0.90398389101028
v -2.54551219940186 0.35073661804199 -0.93063014745712
v -2.5436487197876 0.33803337812424 -0.9364555478096
v -2.51976108551025 0.32815307378769 -0.90822201967239
v -2.49944734573364 0.32356578111649 -0.86222523450851
v -2.48100996017456 0.32180145382881 -0.80782800912857
v -2.46275115013123 0.32003709673882 -0.75439327955246
v -2.47561454772949 0.31544983386993 -0.74966591596603
# 318 vertices

vn 0.49104037880898 0.87067252397537 0.02843802981079
vn 0.83849573135376 0.30338475108147 -0.45263957977295
vn 0.68275791406631 -0.5641627907753 -0.46428659558296
vn 0.90511250495911 0.27541196346283 -0.3239129781723
vn 0.3404186964035 -0.1668810993433 0.92534631490707
vn 0.05650064349174 -0.67722648382187 0.73360204696655
vn 0.05647068843246 -0.677210688591 0.73361891508102
vn -0.25231903791428 0.74736309051514 -0.61464095115662
vn -0.04162600636482 0.77129995822906 -0.63510918617249
vn -0.04712535068393 0.99688243865967 -0.06328172236681
vn -0.23006962239742 0.96906119585037 -0.08937776088715
vn -0.66311037540436 0.74851876497269 0.00206255167723
vn -0.16294062137604 0.80101537704468 0.57604229450226
vn -0.16656488180161 0.8028239607811 0.57247692346573
vn -0.84386956691742 0.50685918331146 0.17600537836552
vn 0.90510696172714 0.38900569081306 -0.17162749171257
vn 0.26853537559509 0.45760080218315 -0.84763807058334
vn 0.26850861310959 0.45735844969749 -0.84777730703354
vn 0.48391628265381 0.28156831860542 -0.82857972383499
vn -0.38732245564461 0.71114325523376 -0.5867338180542
vn -0.87014067173004 0.36403778195381 -0.33216223120689
vn 0.22703488171101 0.59135317802429 -0.77379363775253
vn 0.23094429075718 0.59345495700836 -0.77102267742157
vn 0.05281284824014 0.95013123750687 -0.30734574794769
vn -0.0660016015172 0.93646025657654 -0.34450834989548
vn 0 -0.99999761581421 0.00218756287359
vn 0.15228496491909 0 -0.988336622715
vn 0.15225444734097 0 -0.98834133148193
vn 0.15231548249722 0 -0.98833191394806
vn 0.15231548249722 0.00006250122533 -0.98833191394806
vn -0.0340320058167 0.77167338132858 -0.6351078748703
vn 0.93582451343536 0.33300426602364 -0.11550148576498
vn -0.20944371819496 0.87865108251572 0.42907524108887
vn -0.42885237932205 0.89848685264587 0.09384564310312
vn -0.43575754761696 0.89560931921005 0.08943904936314
vn 0.07184571027756 -0.11434686928988 -0.9908395409584
vn 0.05468862503767 -0.73010873794556 -0.68113899230957
vn 0.31938222050667 -0.82170611619949 -0.47201070189476
vn 0.07184544950724 -0.11940907686949 -0.99024224281311
vn -0.04709446430206 0.65513491630554 0.75404268503189
vn -0.34297320246696 0.88473027944565 0.31562912464142
vn -0.06562633812428 -0.92714393138886 -0.36891376972198
vn -0.06631353497505 -0.92710816860199 -0.36888074874878
vn -0.06634580343962 -0.92709118127823 -0.3689176440239
vn -0.06600164622068 -0.9270544052124 -0.36907172203064
vn 0.1523460149765 0 -0.98832720518112
vn -0.15225444734097 0 0.98834133148193
vn -0.1523460149765 0 0.98832720518112
vn 0.74317538738251 -0.63795393705368 0.20175518095493
vn 0.94806843996048 -0.28265801072121 0.14584466814995
vn 0.98579168319702 0.07534454017878 -0.15012659132481
vn 0.94805693626404 -0.2826951444149 0.14584769308567
vn -0.81235444545746 -0.00006250082515 -0.58316397666931
vn -0.81235444545746 0.00003125041258 -0.58316397666931
vn -0.81243491172791 0.0000937533041 -0.58305186033249
vn 0 -0.99999749660492 0.00225006463006
vn -0.05975214391947 0.29082295298576 0.95490926504135
vn -0.40800824761391 -0.16184702515602 0.89851814508438
vn 0.86911934614182 -0.40901204943657 0.27810195088387
vn 0.67576384544373 -0.70254564285278 0.22309832274914
vn 0.97848320007324 0.08296997845173 0.18890903890133
vn 0.9784774184227 0.08296948671341 0.18893918395042
vn 0.68277984857559 -0.5641496181488 -0.46427029371262
vn 0.67795234918594 -0.56995004415512 -0.46426022052765
vn -0.812420129776 -0.00021875373204 -0.58307242393494
vn -0.81269323825836 0.00034375244286 -0.58269166946411
vn -0.76540148258209 0.32676130533218 0.55442547798157
vn -0.44185677170753 0.48592057824135 0.75408470630646
vn 0.00365630746819 0.78613740205765 -0.61804097890854
vn 0.02265637181699 0.7692853808403 -0.63850343227386
vn 0.18925432860851 -0.94295907020569 0.27388128638268
vn 0.10347214341164 -0.9389683008194 0.32807326316833
vn -0.96451783180237 -0.22816045582294 0.13284620642662
vn -0.78730553388596 -0.04900151118636 0.61461275815964
vn -0.02078158222139 -0.95270276069641 0.30319234728813
vn -0.02081262134016 -0.95269310474396 0.30322051048279
vn 0.53807264566422 -0.4646962583065 -0.70323199033737
vn -0.85127550363541 0.49729615449905 -0.16741126775742
vn -0.65741610527039 0.75344878435135 0.01090641319752
vn -0.36847761273384 0.90933436155319 -0.19322338700294
vn -0.8614884018898 0.49732384085655 -0.10250233858824
vn 0.67507386207581 -0.70838695764542 0.20606596767902
vn 0.9429172873497 -0.297253459692 0.1501580029726
vn -0.83700585365295 -0.53909754753113 0.0937819108367
vn -0.83698242902756 -0.53913378715515 0.09378278255463
vn -0.83699649572372 -0.53911161422729 0.09378436207771
vn 0.94168496131897 0.33335390686989 -0.04587639868259
vn 0.54645782709122 0.62121057510376 -0.56167715787888
vn 0.55210691690445 0.61620217561722 -0.56166964769363
vn -0.54511153697968 0.82318305969238 -0.15881767868996
vn -0.54498428106308 0.82327347993851 -0.15878577530384
vn -0.54507553577423 0.82320713996887 -0.15881629288197
vn -0.54500621557236 0.82325947284698 -0.15878307819366
vn -0.54504764080048 0.82324349880218 -0.15872353315353
vn 0.81232905387878 0 0.58319938182831
vn 0.81235444545746 0.00003125041258 0.58316397666931
vn 0.81232893466949 0.00046875950648 0.58319932222366
vn 0.81234383583069 -0.00003125120566 0.58317875862122
vn 0.49888306856155 0.09775158762932 -0.86113893985748
vn 0.51614326238632 0.35541883111 -0.77927762269974
vn -0.85343056917191 0.30704000592232 -0.42116823792458
vn -0.76670718193054 0.42663595080376 -0.47973108291626
vn 0.95511996746063 -0.07534581422806 0.28647661209106
vn 0.83900904655457 0.53597456216812 -0.09378226101398
vn 0.83895754814148 0.53604400157928 -0.09384599328041
vn 0.83899736404419 0.53598701953888 -0.09381569176912
vn 0.63602966070175 0.63871729373932 -0.43302020430565
vn -0.0301884431392 0.96128004789352 -0.27391481399536
vn 0.98865681886673 0 0.15019233524799
vn 0.98864752054214 0 0.15025341510773
vn 0.98866677284241 0 0.15012660622597
vn 0.98865216970444 0 0.15022286772728
vn 0.19487860798836 0.9509864449501 -0.24009822309017
vn 0.49101713299751 0.87068665027618 0.02840724028647
vn 0.98864752054214 -0.00009375213267 0.15025341510773
vn 0.58519774675369 0.35166236758232 0.7306689620018
vn -0.15878693759441 0.45464125275612 0.87640631198883
vn -0.8020840883255 0.36591610312462 0.4719814658165
vn -0.14309595525265 0.51091414690018 0.84763807058334
vn -0.17860001325607 0.5790827870369 -0.79546535015106
vn -0.30988010764122 0.79757565259933 -0.51753979921341
vn -0.20600329339504 0.91273325681686 -0.35281813144684
vn -0.43615984916687 0.84113186597824 -0.31978389620781
vn -0.97980910539627 0.13172249495983 -0.15041053295135
vn -0.71310460567474 0.07521989196539 0.69701063632965
vn -0.35850942134857 -0.0782208070159 0.93024325370789
vn 0.50786513090134 0.68865394592285 -0.51752173900604
vn 0.33932024240494 -0.29672554135323 0.89264535903931
vn 0.58536720275879 0.34517005085945 0.73362308740616
vn -0.93783777952194 -0.34041541814804 -0.06765807420015
vn -0.93782782554626 -0.34044304490089 -0.06765735894442
vn -0.98549890518188 -0.13181653618813 -0.10684701800346
vn -0.93785548210144 -0.34037923812866 -0.06759459525347
vn 0.0718459635973 -0.11431603133678 -0.99084305763245
vn 0.07181461900473 -0.1143471300602 -0.99084174633026
vn 0.16103176772594 -0.37406370043755 0.91331547498703
vn 0.16103637218475 -0.37407436966896 0.91331028938293
vn 0.16106680035591 -0.37407249212265 0.91330569982529
vn 0.83898329734802 0.53600925207138 -0.09381411969662
vn 0.1610032171011 -0.37403872609138 0.91333073377609
vn -0.06625091284513 -0.9271377325058 -0.36881759762764
vn -0.06603161245584 -0.9270675778389 -0.36903327703476
vn -0.9901419878006 -0.07918886095285 -0.1155332326889
vn -0.14237785339355 0.04037580639124 0.9889885187149
vn -0.14237767457962 0.04040700942278 0.98898726701736
vn -0.14234687387943 0.04043838754296 0.98899042606354
vn -0.06609535962343 -0.92708510160446 -0.36897772550583
vn -0.06603237241507 -0.92707824707031 -0.36900627613068
vn -0.07909489423037 0.90166926383972 0.42513117194176
vn -0.04893899336457 0.6682391166687 0.74233514070511
vn -0.02075034566224 -0.95270335674286 0.30319255590439
vn 0 0.99999761581421 0.00218756287359
vn 0.89943027496338 0.36794731020927 0.23588129878044
vn 0.94734847545624 0.28281390666962 -0.1501570045948
vn -0.43152010440826 0.85816496610641 -0.27810668945312
vn -0.26800665259361 0.89327216148376 -0.36088395118713
vn -0.5123798251152 0.85728931427002 -0.05021922290325
vn -0.11812771111727 -0.53235596418381 -0.83823800086975
vn -0.48672577738762 -0.6172901391983 -0.61810266971588
vn 0.42569705843925 -0.79017400741577 0.44091615080833
vn 0.20022392272949 -0.89911699295044 0.38922879099846
vn 0.9818794131279 0.01506256777793 0.18890708684921
vn 0.98187786340714 0.01509427465498 0.18891280889511
vn -0.15218868851662 0 0.98835146427155
vn -0.15228496491909 0 0.988336622715
vn -0.51219713687897 -0.36097553372383 0.77932715415955
vn 0.85467827320099 -0.30350783467293 0.42119836807251
vn 0.81234383583069 0 0.58317875862122
vn 0.26197364926338 0.46138364076614 -0.847640812397
vn 0.26200276613235 0.4613798558712 -0.84763389825821
vn 0.2620065510273 0.46135523915291 -0.84764611721039
vn -0.85126227140427 0.49731966853142 -0.16740867495537
vn 0.05656265467405 -0.9564089179039 0.28650078177452
vn -0.0507828257978 0.65152019262314 0.75692969560623
vn -0.80665636062622 0.36573299765587 0.46426808834076
vn -0.81031465530396 0.36260870099068 0.46033146977425
vn -0.81023985147476 0.36266568303108 0.46041822433472
vn 0.14109651744366 -0.04465712234378 -0.98898810148239
vn 0.14109632372856 -0.04468831419945 -0.98898673057556
vn 0.14103148877621 -0.04456257820129 -0.9890016913414
vn 0.16103447973728 -0.37410125136375 0.91329962015152
vn 0.86211955547333 -0.33882266283035 -0.37676128745079
vn 0.85998737812042 -0.33935108780861 -0.38113325834274
vn 0.97842216491699 -0.01506274472922 0.20606584846973
vn 0.09225332736969 0.90953278541565 -0.40526461601257
vn 0.34603807330132 0.84036028385162 -0.41719570755959
vn 0.35629346966743 0.83809119462967 -0.4131079018116
vn 0.86184430122375 -0.33913749456406 -0.37710765004158
vn -0.20631425082684 0.91266405582428 -0.35281550884247
vn -0.16540823876858 0.37212947010994 -0.91332346200943
vn -0.16541102528572 0.37216699123383 -0.91330766677856
vn -0.16541294753551 0.37214007973671 -0.91331827640533
vn -0.80661779642105 0.36582341790199 0.46426385641098
vn -0.1523460149765 0.00006250093429 0.98832720518112
vn -0.1523460149765 0.00003125046715 0.98832720518112
vn -0.02262536808848 -0.95132791996002 0.30734872817993
vn -0.0226258020848 -0.95134621858597 0.30729213356972
vn -0.04150075465441 0.77123272418976 -0.63519901037216
vn 0.33294701576233 -0.91718244552612 0.21891249716282
vn 0.33297708630562 -0.91717916727066 0.21888045966625
vn 0.33291193842888 -0.9172031879425 0.21887873113155
vn -0.00562514085323 0.1823795735836 0.98321211338043
vn -0.0055938907899 0.18237960338593 0.98321229219437
vn -0.0056251087226 0.18240977823734 0.98320651054382
vn -0.14234705269337 0.04040718823671 0.98899167776108
vn 0.71957784891129 0.69020223617554 -0.07634537667036
vn 0.3329142332077 -0.91720950603485 0.21884898841381
vn 0.14106647670269 -0.04456375911832 -0.98899662494659
vn -0.97722315788269 0.15415693819523 -0.14584439992905
vn -0.97724145650864 0.15409733355045 -0.14578464627266
vn -0.97722148895264 0.15419284999371 -0.14581756293774
vn -0.97721230983734 0.15422266721725 -0.14584745466709
vn -0.06631429493427 -0.9271188378334 -0.36885371804237
vn -0.14240846037865 0.0403756275773 0.98898416757584
vn 0.14109671115875 -0.04462593793869 -0.98898953199387
vn -0.68113261461258 -0.43319231271744 -0.59025657176971
vn -0.68110662698746 -0.43322694301605 -0.59026110172272
vn -0.30406939983368 0.90170800685883 -0.30735072493553
vn -0.30232042074203 0.90371114015579 -0.30316418409348
vn -0.7275395989418 -0.25940921902657 -0.63513225317001
vn -0.72752487659454 -0.2594151198864 -0.63514673709869
vn -0.18031379580498 0.96444433927536 -0.19322012364864
vn 0.44532716274261 -0.49604758620262 -0.7453995347023
vn 0.76542544364929 -0.34460237622261 -0.54348236322403
vn 0.48741939663887 0.63364207744598 0.6007661819458
vn 0.06018919125199 0.69283199310303 0.71858268976212
vn 0.20031391084194 -0.89910006523132 0.38922148942947
vn 0.42567145824432 -0.7901845574379 0.44092199206352
vn 0.57838845252991 0.68889099359512 0.436916410923
vn 0.53395563364029 0.72146201133728 0.44088998436928
vn -0.59377074241638 0.6831488609314 -0.42513987421989
vn -0.68233025074005 0.67432999610901 -0.28231984376907
vn -0.38103982806206 -0.15472222864628 -0.91152054071426
vn -0.53789150714874 -0.23866358399391 -0.80852484703064
vn -0.29566341638565 0.95149171352386 -0.08512706309557
vn -0.32600679993629 0.94480103254318 0.03271943330765
vn 0.96651327610016 -0.09050124138594 -0.24012830853462
vn 0.89696270227432 -0.20966212451458 -0.38922968506813
vn 0.0715954080224 -0.801424741745 0.59379500150681
vn 0.1592226177454 -0.80173814296722 0.57607644796371
vn -0.00587501237169 0.0254688039422 -0.99965834617615
vn 0.4873528778553 -0.86432868242264 0.12418983131647
vn 0.38387927412987 -0.91313517093658 0.13718903064728
vn -0.49442636966705 -0.04881448298693 0.86784774065018
vn -0.44266906380653 -0.24181950092316 0.86346244812012
vn -0.8956925868988 0.11678192019463 -0.42906495928764
vn -0.85663896799088 -0.11672065407038 -0.50253945589066
vn 0.27966418862343 -0.52976506948471 -0.80071026086807
vn -0.02265679650009 0.82705122232437 -0.56166982650757
vn 0.01325040496886 -0.82968163490295 0.55807960033417
vn 0.07156367599964 -0.85938906669617 0.5062894821167
vn 0.84110879898071 0.38772568106651 0.37710049748421
vn 0.22244198620319 -0.92383110523224 0.31153753399849
vn 0.27138045430183 -0.88892418146133 0.36900743842125
vn 0.41041958332062 -0.91187340021133 -0.00653146253899
vn 0.49772822856903 -0.86711025238037 -0.01965662278235
vn 0.14931510388851 0.03015677444637 -0.9883297085762
vn 0.04365691915154 0 -0.99904656410217
vn -0.71410626173019 -0.25537943840027 -0.65179258584976
vn 0.18947556614876 -0.9635346531868 0.18894430994987
vn 0.17447091639042 -0.96551197767258 0.19325239956379
vn 0.6834796667099 0.42947563529015 0.59025943279266
vn 0.71602767705917 0.42420390248299 0.55439645051956
vn -0.31312730908394 0.89275652170181 -0.3239398598671
vn 0.9958393573761 0.09047119319439 -0.01090654358268
vn 0.9859938621521 0.1503788381815 0.07212684303522
vn -0.07922141253948 0.78749519586563 -0.61120802164078
vn -0.030219277367 0.79354506731033 -0.60776060819626
vn 0.55531358718872 -0.83115792274475 0.02834380604327
vn 0.21012879908085 0.10237684845924 -0.97229874134064
vn 0.48257210850716 0.72776454687119 0.48732221126556
vn 0.27019703388214 0.66092950105667 0.70011842250824
vn 0.57995510101318 -0.76871085166931 0.26969566941261
vn 0.69505053758621 -0.69370675086975 0.18888023495674
vn -0.67957437038422 0 0.73360657691956
vn -0.23916280269623 0.94599467515945 -0.21884974837303
vn -0.23181344568729 0.94781637191772 -0.21887588500977
vn -0.33772641420364 0.86589473485947 -0.36900839209557
vn -0.52380126714706 -0.7312154173851 -0.43698543310165
vn -0.52060574293137 -0.73582947254181 -0.43304121494293
vn -0.58132147789001 0.68132305145264 -0.44481936097145
vn -0.9772275686264 0.1541576385498 -0.14581382274628
vn -0.9772367477417 0.15412783622742 -0.14578394591808
vn 0.15615777671337 0.54891163110733 0.82116425037384
vn -0.63826388120651 0.65695178508759 -0.40128993988037
vn -0.5217342376709 0.75286608934402 -0.40123066306114
vn -0.98660320043564 0.00375003600493 0.16309531033039
vn -0.99928605556488 -0.03771892935038 0.00215626042336
vn -0.13728664815426 0.85359609127045 -0.50251972675323
vn -0.09606279432774 0.93384659290314 -0.34453231096268
vn -0.51898109912872 -0.62823367118835 -0.57963877916336
vn 0.4520455300808 -0.77539944648743 0.44092014431953
vn -0.38962963223457 0.92094844579697 -0.00653132796288
vn -0.41044470667839 0.91167223453522 -0.01971909590065
vn -0.03340650349855 -0.02075015939772 0.99922639131546
vn -0.013093855232 0.00006250049773 0.99991428852081
vn 0.54345417022705 0.04534514248371 -0.83821320533752
vn 0.52683222293854 0 -0.84996926784515
vn -0.83809065818787 -0.17247453331947 -0.51754862070084
vn 0.71026414632797 0.26556777954102 0.65191918611526
vn 0.61351424455643 0.28469410538673 0.73657959699631
vn -0.21519400179386 0.9720606803894 -0.09375283867121
vn -0.18206721544266 0.96740007400513 -0.17603582143784
vn 0.6795420050621 0 -0.73363661766052
vn 0.67632299661636 0 -0.73660522699356
vn 0.2335674315691 -0.94836378097534 0.21459826827049
vn 0.23182189464569 -0.94781965017319 0.21885260939598
vn 0.72779858112335 0.25866240262985 0.63514012098312
vn 0.72781032323837 0.25860407948494 0.63515037298203
vn 0.98288553953171 0.03771915286779 -0.18031443655491
vn 0.98797959089279 0.14290782809258 -0.05893814563751
vn 0.0264068543911 -0.86195719242096 0.50629281997681
vn 0.05281364545226 -0.93577033281326 0.3486325442791
vn -0.48613440990448 0.87217307090759 -0.05465730652213
vn -0.31178870797157 0.93030351400375 -0.19319212436676
vn 0.17256812751293 -0.399294257164 -0.90043562650681
vn -0.1513162702322 -0.54654490947723 -0.82364559173584
vn 0.52467215061188 -0.75292897224426 0.39726200699806
vn 0.6758274435997 -0.70248430967331 0.22309868037701
vn 0.58508402109146 0.21472665667534 -0.78202885389328
vn 0.85470604896545 -0.30347535014153 0.42116537690163
vn 0.83436000347137 -0.1426277756691 0.53244787454605
vn -0.29251089692116 0.52676957845688 0.79809218645096
vn 0.01318803243339 -0.82972097396851 0.55802255868912
vn -0.90430468320847 -0.36129063367844 -0.22738090157509
vn -0.34250435233116 -0.58322608470917 -0.73657184839249
vn -0.51635891199112 -0.69345784187317 -0.50248348712921
vn 0.69507765769958 -0.69367134571075 0.18891036510468
vn 0.53679674863815 0.2412257194519 0.80849206447601
vn 0.27750810980797 -0.94677776098251 0.16309852898121
vn 0.29203814268112 -0.95261627435684 0.08506450802088
vn -0.83310723304749 -0.40838161110878 -0.37303727865219
vn -0.71451622247696 -0.43138480186462 -0.55079370737076
vn 0.77558016777039 0.0603451281786 -0.628358066082
vn 0.83516699075699 0.10531385987997 0.53981947898865
vn 0.83815890550613 0.17222571372986 0.51752096414566
vn -0.54628908634186 -0.73522925376892 -0.40125572681427
vn -0.74624413251877 0.62248986959457 -0.23585176467896
vn -0.74819368124008 0.64419281482697 -0.15881381928921
vn -0.58130079507828 0.68133538961411 -0.44482743740082
vn -0.90042066574097 0.20215949416161 0.38519364595413
vn -0.07731442153454 0.79833233356476 -0.5972335934639
vn 0.35547468066216 0.21465983986855 0.90970265865326
vn 0.30410069227219 -0.90170806646347 0.30731952190399
vn 0.30407232046127 -0.90171664953232 0.30732244253159
vn 0.54720067977905 0.73454892635345 0.40125966072083
vn 0.74817997217178 -0.64420783519745 0.15881752967834
vn 0.69038933515549 -0.66245126724243 0.29072478413582
vn 0.29200878739357 -0.95262241363525 0.08509630709887
vn -0.62858182191849 0.58714306354523 -0.51004695892334
vn 0.52473253011703 0.73055046796799 0.43698024749756
vn 0.07343901693821 -0.78811007738113 0.61113768815994
vn 0.12016104906797 -0.78768771886826 0.6042428612709
vn -0.99583971500397 -0.09047122299671 0.01087529677898
vn -0.98599588871002 -0.1504103988409 -0.0720332339406
vn -0.49541458487511 -0.77251303195953 -0.39722543954849
vn 0.02637520805001 -0.86194425821304 0.50631654262543
vn 0.83902311325073 0.53595227003098 -0.09378383308649
vn 0.97670269012451 0 -0.2145970761776
vn 0.97669613361359 0.00003125027433 -0.21462689340115
vn 0.06412645429373 -0.95208406448364 0.29903802275658
vn 0.06412573903799 -0.95210474729538 0.29897221922874
vn 0.06415757536888 -0.95208215713501 0.29903742671013
vn 0.06412705034018 -0.95209294557571 0.2990095615387
vn -0.97669577598572 0.00375003181398 0.21459557116032
vn -0.97670233249664 0.00375005695969 0.21456575393677
vn 0.27903506159782 -0.91254371404648 0.29900407791138
vn -0.013093855232 0 0.99991428852081
vn 0.38960307836533 -0.92095947265625 0.00656265672296
vn 0.38960322737694 -0.92095988988876 0.00650015752763
vn -0.06600172817707 0.9506499171257 -0.30316418409348
vn -0.06412705034018 0.95209294557571 -0.2990095615387
vn 0.013093855232 0 -0.99991428852081
vn 0.01306261029094 0 -0.99991470575333
vn -0.38960322737694 0.92095988988876 -0.00650015752763
vn -0.23919266462326 0.70442140102386 -0.66826438903809
vn 0.86913812160492 -0.40897491574287 0.27809792757034
vn -0.11972109973431 -0.08700171113014 0.98898816108704
vn -0.20587877929211 -0.1015018671751 0.97329920530319
vn 0.55534863471985 -0.83113235235214 0.02840650081635
vn 0.49769154191017 -0.86713206768036 -0.01962515898049
vn -0.43973681330681 0.76171875 -0.47583201527596
vn 0.41038191318512 -0.9118903875351 -0.00653135962784
vn -0.51895743608475 -0.62827414274216 -0.5796160697937
vn 0.45207658410072 -0.7753991484642 0.44088876247406
vn 0.51978844404221 0.62757116556168 0.57963299751282
vn 0.51979786157608 0.62758255004883 0.57961225509644
vn 0.45204079151154 -0.7754225730896 0.4408842921257
vn 0.45197856426239 -0.7754231095314 0.44094708561897
vn 0.74818736314774 -0.64421427249908 0.15875659883022
vn 0.38379001617432 -0.91317713260651 0.13715939223766
vn -0.96580439805984 0.0866895839572 0.24434961378574
vn 0.01131270453334 0.7860141992569 -0.61810493469238
vn 0.05281421914697 -0.93578052520752 0.34860509634018
vn 0.59739124774933 -0.67998719215393 0.42513656616211
vn 0.69044262170792 -0.6624111533165 0.29068964719772
vn 0.38966727256775 -0.92093229293823 0.00656268559396
vn 0.38966736197472 -0.92093253135681 0.00653143599629
vn 0.07159475982189 -0.85938715934753 0.50628834962845
vn -0.02609381824732 0.04031260684133 0.99884635210037
vn 0.48738986253738 -0.86430758237839 0.12419129163027
vn -0.48754933476448 0.86975103616714 0.07634658366442
vn -0.83809995651245 -0.17247001826763 -0.51753509044647
vn -0.52685481309891 0.00003125065268 0.84995532035828
vn -0.52687734365463 0 0.84994131326675
vn -0.44879439473152 0.77730399370193 -0.44088789820671
vn -0.62841981649399 -0.22244231402874 -0.74539113044739
vn 0.12018957734108 -0.78766983747482 0.60426044464111
vn 0.10350306332111 -0.93896526098251 0.32807219028473
vn 0.18922419846058 -0.9429646730423 0.27388289570808
vn 0.30416598916054 -0.90168511867523 0.30732235312462
vn 0.17450331151485 -0.96551841497421 0.19319117069244
vn 0.174441665411 -0.96552306413651 0.19322335720062
vn 0.52685481309891 0 -0.84995532035828
vn 0.52460795640945 -0.75295788049698 0.39729198813438
vn 0.83517837524414 0.10534653812647 0.53979551792145
vn 0.83436369895935 -0.14259716868401 0.5324501991272
vn 0.27747789025307 -0.94678115844727 0.16313035786152
vn 0.83812254667282 0.17222465574741 0.51758021116257
vn 0.15925417840481 -0.80170857906342 0.57610893249512
vn 0.22250571846962 -0.92383629083633 0.31147673726082
vn 0.5791779756546 -0.68311935663223 0.4448604285717
vn 0.57919442653656 -0.68313318490982 0.44481781125069
vn 0.07343843579292 -0.78804123401642 0.61122649908066
vn 0.83814084529877 0.17215950787067 0.51757228374481
vn 0.07159407436848 -0.80140990018845 0.59381520748138
vn 0.18950110673904 -0.9635369181633 0.18890734016895
vn 0.1444411277771 -0.84339612722397 0.51751297712326
vn -0.54907137155533 0.83529472351074 -0.02834420651197
vn 0.57917368412018 -0.68314552307129 0.44482585787773
vn 0.57920676469803 -0.68311649560928 0.44482731819153
vn 0.23191431164742 -0.94778293371201 0.21891385316849
vn 0.23359696567059 -0.94835686683655 0.21459670364857
vn 0.59736323356628 -0.67999088764191 0.4251700937748
vn 0.14447319507599 -0.84336966276169 0.51754719018936
vn 0.83814084529877 0.17225325107574 0.51754105091095
# 436 normals

vt 1.51402425765991 0.80549079179764 0
vt 1.52124977111816 0.76448613405228 0
vt 1.49895405769348 0.7986164689064 0
vt 1.50803744792938 0.80452597141266 0
vt 1.41596436500549 0.09321546554565 0
vt 1.37065029144287 0.13566732406616 0
vt 1.4626202583313 0.11263227462769 0
vt 1.56377673149109 0.91535919904709 0
vt 1.56904101371765 0.91656523942947 0
vt 1.64738583564758 0.83503830432892 0
vt 1.60651028156281 0.83190262317657 0
vt 1.58390486240387 0.82068663835526 0
vt 1.64666330814362 0.8150183558464 0
vt 1.60589098930359 0.8150183558464 0
vt 1.58204686641693 0.81694799661636 0
vt 1.27259039878845 0.06704473495483 0
vt 1.16947257518768 0.0938184261322 0
vt 1.1655501127243 0.10455203056335 0
vt 1.17277562618256 0.10865247249603 0
vt 1.55975115299225 0.91511803865433 0
vt 1.53363621234894 0.91367077827454 0
vt 1.55376434326172 0.19536530971527 0
vt 1.55479657649994 0.22828960418701 0
vt 1.57544076442719 0.2328724861145 0
vt 1.57038295269012 0.19235026836395 0
vt 1.5853499174118 0.16039073467255 0
vt 1.5827693939209 0.00674378871918 0
vt 1.56604766845703 0.00722622871399 0
vt 1.50473439693451 0.07789897918701 0
vt 1.54292619228363 0.65570312738419 0
vt 1.56336390972137 0.63110029697418 0
vt 1.56119620800018 0.61807531118393 0
vt 1.55799639225006 0.6137335896492 0
vt 1.63489603996277 0.87363094091415 0
vt 1.64686965942383 0.83901816606522 0
vt 1.58689832687378 0.19198846817017 0
vt 1.59298837184906 0.16979765892029 0
vt 1.57822775840759 0.16388821601868 0
vt 1.4857417345047 0.63110029697418 0
vt 1.553351521492 0.60746228694916 0
vt 1.52919781208038 0.56886965036392 0
vt 1.2884863615036 0.87254548072815 0
vt 1.28673160076141 0.87338972091675 0
vt 1.27558374404907 0.9721627831459 0
vt 1.2863187789917 0.97288638353348 0
vt 1.60011053085327 0.20018935203552 0
vt 1.5991815328598 0.17257153987885 0
vt 1.73945891857147 0.55463862419128 0
vt 1.80510747432709 0.64907002449036 0
vt 1.8037656545639 0.6032412648201 0
vt 1.76505768299103 0.56283956766129 0
vt 1.53301692008972 0.66293925046921 0
vt 1.53962302207947 0.65956234931946 0
vt 1.43949866294861 0.52364391088486 0
vt 1.44682741165161 0.5944373011589 0
vt 1.4652007818222 0.53968399763107 0
vt 1.78095376491547 0.97602200508118 0
vt 1.82606136798859 0.98241394758224 0
vt 1.78797280788422 0.88737952709198 0
vt 1.78570199012756 0.88701772689819 0
vt 1.60785210132599 0.16376757621765 0
vt 1.61518085002899 0.15821993350983 0
vt 1.61951613426208 0.1547224521637 0
vt 1.49090278148651 0.00276386737823 0
vt 1.46076226234436 0.00276386737823 0
vt 1.45632374286652 0.01192963123322 0
vt 1.46200084686279 0.02278387546539 0
vt 1.73553657531738 0.71672773361206 0
vt 1.7292400598526 0.71636593341827 0
vt 1.72862076759338 0.71974277496338 0
vt 1.73563981056213 0.72046637535095 0
vt 1.37312757968903 0.61530143022537 0
vt 1.36827623844147 0.63737159967422 0
vt 1.37261152267456 0.63869822025299 0
vt 1.5064891576767 0.76243585348129 0
vt 1.48976731300354 0.79258638620377 0
vt 1.68722915649414 0.10189878940582 0
vt 1.6758748292923 0.0303817987442 0
vt 1.13995134830475 0.91861546039581 0
vt 1.14593815803528 0.91837424039841 0
vt 1.14593815803528 0.9149973988533 0
vt 1.13995134830475 0.9149973988533 0
vt 1.84433150291443 0.55065876245499 0
vt 1.83679628372192 0.55041754245758 0
vt 1.83679628372192 0.5534325838089 0
vt 1.84433150291443 0.55355322360992 0
vt 1.20869660377502 0.96806228160858 0
vt 1.20859336853027 0.9721627831459 0
vt 1.25834584236145 0.97758984565735 0
vt 1.27661597728729 0.9750571846962 0
vt 1.6827906370163 0.78100860118866 0
vt 1.66730749607086 0.79403358697891 0
vt 1.66648173332214 0.79909890890121 0
vt 1.67907464504242 0.78522968292236 0
vt 1.77868294715881 0.88605290651321 0
vt 1.78074729442596 0.88629412651062 0
vt 1.91410887241364 0.47238802909851 0
vt 1.90585112571716 0.47045850753784 0
vt 1.91369593143463 0.47395586967468 0
vt 1.84278309345245 0.97855466604233 0
vt 1.86879479885101 0.97843408584595 0
vt 1.82007455825806 0.90559047460556 0
vt 1.93155324459076 0.3744592666626 0
vt 1.89067769050598 0.46358418464661 0
vt 1.9146249294281 0.47021722793579 0
vt 1.87137532234192 0.37554466724396 0
vt 1.8407187461853 0.43234825134277 0
vt 1.86198222637177 0.44826769828796 0
vt 1.45797526836395 0.16642081737518 0
vt 1.46303308010101 0.16328513622284 0
vt 1.5134049654007 0.13192868232727 0
vt 1.48821902275085 0.10708463191986 0
vt 1.7290335893631 0.70949161052704 0
vt 1.7219113111496 0.70973283052444 0
vt 1.7219113111496 0.71274787187576 0
vt 1.72913682460785 0.71262723207474 0
vt 1.8405122756958 0.98229330778122 0
vt 1.91514110565186 0.30125379562378 0
vt 1.90027725696564 0.30318343639374 0
vt 1.91792798042297 0.31307280063629 0
vt 1.60176217556 0.16690325737 0
vt 1.85052478313446 0.98181092739105 0
vt 1.64945018291473 0.80754101276398 0
vt 1.40873885154724 0.65835636854172 0
vt 1.46829736232758 0.67222559452057 0
vt 1.58958208560944 0.75905901193619 0
vt 1.52837193012238 0.80754101276398 0
vt 1.31377553939819 0.04316556453705 0
vt 1.41792547702789 0.07307481765747 0
vt 1.40894532203674 0.03050231933594 0
vt 1.40522933006287 0.03363800048828 0
vt 1.55737709999084 0.16654145717621 0
vt 1.56140267848969 0.16822981834412 0
vt 1.62343847751617 0.69333094358444 0
vt 1.63004469871521 0.69272792339325 0
vt 1.5691442489624 0.81622439622879 0
vt 1.46809089183807 0.11009967327118 0
vt 1.42866051197052 0.08585870265961 0
vt 1.52383029460907 0.74145114421844 0
vt 1.37116634845734 0.13385832309723 0
vt 1.339271068573 0.1181800365448 0
vt 1.51464354991913 0.91704761981964 0
vt 1.52032077312469 0.91620343923569 0
vt 1.52424311637878 0.91547983884811 0
vt 1.50824391841888 0.88496750593185 0
vt 1.29024112224579 0.87158066034317 0
vt 1.33060050010681 0.95021319389343 0
vt 1.64408278465271 0.66691911220551 0
vt 1.64470207691193 0.68681842088699 0
vt 1.65935945510864 0.6992404460907 0
vt 1.89377427101135 0.30583667755127 0
vt 1.79168879985809 0.6992404460907 0
vt 1.79715943336487 0.6992404460907 0
vt 1.79530143737793 0.68971288204193 0
vt 1.65130817890167 0.60046738386154 0
vt 1.73336887359619 0.55270898342133 0
vt 1.5224883556366 0.82502830028534 0
vt 1.60042023658752 0.99061489105225 0
vt 1.60795533657074 0.97397178411484 0
vt 1.60661351680756 0.96335881948471 0
vt 1.59598171710968 0.95322823524475 0
vt 1.79024362564087 0.57695001363754 0
vt 1.81470704078674 0.62458777427673 0
vt 1.57688581943512 0.23311376571655 0
vt 1.587930560112 0.2328724861145 0
vt 1.27785456180573 0.87230432033539 0
vt 1.26268112659454 0.87061589956284 0
vt 1.7156149148941 0.00409054756165 0
vt 1.71014416217804 0.00758802890778 0
vt 1.75101971626282 0.08031094074249 0
vt 1.82843542098999 0.55982452630997 0
vt 1.83679628372192 0.55982452630997 0
vt 1.83679628372192 0.55632704496384 0
vt 1.82843542098999 0.55668884515762 0
vt 1.56563472747803 0.16099369525909 0
vt 1.49895405769348 0.03617072105408 0
vt 1.4693295955658 0.03629124164581 0
vt 1.15811824798584 0.91246473789215 0
vt 1.16720175743103 0.91246473789215 0
vt 1.16720175743103 0.90944969654083 0
vt 1.15811824798584 0.90969091653824 0
vt 1.55510628223419 0.23311376571655 0
vt 1.52713334560394 0.00276386737823 0
vt 1.5296106338501 0.02917575836182 0
vt 1.53642320632935 0.02206027507782 0
vt 1.5434422492981 0.01265323162079 0
vt 1.47252941131592 0.04208016395569 0
vt 1.36776006221771 0.56814604997635 0
vt 1.72180819511414 0.71576291322708 0
vt 1.72160172462463 0.71865737438202 0
vt 1.52259159088135 0.00276386737823 0
vt 1.50390863418579 0.07717537879944 0
vt 1.17194986343384 0.08742654323578 0
vt 1.26464235782623 0.03954756259918 0
vt 1.20663213729858 0.00409054756165 0
vt 1.71778249740601 0.73047631978989 0
vt 1.26464235782623 0.97698682546616 0
vt 1.76722538471222 0.11528551578522 0
vt 1.75101971626282 0.11263227462769 0
vt 1.59814941883087 0.23263132572174 0
vt 1.47624540328979 0.10841131210327 0
vt 1.48223221302032 0.10527563095093 0
vt 1.44796288013458 0.00433170795441 0
vt 1.47005212306976 0.96926832199097 0
vt 1.46612977981567 0.9841023683548 0
vt 1.46871030330658 0.9883234500885 0
vt 1.48460626602173 0.98735862970352 0
vt 1.79313385486603 0.67946171760559 0
vt 1.77868294715881 0.69936102628708 0
vt 1.27733850479126 0.08802950382233 0
vt 1.19228446483612 0.1173357963562 0
vt 1.27692568302155 0.08151698112488 0
vt 1.57399570941925 0.70587354898453 0
vt 1.56769919395447 0.70527052879334 0
vt 1.54230678081512 0.72492867708206 0
vt 1.2655713558197 0.14772748947144 0
vt 1.64470207691193 0.66125082969666 0
vt 1.59546566009521 0.69670778512955 0
vt 1.78642451763153 0.5698344707489 0
vt 1.78941786289215 0.57526159286499 0
vt 1.41018390655518 0.0295375585556 0
vt 1.38448190689087 0.53353327512741 0
vt 1.36930847167969 0.53630715608597 0
vt 1.23336637020111 0.87519872188568 0
vt 1.21096742153168 0.87881678342819 0
vt 1.61724531650543 0.92693698406219 0
vt 1.77827000617981 0.9759014248848 0
vt 1.76464486122131 0.92283654212952 0
vt 1.76464486122131 0.97481602430344 0
vt 1.49730241298676 0.82924938201904 0
vt 1.84216380119324 0.33851981163025 0
vt 1.8407187461853 0.34310269355774 0
vt 1.56068015098572 0.9223541021347 0
vt 1.54726147651672 0.92452496290207 0
vt 1.27692568302155 0.05233132839203 0
vt 1.76464486122131 0.88496750593185 0
vt 1.80324947834015 0.88231426477432 0
vt 1.46994888782501 0.99037367105484 0
vt 1.51154696941376 0.9880822300911 0
vt 1.50256669521332 0.95033377408981 0
vt 1.56326067447662 0.92199230194092 0
vt 1.56955718994141 0.00312566757202 0
vt 1.57688581943512 0.00517594814301 0
vt 1.46509754657745 0.98229330778122 0
vt 1.79633367061615 0.55379444360733 0
vt 1.78405034542084 0.55391502380371 0
vt 1.78405034542084 0.55705064535141 0
vt 1.79633367061615 0.55693006515503 0
vt 1.35217368602753 0.39966511726379 0
vt 1.35196733474731 0.41100168228149 0
vt 1.35485744476318 0.41112232208252 0
vt 1.35506391525269 0.39966511726379 0
vt 1.14604139328003 0.9118617773056 0
vt 1.13984811306 0.91174113750458 0
vt 1.16709852218628 0.91825366020203 0
vt 1.15791177749634 0.91789186000824 0
vt 1.15791177749634 0.92126870155334 0
vt 1.16709852218628 0.92114812135696 0
vt 1.78116023540497 0.71576291322708 0
vt 1.79592084884644 0.71540111303329 0
vt 1.79592084884644 0.71238607168198 0
vt 1.78116023540497 0.71250665187836 0
vt 1.35268986225128 0.36360502243042 0
vt 1.35258662700653 0.37096178531647 0
vt 1.35547685623169 0.37096178531647 0
vt 1.35578644275665 0.36372566223145 0
vt 1.12591326236725 0.9118617773056 0
vt 1.13282907009125 0.9118617773056 0
vt 1.13282907009125 0.90848487615585 0
vt 1.1258100271225 0.90860551595688 0
vt 1.35258662700653 0.357213139534 0
vt 1.34907710552216 0.35733377933502 0
vt 1.34938681125641 0.36372566223145 0
vt 1.70973134040833 0.71552169322968 0
vt 1.71478915214539 0.71588349342346 0
vt 1.71478915214539 0.71274787187576 0
vt 1.70993769168854 0.71262723207474 0
vt 1.15213143825531 0.91210293769836 0
vt 1.15213143825531 0.91523861885071 0
vt 1.15233790874481 0.90896731615067 0
vt 1.14614462852478 0.90884667634964 0
vt 1.82007455825806 0.55994510650635 0
vt 1.82007455825806 0.56332194805145 0
vt 1.82843542098999 0.56283956766129 0
vt 1.34907710552216 0.33466064929962 0
vt 1.3489738702774 0.34249973297119 0
vt 1.35227692127228 0.34249973297119 0
vt 1.35238015651703 0.33466064929962 0
vt 1.35238015651703 0.3883284330368 0
vt 1.34949004650116 0.3883284330368 0
vt 1.34928357601166 0.39966511726379 0
vt 1.7964369058609 0.55994510650635 0
vt 1.80892670154572 0.55994510650635 0
vt 1.80882346630096 0.55680948495865 0
vt 1.11827492713928 0.91210293769836 0
vt 1.1100172996521 0.91234415769577 0
vt 1.1100172996521 0.91535919904709 0
vt 1.11837816238403 0.91535919904709 0
vt 1.34918034076691 0.34997701644897 0
vt 1.35248339176178 0.34997701644897 0
vt 1.76154828071594 0.71552169322968 0
vt 1.75308406352997 0.71576291322708 0
vt 1.75318729877472 0.71901917457581 0
vt 1.7616513967514 0.71865737438202 0
vt 1.86115646362305 0.55355322360992 0
vt 1.85279560089111 0.55355322360992 0
vt 1.85279560089111 0.55656826496124 0
vt 1.86115646362305 0.55644768476486 0
vt 1.82007455825806 0.55656826496124 0
vt 1.81130075454712 0.70925039052963 0
vt 1.79592084884644 0.70937097072601 0
vt 1.81130075454712 0.71226543188095 0
vt 1.74472320079803 0.71600413322449 0
vt 1.75298082828522 0.71250665187836 0
vt 1.74461996555328 0.71286845207214 0
vt 1.09670174121857 0.91861546039581 0
vt 1.10217249393463 0.91837424039841 0
vt 1.10206925868988 0.91560041904449 0
vt 1.09659850597382 0.91560041904449 0
vt 1.17762696743011 0.91258537769318 0
vt 1.17773020267487 0.90969091653824 0
vt 1.3556832075119 0.32670092582703 0
vt 1.3556832075119 0.33466064929962 0
vt 1.35908949375153 0.3345400094986 0
vt 1.35888314247131 0.32670092582703 0
vt 1.70983445644379 0.70949161052704 0
vt 1.70529282093048 0.70961219072342 0
vt 1.70529282093048 0.71238607168198 0
vt 1.35826373100281 0.38844907283783 0
vt 1.35836696624756 0.37819790840149 0
vt 1.35557997226715 0.37807726860046 0
vt 1.35527038574219 0.3883284330368 0
vt 1.86115646362305 0.55934208631516 0
vt 1.85279560089111 0.55946272611618 0
vt 1.85289883613586 0.56223654747009 0
vt 1.86115646362305 0.56223654747009 0
vt 1.35785090923309 0.41112232208252 0
vt 1.3580573797226 0.39978563785553 0
vt 1.09659850597382 0.91258537769318 0
vt 1.10206925868988 0.91258537769318 0
vt 1.10196602344513 0.90932911634445 0
vt 1.09649527072906 0.90944969654083 0
vt 1.35578644275665 0.34249973297119 0
vt 1.84433150291443 0.55644768476486 0
vt 1.73553657531738 0.70925039052963 0
vt 1.74472320079803 0.70961219072342 0
vt 1.74472320079803 0.70623534917831 0
vt 1.73553657531738 0.70599412918091 0
vt 1.71489238739014 0.70937097072601 0
vt 1.7219113111496 0.70683836936951 0
vt 1.71489238739014 0.70623534917831 0
vt 1.15213143825531 0.91813308000565 0
vt 1.15233790874481 0.92114812135696 0
vt 1.82833218574524 0.5534325838089 0
vt 1.75298082828522 0.70961219072342 0
vt 1.76144504547119 0.70961219072342 0
vt 1.76144504547119 0.7065971493721 0
vt 1.75308406352997 0.7065971493721 0
vt 1.35857343673706 0.37096178531647 0
vt 1.36136043071747 0.37819790840149 0
vt 1.36156690120697 0.37108242511749 0
vt 1.81997132301331 0.5534325838089 0
vt 1.80882346630096 0.5536738038063 0
vt 1.84422826766968 0.55958330631256 0
vt 1.70973134040833 0.7065971493721 0
vt 1.70529282093048 0.70683836936951 0
vt 1.77104461193085 0.70949161052704 0
vt 1.76154828071594 0.71262723207474 0
vt 1.77114772796631 0.71250665187836 0
vt 1.82657742500305 0.70925039052963 0
vt 1.82657742500305 0.71226543188095 0
vt 1.132932305336 0.91861546039581 0
vt 1.132932305336 0.91523861885071 0
vt 1.35867667198181 0.36372566223145 0
vt 1.78405034542084 0.56006574630737 0
vt 1.78415358066559 0.56320136785507 0
vt 1.7964369058609 0.56308078765869 0
vt 1.77114772796631 0.71552169322968 0
vt 1.77114772796631 0.71853673458099 0
vt 1.78116023540497 0.71889853477478 0
vt 1.34969639778137 0.37096178531647 0
vt 1.73553657531738 0.71262723207474 0
vt 1.81130075454712 0.71540111303329 0
vt 1.1100172996521 0.92163050174713 0
vt 1.11827492713928 0.92199230194092 0
vt 1.11837816238403 0.91861546039581 0
vt 1.1100172996521 0.91861546039581 0
vt 1.78105700016022 0.70912981033325 0
vt 1.10217249393463 0.92138934135437 0
vt 1.08617317676544 0.91282659769058 0
vt 1.091437458992 0.91270595788956 0
vt 1.09133422374725 0.90957033634186 0
vt 1.08606994152069 0.90969091653824 0
vt 1.08648288249969 0.92223352193832 0
vt 1.09164392948151 0.92199230194092 0
vt 1.09154069423676 0.91885668039322 0
vt 1.08627641201019 0.91909790039062 0
vt 1.80882346630096 0.56308078765869 0
vt 1.35877990722656 0.31886172294617 0
vt 1.36218619346619 0.326580286026 0
vt 1.36208295822144 0.31886172294617 0
vt 1.091437458992 0.91572099924088 0
vt 1.08617317676544 0.91596221923828 0
vt 1.35227692127228 0.31898236274719 0
vt 1.35238015651703 0.32670092582703 0
vt 1.35557997226715 0.31886172294617 0
vt 1.15801501274109 0.91487681865692 0
vt 1.7288271188736 0.7065971493721 0
vt 1.35929596424103 0.34249973297119 0
vt 1.35908949375153 0.34997701644897 0
vt 1.36249577999115 0.35009765625 0
vt 1.3628054857254 0.34249973297119 0
vt 1.16709852218628 0.91547983884811 0
vt 1.36239266395569 0.33441936969757 0
vt 1.18815553188324 0.91282659769058 0
vt 1.18815553188324 0.90993213653564 0
vt 1.18794918060303 0.91861546039581 0
vt 1.17752385139465 0.91837424039841 0
vt 1.17752385139465 0.92126870155334 0
vt 1.18794918060303 0.92150992155075 0
vt 1.77104461193085 0.70647656917572 0
vt 1.82843542098999 0.55017638206482 0
vt 1.36156690120697 0.36384630203247 0
vt 1.12591326236725 0.91873604059219 0
vt 1.12591326236725 0.91511803865433 0
vt 1.09680497646332 0.92163050174713 0
vt 1.79592084884644 0.70623534917831 0
vt 1.78105700016022 0.70599412918091 0
vt 1.3489738702774 0.31898236274719 0
vt 1.34907710552216 0.32670092582703 0
vt 1.14624786376953 0.92175114154816 0
vt 1.35888314247131 0.357213139534 0
vt 1.36208295822144 0.35745441913605 0
vt 1.3558896780014 0.357213139534 0
vt 1.70085430145264 0.71226543188095 0
vt 1.70075106620789 0.71503931283951 0
vt 1.70518958568573 0.71528047323227 0
vt 1.82657742500305 0.71528047323227 0
vt 1.17762696743011 0.91547983884811 0
vt 1.35258662700653 0.37807726860046 0
vt 1.11817169189453 0.90896731615067 0
vt 1.83679628372192 0.56332194805145 0
vt 1.84443473815918 0.56259834766388 0
vt 1.18805229663849 0.91572099924088 0
vt 1.79633367061615 0.55065876245499 0
vt 1.78405034542084 0.55077934265137 0
vt 1.36074113845825 0.41124284267426 0
vt 1.36094748973846 0.39978563785553 0
vt 1.70095753669739 0.70961219072342 0
vt 1.74492967128754 0.71913975477219 0
vt 1.70952486991882 0.71841615438461 0
vt 1.71468591690063 0.7187779545784 0
vt 1.34959316253662 0.37807726860046 0
vt 1.70498311519623 0.71805435419083 0
vt 1.126016497612 0.92223352193832 0
vt 1.81997132301331 0.55017638206482 0
vt 1.80872023105621 0.55053818225861 0
vt 1.82657742500305 0.70623534917831 0
vt 1.81130075454712 0.70623534917831 0
vt 1.10991406440735 0.90908789634705 0
vt 1.34907710552216 0.41100168228149 0
vt 1.70054459571838 0.71781313419342 0
vt 1.132932305336 0.92187172174454 0
vt 1.36115396022797 0.38844907283783 0
vt 1.13995134830475 0.90848487615585 0
vt 1.3556832075119 0.34997701644897 0
vt 1.81130075454712 0.71841615438461 0
vt 1.8266806602478 0.71829557418823 0
vt 1.86115646362305 0.55065876245499 0
vt 1.85279560089111 0.55065876245499 0
vt 1.79592084884644 0.71853673458099 0
vt 1.1400545835495 0.9223541021347 0
vt 1.70095753669739 0.70683836936951 0
# 473 texture coordinates

o model-01
usemtl mat--0000
f 270/332/317 268/331/316 257/330/315 269/329/314
f 311/335/320 300/334/319 297/333/318
f 228/339/324 224/338/323 229/337/322 227/336/321
f 223/342/327 232/341/326 224/338/323 221/340/325
f 222/343/328 223/342/327 221/340/325
f 303/347/332 302/346/331 301/345/330 291/344/329
f 219/349/334 221/340/325 226/348/333
f 275/353/338 274/352/337 283/351/336 282/350/335
f 300/357/339 311/356/339 312/355/339 299/354/339
f 217/361/343 218/360/342 219/359/341 226/358/340
f 224/338/323 233/363/345 234/362/344
f 224/338/323 228/339/324 221/340/325
f 275/353/338 276/366/348 280/365/347 273/364/346
f 216/369/339 215/368/339 236/367/339
f 249/373/352 238/372/351 240/371/350 242/370/349
f 273/364/346 280/365/347 279/375/354 281/374/353
f 272/379/358 260/378/357 258/377/356 259/376/355
f 226/358/340 227/381/342 229/380/359
f 225/384/361 230/383/361 231/382/360
f 316/388/365 318/387/364 317/386/363 325/385/362
f 312/355/368 290/391/367 301/390/367 302/389/366
f 276/395/339 278/394/369 284/393/369 282/392/339
f 386/399/373 387/398/372 371/397/371 372/396/370
f 233/402/375 224/401/374 232/400/374
f 268/331/316 264/404/377 258/403/376 257/330/315
f 312/355/368 306/406/379 288/405/378 290/391/367
f 427/410/383 426/409/382 438/408/381 437/407/380
f 501/414/387 503/413/386 502/412/385 500/411/384
f 247/417/389 246/416/388 239/415/388
f 249/373/352 251/418/390 238/372/351
f 254/422/394 267/421/393 253/420/392 265/419/391
f 315/424/396 316/388/365 325/385/362 314/423/395
f 240/427/399 241/426/398 242/425/397
f 320/430/402 326/429/401 319/428/400 318/387/364
f 242/433/405 243/432/404 237/431/403
f 221/340/325 228/339/324 227/336/321 226/348/333
f 244/436/404 245/435/407 248/434/406
f 298/440/411 309/439/410 308/438/409 307/437/408
f 358/444/415 359/443/414 336/442/413 337/441/412
f 319/428/400 328/445/416 317/386/363 318/387/364
f 249/448/419 250/447/418 251/446/417
f 302/389/339 303/449/339 299/354/339 312/355/339
f 327/450/420 328/445/416 319/428/400 326/429/401
f 267/421/393 255/451/421 253/420/392
f 230/383/425 236/367/424 235/453/423 234/452/422
f 255/451/421 266/455/427 256/454/426
f 232/400/428 230/383/425 234/452/422 233/402/422
f 304/459/432 305/458/431 294/457/430 293/456/429
f 277/461/434 275/353/338 282/350/335 284/460/433
f 252/463/436 256/454/426 259/462/435
f 220/464/437 222/343/328 221/340/325 219/349/334
f 311/335/320 297/333/318 295/466/439 310/465/438
f 258/403/376 261/467/440 257/330/315
f 298/469/442 294/457/430 297/333/318 300/468/441
f 216/473/446 218/472/445 217/471/444 215/470/443
f 237/475/448 249/373/352 242/474/447
f 241/426/398 243/432/399 242/425/397
f 255/478/451 267/477/450 254/476/449
f 247/479/452 250/447/418 249/448/419 237/431/417
f 268/482/453 270/481/450 269/480/450
f 252/484/455 259/376/355 271/483/454
f 231/485/456 220/464/437 219/349/334 218/472/445
f 317/489/459 328/488/457 327/487/458 326/486/457
f 272/379/358 263/490/460 260/378/357
f 260/378/357 261/491/461 258/377/356
f 256/454/426 252/463/436 253/420/392 255/451/421
f 285/493/463 274/492/462 273/364/346
f 239/415/388 243/495/464 241/494/389 247/417/389
f 293/498/465 305/497/465 304/496/465
f 526/502/469 512/501/468 513/500/467 514/499/466
f 266/455/427 269/329/314 257/330/315 256/454/426
f 278/503/470 277/461/434 284/460/433
f 280/505/339 276/395/339 282/392/339 281/504/369
f 416/509/474 445/508/473 417/507/472 415/506/471
f 283/351/336 274/352/337 286/510/336
f 274/514/475 285/513/475 287/512/476 286/511/475
f 279/515/339 280/505/339 281/504/369
f 230/383/361 232/400/478 223/516/477 231/382/360
f 387/398/372 388/518/480 370/517/479 371/397/371
f 283/519/339 286/511/339 287/512/339
f 298/440/411 300/520/481 309/439/410
f 288/523/484 289/522/483 290/521/482
f 277/461/434 278/503/470 276/366/348 275/353/338
f 265/419/391 253/420/392 252/463/436 271/524/485
f 250/525/486 247/417/389 238/372/351 251/418/390
f 289/527/465 288/405/465 293/498/465 292/526/465
f 285/493/463 273/364/346 281/374/353 287/528/487
f 306/531/490 312/530/489 296/529/488
f 296/529/488 310/465/438 295/466/439
f 323/535/491 316/534/493 315/533/492 324/532/491
f 268/482/453 269/480/450 266/537/494 264/536/450
f 299/539/496 303/347/332 291/344/329 308/538/495
f 298/469/442 307/540/497 294/457/430
f 307/540/497 308/538/495 291/344/329
f 256/454/426 260/543/500 263/542/499 262/541/498
f 308/538/495 309/544/501 299/539/496
f 295/466/439 297/333/318 294/457/430
f 255/478/451 254/476/449 265/545/450 266/537/494
f 309/439/339 300/357/339 299/354/339
f 236/367/342 215/368/342 229/380/359 235/453/341
f 256/454/426 262/541/498 272/546/502 259/462/435
f 263/490/505 272/379/504 262/547/503
f 291/344/329 301/345/330 290/521/482 289/522/483
f 295/466/439 294/457/430 305/458/431
f 216/369/339 236/367/339 230/383/369 225/384/369
f 223/516/477 222/551/508 220/550/507 231/382/360
f 261/467/440 260/543/500 256/454/426 257/330/315
f 239/415/388 245/553/510 244/552/509 243/495/464
f 234/362/344 235/554/511 229/337/322 224/338/323
f 321/557/514 322/556/513 313/555/512
f 216/473/446 225/558/443 231/485/456 218/472/445
f 248/434/515 245/435/517 239/560/516 246/559/515
f 306/531/490 296/529/488 295/466/439 305/549/506
f 294/457/430 307/540/497 291/344/329 293/456/429
f 317/489/459 326/486/457 321/562/518 313/561/457
f 292/563/519 293/456/429 291/344/329 289/522/483
f 322/556/513 324/564/520 314/423/395
f 320/430/402 318/387/364 323/565/402
f 322/556/513 314/423/395 325/385/362 313/555/512
f 323/535/491 318/566/521 316/534/493
f 323/535/525 324/532/524 322/568/523 320/567/522
f 258/377/356 264/536/526 271/483/454 259/376/355
f 325/569/527 317/489/459 313/561/457
f 215/368/342 217/361/343 226/358/340 229/380/359
f 296/571/339 312/355/339 311/356/339 310/570/339
f 315/533/528 314/572/528 324/532/528
f 523/576/532 522/575/531 531/574/530 530/573/529
f 480/580/535 479/579/535 495/578/534 494/577/533
f 426/409/382 427/410/383 411/582/537 412/581/536
f 445/586/541 416/585/540 440/584/539 441/583/538
f 352/590/545 351/589/544 378/588/543 377/587/542
f 484/594/549 483/593/548 491/592/547 490/591/546
f 448/598/553 410/597/552 409/596/551 408/595/550
f 469/601/556 488/600/555 489/599/554 490/591/546
f 361/605/560 360/604/559 369/603/558 368/602/557
f 425/607/562 426/409/382 412/581/536 414/606/561
f 413/609/564 446/608/563 414/606/561 412/581/536
f 504/612/567 516/611/566 515/610/565 514/499/466
f 454/616/571 456/615/570 455/614/569 453/613/568
f 476/619/574 474/618/573 493/617/572 494/577/533
f 523/576/532 524/622/577 517/621/576 519/620/575
f 430/626/581 431/625/580 406/624/579 407/623/578
f 487/628/583 489/599/554 488/600/555 466/627/582
f 384/632/587 385/631/586 374/630/585 375/629/584
f 505/636/590 506/635/589 499/634/588 497/633/588
f 525/637/591 526/502/469 514/499/466 515/610/565
f 350/640/594 351/589/544 345/639/593 346/638/592
f 274/352/337 275/353/338 273/364/346
f 320/567/522 322/568/523 321/562/596 326/486/595
f 356/643/599 355/642/598 374/630/585 373/641/597
f 402/647/603 403/646/602 394/645/601 393/644/600
f 445/508/473 419/649/605 418/648/604 417/507/472
f 460/653/609 461/652/608 462/651/607 458/650/606
f 361/605/560 362/656/612 330/655/611 332/654/610
f 481/660/616 482/659/615 472/658/614 473/657/613
f 509/664/620 498/663/619 508/662/618 507/661/617
f 479/579/535 480/580/535 475/666/622 477/665/621
f 392/670/626 405/669/625 404/668/624 401/667/623
f 462/651/607 463/671/627 456/615/570 454/616/571
f 511/672/628 512/501/468 503/413/386 501/414/387
f 238/372/351 247/417/389 241/494/389 240/371/350
f 386/676/632 340/675/631 339/674/630 338/673/629
f 335/679/635 388/678/634 336/442/413 334/677/633
f 416/585/540 446/681/637 439/680/636 440/584/539
f 527/682/638 503/413/386 512/501/468 526/502/469
f 385/686/586 384/685/641 342/684/640 341/683/639
f 471/689/644 496/688/643 472/658/614 470/687/642
f 525/637/591 524/622/577 529/691/646 528/690/645
f 508/662/618 510/692/647 511/672/628 506/635/589
f 329/694/649 333/693/648 332/654/610 330/655/611
f 353/697/652 354/696/651 342/684/640 343/695/650
f 349/699/653 350/640/594 346/638/592 347/698/592
f 428/701/655 427/410/383 437/407/380 436/700/654
f 483/593/548 484/594/549 468/702/656 470/687/642
f 520/705/658 532/704/657 521/703/575 519/620/575
f 382/708/661 383/707/660 376/706/659 377/587/542
f 471/709/662 469/601/556 490/591/546 491/592/547
f 356/643/599 357/710/663 338/673/629 339/674/630
f 357/710/663 358/444/415 337/441/412 338/673/629
f 360/604/559 359/443/414 370/517/479 369/603/558
f 351/589/544 350/640/594 379/711/664 378/588/543
f 432/715/668 434/714/667 433/713/666 395/712/665
f 480/580/535 481/660/616 473/657/613 475/666/622
f 352/590/545 353/697/652 343/695/650 344/716/669
f 394/645/601 432/715/668 395/712/665 405/717/670
f 247/479/452 237/431/417 248/434/671 246/559/671
f 389/721/675 400/720/674 399/719/673 398/718/672
f 390/725/679 391/724/678 400/723/677 389/722/676
f 383/707/660 384/632/587 375/629/584 376/706/659
f 482/659/615 483/593/548 470/687/642 472/658/614
f 518/726/680 520/705/658 519/620/575 517/621/576
f 449/729/683 451/728/682 460/653/609 459/727/681
f 340/675/631 385/686/586 341/683/639 339/674/630
f 396/731/685 397/730/684 391/724/678 390/725/679
f 457/734/688 458/650/606 452/733/687 450/732/686
f 424/735/689 425/607/562 414/606/561 415/506/471
f 387/736/690 386/676/632 338/673/629 337/441/412
f 455/740/694 466/739/693 465/738/692 464/737/691
f 354/696/651 353/697/652 376/706/659 375/629/584
f 355/642/598 354/696/651 375/629/584 374/630/585
f 399/719/673 401/667/623 402/647/603 397/730/684
f 425/607/562 424/735/689 440/584/539 439/680/636
f 424/735/689 423/741/695 441/583/538 440/584/539
f 359/443/414 360/604/559 334/677/633 336/442/413
f 398/718/672 399/719/673 397/730/684 396/731/685
f 451/728/682 453/742/696 461/652/608 460/653/609
f 419/649/605 444/744/698 420/743/697 418/648/604
f 444/748/702 419/747/701 442/746/700 443/745/699
f 358/444/415 357/710/663 372/396/370 371/397/371
f 384/685/641 383/749/703 343/695/650 342/684/640
f 506/635/589 511/672/628 501/414/387 499/634/588
f 503/413/386 527/682/638 504/750/567 502/412/385
f 469/751/704 471/689/644 470/687/642 468/702/656
f 430/626/581 429/753/706 435/752/705 434/714/667
f 393/644/600 394/645/601 405/717/670 392/754/707
f 481/660/616 480/580/535 494/577/533 493/617/572
f 382/756/709 381/755/708 345/639/593 344/716/669
f 450/732/686 452/733/687 451/758/711 449/757/710
f 524/622/577 523/576/532 530/573/529 529/691/646
f 458/650/606 462/651/607 454/616/571 452/733/687
f 446/681/637 413/759/712 438/408/381 439/680/636
f 526/502/469 525/637/591 528/690/645 527/682/638
f 431/625/580 403/646/602 404/668/624 406/624/579
f 466/739/693 488/761/714 467/760/713 465/738/692
f 453/742/696 455/740/694 464/737/691 461/652/608
f 485/762/715 484/594/549 490/591/546 489/599/554
f 264/536/450 266/537/494 265/545/450 271/483/453
f 364/765/718 365/764/717 363/763/716 362/656/612
f 367/766/664 379/711/664 350/640/594 349/699/653
f 423/741/695 422/767/719 442/746/700 441/583/538
f 397/730/684 402/647/603 393/644/600 391/724/678
f 427/410/383 428/701/655 409/596/551 411/582/537
f 483/593/548 482/659/615 492/768/720 491/592/547
f 433/769/721 448/598/553 408/595/550 407/623/578
f 500/771/723 502/770/722 513/500/467 510/692/647
f 429/753/706 430/626/581 407/623/578 408/595/550
f 428/701/655 429/753/706 408/595/550 409/596/551
f 516/611/566 518/726/680 517/621/576 515/610/565
f 400/720/674 392/670/626 401/667/623 399/719/673
f 421/772/719 422/767/719 418/648/604 420/743/697
f 461/652/608 464/737/691 463/671/627 462/651/607
f 532/774/724 520/773/658 530/573/529 531/574/530
f 476/776/726 478/775/725 477/665/621 475/666/622
f 362/656/612 363/763/716 331/777/727 330/655/611
f 385/631/586 340/778/728 373/641/597 374/630/585
f 335/780/730 333/779/729 368/602/557 369/603/558
f 474/618/573 496/781/731 492/768/720 493/617/572
f 388/678/634 387/736/690 337/441/412 336/442/413
f 364/765/718 368/602/557 333/779/729 329/782/732
f 362/656/612 361/605/560 368/602/557 364/765/718
f 524/622/577 525/637/591 515/610/565 517/621/576
f 502/770/722 504/612/567 514/499/466 513/500/467
f 340/778/728 386/399/373 372/396/370 373/641/597
f 448/783/733 433/713/666 434/714/667 435/752/705
f 498/663/619 500/771/723 510/692/647 508/662/618
f 484/594/549 485/762/715 467/760/713 468/702/656
f 518/785/680 516/784/734 528/690/645 529/691/646
f 419/747/701 445/586/541 441/583/538 442/746/700
f 380/787/736 348/786/735 347/698/592 346/638/592
f 405/669/625 395/788/737 406/624/579 404/668/624
f 478/789/725 476/619/574 494/577/533 495/578/534
f 329/782/732 366/790/738 365/764/717 364/765/718
f 452/733/687 454/616/571 453/613/568 451/758/711
f 395/788/737 433/769/721 407/623/578 406/624/579
f 410/791/739 448/783/733 435/752/705 436/700/654
f 496/688/643 474/792/740 473/657/613 472/658/614
f 422/767/719 421/772/719 443/745/699 442/746/700
f 351/589/544 352/590/545 344/716/669 345/639/593
f 410/597/552 447/793/741 411/582/537 409/596/551
f 423/741/695 424/735/689 415/506/471 417/507/472
f 244/436/404 248/434/406 237/431/403 243/432/404
f 486/794/742 485/762/715 489/599/554 487/628/583
f 482/659/615 481/660/616 493/617/572 492/768/720
f 527/682/638 528/690/645 516/784/734 504/750/567
f 360/604/559 361/605/560 332/654/610 334/677/633
f 474/792/740 476/776/726 475/666/622 473/657/613
f 348/796/744 380/795/743 379/711/664 367/766/664
f 497/633/588 499/634/588 498/798/746 509/797/745
f 520/773/658 518/785/680 529/691/646 530/573/529
f 459/727/681 460/653/609 458/650/606 457/734/688
f 383/749/703 382/756/709 344/716/669 343/695/650
f 283/519/339 287/512/339 281/504/369 282/392/339
f 456/615/570 487/628/583 466/627/582 455/614/569
f 485/762/715 486/794/742 465/738/692 467/760/713
f 510/692/647 513/500/467 512/501/468 511/672/628
f 488/761/714 469/751/704 468/702/656 467/760/713
f 381/755/708 380/787/736 346/638/592 345/639/593
f 432/715/668 394/645/601 403/646/602 431/625/580
f 380/795/743 381/799/747 378/588/543 379/711/664
f 359/443/414 358/444/415 371/397/371 370/517/479
f 357/710/663 356/643/599 373/641/597 372/396/370
f 413/759/712 447/800/748 437/407/380 438/408/381
f 293/498/465 288/405/465 306/406/465 305/497/465
f 333/693/648 335/679/635 334/677/633 332/654/610
f 447/793/741 413/609/564 412/581/536 411/582/537
f 429/753/706 428/701/655 436/700/654 435/752/705
f 447/800/748 410/791/739 436/700/654 437/407/380
f 422/767/719 423/741/695 417/507/472 418/648/604
f 330/655/611 331/777/727 366/801/749 329/694/649
f 487/628/583 456/615/570 463/671/627 486/794/742
f 388/518/480 335/780/730 369/603/558 370/517/479
f 522/575/531 523/576/532 519/620/575 521/703/575
f 381/799/747 382/708/661 377/587/542 378/588/543
f 391/724/678 393/644/600 392/754/707 400/723/677
f 446/608/563 416/509/474 415/506/471 414/606/561
f 401/667/623 404/668/624 403/646/602 402/647/603
f 426/409/382 425/607/562 439/680/636 438/408/381
f 499/634/588 501/414/387 500/411/384 498/798/746
f 354/696/651 355/642/598 341/683/639 342/684/640
f 353/697/652 352/590/545 377/587/542 376/706/659
f 496/781/731 471/709/662 491/592/547 492/768/720
f 486/794/742 463/671/627 464/737/691 465/738/692
f 355/642/598 356/643/599 339/674/630 341/683/639
f 431/625/580 430/626/581 434/714/667 432/715/668
f 507/661/617 508/662/618 506/635/589 505/636/590

v -1.42924988269806 -0.00003759941319 -1.77486217021942
v -1.1581757068634 -0.00014303975331 -2.20426440238953
v -1.51796877384186 -0.00017737480812 -2.10814380645752
v -1.26605653762817 0.00000912801715 -2.27348375320435
v -1.43711805343628 0.15841208398342 -2.23694777488708
v -1.31437110900879 0.00008440243255 -1.70086216926575
v -1.34981107711792 0.12849508225918 -1.66146969795227
v -1.3697202205658 0.11266200244427 -1.63202273845673
v -1.10565638542175 -0.00022594335314 -2.17029333114624
v -1.03138816356659 -0.00009775678336 -2.12266111373901
v -1.02634131908417 -0.00019387224165 -2.11173343658447
v -1.16067206859589 0.28146326541901 -1.94439804553986
v -1.65128087997437 -0.00004404786523 -1.91802668571472
v -1.69645929336548 0.09171592444181 -1.86158847808838
v -1.59945487976074 0.0001294783724 -1.99157810211182
v -1.48812091350555 0.26154342293739 -2.17360639572144
v -1.54998958110809 0.00003099291644 -2.06322360038757
v -1.49012458324432 -0.00011120323325 -1.40590786933899
v -1.41217792034149 -0.00008257711306 -1.72856533527374
v -1.43656277656555 0.07481554895639 -1.62795829772949
v -1.46223413944244 0.14790242910385 -1.52123892307281
v -1.36444664001465 -0.00012557617447 -1.41677486896515
v -1.37290024757385 -0.00007297014963 -1.47995793819427
v -0.35216420888901 -0.0001378844172 -1.89657056331635
v -0.22304129600525 0.16148974001408 -2.0888454914093
v -0.23773442208767 0.1626695394516 -2.10748934745789
v -0.52052330970764 0.18156522512436 -2.4745147228241
v -0.56786495447159 0.08238971978426 -2.53619861602783
v -0.75221335887909 0.32731273770332 -2.11964225769043
v -0.61491531133652 -0.00037751664058 -2.58106327056885
v -0.90835255384445 0.00015427285689 -2.32234215736389
v -0.72557508945465 0.38256415724754 -2.08541584014893
v -0.70647460222244 0.40003165602684 -2.08356595039368
v -0.7204138636589 0.39351335167885 -2.07837891578674
v -0.59477537870407 0.40020498633385 -2.04528880119324
v -0.57747256755829 0.30090594291687 -1.89291405677795
v -0.4716089963913 0.39969772100449 -2.00369453430176
v -0.54233282804489 0.27839639782906 -1.8479608297348
v -0.40411487221718 0.39986598491669 -2.07074856758118
v -0.23983339965343 -0.00039180001477 -2.11046957969666
v -0.23486803472042 0.04979493841529 -2.10389018058777
v -0.45745584368706 -0.0002185508929 -1.73728632926941
v -0.47076803445816 0.04449857771397 -1.75495076179504
v -0.44544926285744 0.39994290471077 -2.02902555465698
v -0.44770175218582 0.39998406171799 -2.19393754005432
v -0.37709656357765 0.40004172921181 -2.09777283668518
v -0.66631764173508 0.39996254444122 -2.11940932273865
v -0.50041496753693 0.39981162548065 -2.26446962356567
v -0.41856727004051 -0.00011990986241 -1.77567791938782
v -0.41296052932739 -0.00022019608878 -1.78191804885864
v -0.8460785150528 0.33359423279762 -2.36091160774231
v -0.83915293216705 0.34296727180481 -2.36858415603638
v -0.81345278024673 0.32361486554146 -2.34244608879089
v -0.80648201704025 0.33340254426003 -2.35044121742249
v -0.77245777845383 0.32322257757187 -2.33117532730103
v -0.73190742731094 0.31699186563492 -2.2886791229248
v -0.84232920408249 0.35298073291779 -2.35874509811401
v -0.80897498130798 0.34296467900276 -2.34022450447083
v -0.81661576032639 0.33334091305733 -2.33297443389893
v -0.78461486101151 0.32394018769264 -2.31557679176331
v -0.78009855747223 0.31359881162643 -2.32392525672913
v -0.77701926231384 0.33314919471741 -2.3225040435791
v -0.73844712972641 0.32811245322227 -2.28219842910767
v -0.74674469232559 0.31836515665054 -2.27606105804443
v -0.74017310142517 0.30794677138329 -2.2824969291687
v -0.70163315534592 0.31699022650719 -2.21289253234863
v -0.69439154863358 0.30640786886215 -2.21858334541321
v -0.65585166215897 0.31545135378838 -2.14897894859314
v -0.64685755968094 0.32445985078812 -2.15510606765747
v -0.69265234470367 0.32628613710403 -2.21865224838257
v -0.68541067838669 0.315703779459 -2.22434282302856
v -0.64861005544662 0.30486899614334 -2.15466952323914
v -0.63961589336395 0.31387749314308 -2.16079688072205
v -0.66249585151672 0.49656671285629 -2.40762996673584
v -0.65907973051071 0.47940075397491 -2.40593910217285
v -0.64544892311096 0.48145154118538 -2.41001510620117
v -0.64536792039871 0.50060665607452 -2.39831519126892
v -0.64196503162384 0.48372808098793 -2.39625668525696
v -0.65899872779846 0.49855583906174 -2.3942391872406
v -0.65636014938354 0.46297359466553 -2.40425848960876
v -0.6426973938942 0.46572649478912 -2.40828943252563
v -0.64032369852066 0.45080196857452 -2.41076016426086
v -0.6499417424202 0.4266003370285 -2.42597150802612
v -0.63858079910278 0.46586000919342 -2.39461088180542
v -0.65558260679245 0.48138988018036 -2.39254856109619
v -0.65224355459213 0.46310704946518 -2.39057993888855
v -0.63488864898682 0.44549950957298 -2.39871120452881
v -0.64857012033463 0.4417570233345 -2.39509272575378
v -0.65327662229538 0.44702279567719 -2.40708684921265
v -0.64454942941666 0.41804176568985 -2.41552758216858
v -0.64122778177261 0.39790672063828 -2.43404483795166
v -0.63863897323608 0.38250172138214 -2.43968892097473
v -0.63610261678696 0.36725708842278 -2.43478989601135
v -0.6335077881813 0.35213980078697 -2.43058109283447
v -0.63479280471802 0.34151661396027 -2.44010448455811
v -0.61282819509506 0.33914175629616 -2.38232421875
v -0.58461803197861 0.32686188817024 -2.31657338142395
v -0.58356577157974 0.31325477361679 -2.3201220035553
v -0.55645310878754 0.31416726112366 -2.2504997253418
v -0.55540078878403 0.30056014657021 -2.25404834747314
v -0.54344707727432 0.3167966902256 -2.25564336776733
v -0.57161206007004 0.32949131727219 -2.32171702384949
v -0.5424399971962 0.3027748465538 -2.25886940956116
v -0.59983545541763 0.34205862879753 -2.38710045814514
v -0.61987692117691 0.35419058799744 -2.43465709686279
v -0.6225169301033 0.36889317631722 -2.43854308128357
v -0.62570470571518 0.3852913081646 -2.44377493858337
v -0.62824290990829 0.40238800644875 -2.43767333030701
v -0.63157784938812 0.42281046509743 -2.41878843307495
v -0.6370153427124 0.43095433712006 -2.42891001701355
v -0.64664417505264 0.40419870615005 -2.44568133354187
v -0.63365930318832 0.40867999196053 -2.44930982589722
v -0.6291247010231 0.38441908359528 -2.45744347572327
v -0.62547171115875 0.36393147706985 -2.4513680934906
v -0.62111681699753 0.3439821600914 -2.44450306892395
v -0.59804147481918 0.32812744379044 -2.39096188545227
v -0.57061821222305 0.31575688719749 -2.32457542419434
v -0.61100226640701 0.32591277360916 -2.38614082336426
v -0.63902544975281 0.36299756169319 -2.44757008552551
v -0.6427555680275 0.38236829638481 -2.45336747169495
v -1.41935205459595 0.41501685976982 -1.99948120117188
v -1.40784525871277 0.38266628980637 -1.98858845233917
v -1.41105258464813 0.34539812803268 -1.99038660526276
v -1.45683228969574 0.30521181225777 -2.01396536827087
v -1.41940152645111 0.41929560899734 -1.98623049259186
v -1.43293952941895 0.41523286700249 -1.98472762107849
v -1.43287682533264 0.41066667437553 -1.99834585189819
v -1.42138755321503 0.38329699635506 -1.97415745258331
v -1.42189908027649 0.38100123405457 -1.9883861541748
v -1.40732049942017 0.38467466831207 -1.97472715377808
v -1.41151165962219 0.34182590246201 -1.97693932056427
v -1.42460823059082 0.3463162779808 -1.97558808326721
v -1.42486429214478 0.34963771700859 -1.98945784568787
v -1.45808911323547 0.29899489879608 -2.00144267082214
v -1.49300062656403 0.25117194652557 -2.02814221382141
v -1.49104726314545 0.25665009021759 -2.04065489768982
v -1.49937260150909 0.21864877641201 -2.04325008392334
v -1.49248504638672 0.19622428715229 -2.05214190483093
v -1.48481845855713 0.17545489966869 -2.06052160263062
v -1.48359358310699 0.18096967041492 -2.07308888435364
v -1.47164440155029 0.17904128134251 -2.05751538276672
v -1.47858250141144 0.19977402687073 -2.04908084869385
v -1.48551273345947 0.21894235908985 -2.04179382324219
v -1.47926604747772 0.24581550061703 -2.02879333496094
v -1.44651889801025 0.29189649224281 -2.00377345085144
v -1.44526207447052 0.2981134057045 -2.01629614830017
v -1.47799587249756 0.25174498558044 -2.04168343544006
v -1.4842426776886 0.22487184405327 -2.05468392372131
v -1.47729909420013 0.2054161131382 -2.06233859062195
v -1.47040617465973 0.18426862359047 -2.0704505443573
v -1.4904865026474 0.20211715996265 -2.06497716903687
v -1.49810254573822 0.22457826137543 -2.05614018440247
v -0.92691630125046 0.00451733823866 -2.4141583442688
v -0.93083840608597 0.01271525584161 -2.42486023902893
v -0.90664637088776 0.03149076551199 -2.42147827148438
v -0.88249957561493 0.04985156655312 -2.41777372360229
v -0.86342310905457 0.06505248695612 -2.41711640357971
v -0.8441127538681 0.07281335443258 -2.41478204727173
v -0.9384680390358 0.02055463753641 -2.41585302352905
v -0.91354751586914 0.03929353505373 -2.41241598129272
v -0.90963870286942 0.03138307109475 -2.4013466835022
v -0.90199583768845 0.0232562571764 -2.41072154045105
v -0.88471817970276 0.05012194812298 -2.39790987968445
v -0.87708854675293 0.04228256642818 -2.40691709518433
v -0.88940072059631 0.0576543174684 -2.40871143341064
v -0.86953192949295 0.07422290742397 -2.40790939331055
v -0.86100763082504 0.06915587931871 -2.39771151542664
v -0.85495722293854 0.05985814705491 -2.40622806549072
v -0.84940272569656 0.0827766135335 -2.406165599823
v -0.84024113416672 0.09373142570257 -2.41321587562561
v -0.83250689506531 0.10035383701324 -2.41396594047546
v -0.82311326265335 0.1057206094265 -2.40833902359009
v -0.81405317783356 0.09838283061981 -2.41650128364563
v -0.81299114227295 0.1110507696867 -2.40265703201294
v -0.78793907165527 0.11187951266766 -2.37394666671753
v -0.75637525320053 0.11097441613674 -2.33534646034241
v -0.74655479192734 0.10430213809013 -2.34340906143188
v -0.72481137514114 0.11006931960583 -2.29674625396729
v -0.71947538852692 0.1223898306489 -2.30085301399231
v -0.7510392665863 0.12329492717981 -2.33945322036743
v -0.78260308504105 0.12420000135899 -2.37805342674255
v -0.81108248233795 0.12307406961918 -2.41021180152893
v -0.82336890697479 0.11600194126368 -2.41757369041443
v -0.83566862344742 0.10921723395586 -2.42456793785095
v -0.84875220060349 0.09851103276014 -2.4237813949585
v -0.8595381975174 0.08568315207958 -2.41591787338257
v -0.85430669784546 0.07559259235859 -2.4238440990448
v -0.83413231372833 0.08456100523472 -2.42242288589478
v -0.84268856048584 0.08892589062452 -2.43266558647156
v -0.82803899049759 0.10137785226107 -2.43357515335083
v -0.8149921298027 0.10911549627781 -2.42611360549927
v -0.80197721719742 0.1161509975791 -2.418696641922
v -0.7735111117363 0.11756435781717 -2.38617086410522
v -0.74121880531311 0.11662264913321 -2.34751582145691
v -0.70965492725372 0.11571755260229 -2.30891537666321
v -0.71499091386795 0.1033970490098 -2.30480885505676
v -0.77889227867126 0.1048291400075 -2.38174152374268
v -0.80388587713242 0.10412771999836 -2.41114187240601
v -0.82487726211548 0.09251443296671 -2.42297315597534
v -0.41719767451286 0.05203438177705 -1.86620771884918
v -0.40962859988213 0.06181828677654 -1.87239980697632
v -0.39788308739662 0.05398561060429 -1.83858215808868
v -0.39026883244514 0.06418424099684 -1.84509706497192
v -0.37919333577156 0.05651549249887 -1.81202459335327
v -0.37090903520584 0.06655019521713 -1.81779420375824
v -0.35796192288399 0.05302702262998 -1.78422582149506
v -0.34905275702476 0.06248306110501 -1.78892755508423
v -0.33027520775795 0.03787613287568 -1.7524094581604
v -0.41831395030022 0.07218647748232 -1.86718654632568
v -0.39899933338165 0.07413770258427 -1.83956110477448
v -0.42592820525169 0.06198784336448 -1.86067175865173
v -0.40656840801239 0.06435380131006 -1.83336889743805
v -0.38725379109383 0.06630502641201 -1.80574345588684
v -0.37896952033043 0.07633972167969 -1.8115131855011
v -0.35578644275665 0.07223214954138 -1.78078866004944
v -0.36468231678009 0.06248868629336 -1.77645432949066
v -0.33638402819633 0.04704655706882 -1.74320256710052
v -0.30796885490417 0.03185904026031 -1.71133124828339
v -0.2925865650177 0.03846474736929 -1.68689465522766
v -0.2815777361393 0.0560809597373 -1.66529786586761
v -0.27024123072624 0.04847333580256 -1.66486775875092
v -0.26568537950516 0.08285980671644 -1.65365386009216
v -0.27601090073586 0.06479223072529 -1.67487299442291
v -0.28560253977776 0.04796503484249 -1.69525730609894
v -0.29974299669266 0.0417664386332 -1.71641075611114
v -0.32603117823601 0.05671676620841 -1.74742698669434
v -0.32069602608681 0.04716823622584 -1.75636613368988
v -0.30068203806877 0.02169140987098 -1.71734464168549
v -0.29239773750305 0.03172611445189 -1.72311425209045
v -0.27492824196815 0.03895690664649 -1.69672000408173
v -0.26394593715668 0.05714796856046 -1.67438805103302
v -0.28118374943733 0.02941999025643 -1.68830227851868
v -0.36129447817802 0.31083628535271 -2.08435416221619
v -0.34282279014587 0.30972811579704 -2.05733060836792
v -0.32430589199066 0.3090346455574 -2.03062987327576
v -0.31271457672119 0.29896822571754 -1.99625658988953
v -0.30443030595779 0.30900290608406 -2.00202631950378
v -0.36935496330261 0.32062584161758 -2.07807302474976
v -0.3508380651474 0.31993237137794 -2.05137228965759
v -0.37758079171181 0.31071844696999 -2.072993516922
v -0.35906392335892 0.31002497673035 -2.04629278182983
v -0.36957877874374 0.30080160498619 -2.07858443260193
v -0.35106188058853 0.30010816454887 -2.05188369750977
v -0.34059223532677 0.30891677737236 -2.01926922798157
v -0.33254501223564 0.29941469430923 -2.02518272399902
v -0.33232119679451 0.31923893094063 -2.02467131614685
v -0.31243231892586 0.31891974806786 -1.99643540382385
v -0.32071661949158 0.30888506770134 -1.99066567420959
v -0.29753848910332 0.31046035885811 -1.95608603954315
v -0.28882122039795 0.30079433321953 -1.96125435829163
v -0.27364513278008 0.31228643655777 -1.92108392715454
v -0.26561656594276 0.30179476737976 -1.92740988731384
v -0.25654834508896 0.30668553709984 -1.89830315113068
v -0.24694475531578 0.29439640045166 -1.88775396347046
v -0.24345222115517 0.28728601336479 -1.89985167980194
v -0.23655422031879 0.28219792246819 -1.87784004211426
v -0.22508439421654 0.26277735829353 -1.86757481098175
v -0.21298186480999 0.24121369421482 -1.85738921165466
v -0.20083421468735 0.22006477415562 -1.84752631187439
v -0.18872910737991 0.22646740078926 -1.84794676303864
v -0.20083163678646 0.24803103506565 -1.85813224315643
v -0.21288892626762 0.27000942826271 -1.86864054203033
v -0.22504203021526 0.28988137841225 -1.87928330898285
v -0.23538738489151 0.30249455571175 -1.88951992988586
v -0.2463575899601 0.31568640470505 -1.90082442760468
v -0.26541927456856 0.32219386100769 -1.92616331577301
v -0.2892541885376 0.32049506902695 -1.96185576915741
v -0.28052365779877 0.31054159998894 -1.96739161014557
v -0.25734552741051 0.31211689114571 -1.93281197547913
v -0.24087361991405 0.30709463357925 -1.91109907627106
v -0.23190812766552 0.29567158222198 -1.90125012397766
v -0.22224606573582 0.28350976109505 -1.89139115810394
v -0.21073107421398 0.26450389623642 -1.88144862651825
v -0.19862858951092 0.24294026196003 -1.87126314640045
v -0.18652606010437 0.22137659788132 -1.86107754707336
v -0.21077883243561 0.23612290620804 -1.87051999568939
v -0.22288136184216 0.25768655538559 -1.88070559501648
v -0.23371307551861 0.27624103426933 -1.89027047157288
v -0.25185132026672 0.29800310730934 -1.90794253349304
v -0.84928667545319 0.34290558099747 -2.3511176109314
v -0.64886498451233 0.49861750006676 -2.41170573234558
v -1.44442868232727 0.44260248541832 -2.00891590118408
v -1.44449150562286 0.44716867804527 -1.99529767036438
v -1.43090403079987 0.44695270061493 -2.01005148887634
v -1.43096673488617 0.45151886343956 -1.99643313884735
v -0.93378555774689 0.01302224677056 -2.40505146980286
v -0.27126547694206 0.07443596422672 -1.64371109008789
v -0.25920048356056 0.06679169088602 -1.64322602748871
v -0.25362038612366 0.07521553337574 -1.65316879749298
v -0.1986311674118 0.21497398614883 -1.86065721511841
# 290 vertices

vn 0.91332995891571 -0.32569372653961 0.24444217979908
vn 0.73320984840393 -0.05268910527229 0.67795813083649
vn 0.65992641448975 0.01506296079606 0.75117921829224
vn 0.92027682065964 0.27519550919533 0.27813309431076
vn -0.58932876586914 0.80467838048935 -0.07200198620558
vn -0.59540712833405 0.80018866062164 -0.07203134894371
vn -0.59529662132263 0.80027067661285 -0.07203310728073
vn -0.59538692235947 0.80020356178284 -0.07203269004822
vn 0.08668973296881 0.9841815829277 -0.15450397133827
vn -0.31337887048721 0.94257408380508 -0.11553267389536
vn -0.14419254660606 -0.60277104377747 -0.78477740287781
vn -0.54711645841599 0.13481810688972 -0.82612812519073
vn -0.1108136177063 -0.64069396257401 -0.7597576379776
vn 0.69444853067398 -0.12028316408396 -0.70941752195358
vn 0.71482384204864 -0.12772078812122 -0.6875422000885
vn 0.5273032784462 0.74243724346161 0.41320475935936
vn 0.54676604270935 0.72364628314972 0.42116859555244
vn 0.69629395008087 0.53391599655151 -0.47969624400139
vn 0.66862696409225 0.54459530115128 -0.50631403923035
vn 0.52663838863373 0.1414410918951 0.83824008703232
vn 0.45682790875435 0.23913305997849 0.85681015253067
vn -0.29288750886917 0.5022714138031 0.81359714269638
vn -0.29281544685364 0.50225502252579 0.81363320350647
vn -0.29288002848625 0.50225859880447 0.81360775232315
vn 0.34388470649719 0.9262136220932 -0.15450435876846
vn 0.34406992793083 0.92617624998093 -0.1543158441782
vn 0.34385049343109 0.92620569467545 -0.15462805330753
vn -0.34412997961044 -0.92610722780228 0.15459598600864
vn -0.34388637542725 -0.92618680000305 0.1546613574028
vn 0.34382131695747 0.92624247074127 -0.15447270870209
vn 0.34413328766823 0.92605358362198 -0.15490998327732
vn -0.49954378604889 0.69467371702194 0.51757550239563
vn -0.52777135372162 0.72837322950363 0.43695518374443
vn -0.58945566415787 0.80496233701706 -0.06765834242105
vn 0.85506516695023 -0.23854069411755 0.46039322018623
vn 0.85505241155624 -0.23859964311123 0.46038636565208
vn 0.65595263242722 0.73601692914963 -0.16734759509563
vn 0.80672037601471 0.46795660257339 0.36085847020149
vn 0.65594571828842 0.73600924015045 -0.16740834712982
vn -0.343795388937 -0.92625689506531 0.15444386005402
vn 0.05275020375848 -0.78700304031372 -0.61468982696533
vn -0.85496383905411 0.23885110020638 -0.46042042970657
vn -0.85496973991394 0.23888401687145 -0.46039235591888
vn -0.85498410463333 0.23891054093838 -0.46035200357437
vn -0.58932745456696 0.80467659235001 -0.07203307002783
vn 0.73369044065475 0.44462677836418 0.51381456851959
vn 0.54454970359802 0.31007301807404 0.77930760383606
vn 0.0956883430481 -0.00740631576627 0.99538379907608
vn -0.05090700462461 0.78716790676117 0.61463415622711
vn -0.05078287795186 0.78711891174316 0.61470717191696
vn -0.05087610706687 0.78714221715927 0.6146696805954
vn -0.05084424093366 0.78710126876831 0.61472469568253
vn 0.74458855390549 0.43939039111137 -0.50251758098602
vn 0.74461275339127 0.43935495615005 -0.5025127530098
vn 0.37225317955017 0.13287614285946 0.91857033967972
vn 0.65332841873169 0.01506286859512 0.75692474842072
vn 0.65339636802673 0.01493798848242 0.75686854124069
vn 0.4463202059269 0.1043768003583 0.88876527547836
vn 0.91334158182144 -0.32572913169861 0.24435152113438
vn -0.85497862100601 0.2388152629137 -0.46041157841682
vn -0.85499095916748 0.23881869018078 -0.46038693189621
vn -0.85495746135712 0.23888057470322 -0.4604170024395
vn 0.98673611879349 0.13547113537788 0.08943907916546
vn -0.98546594381332 0.06028299033642 -0.15881708264351
vn -0.9854708313942 0.06028328835964 -0.15878662467003
vn -0.98545426130295 0.06031352654099 -0.15887770056725
vn -0.98545241355896 0.06034466251731 -0.15887740254402
vn -0.18831856548786 0.28604045510292 0.93953019380569
vn -0.18197207152843 0.29016155004501 0.93951714038849
vn 0.34388303756714 0.92624044418335 -0.15434736013412
vn 0.76692640781403 -0.11284671723843 -0.63173532485962
vn 0.16850383579731 -0.73351669311523 -0.65845251083374
vn 0.05284572020173 -0.78702938556671 -0.61464792490005
vn -0.74493587017059 -0.43879866600037 0.50251996517181
vn -0.74494975805283 -0.43878847360611 0.50250822305679
vn -0.74492561817169 -0.43882390856743 0.50251305103302
vn -0.74495846033096 -0.43873110413551 0.50254541635513
vn 0.82997965812683 0.52928817272186 0.17603355646133
vn 0.82996988296509 0.52930194139481 0.17603813111782
vn 0.95133596658707 0.30472627282143 -0.04584488272667
vn 0.85505920648575 -0.23850779235363 0.46042129397392
vn 0.65332877635956 0.01503162458539 0.75692510604858
vn 0.04531334713101 -0.78748351335526 -0.61466777324677
vn 0.74460101127625 0.43934804201126 -0.50253617763519
vn -0.70274442434311 -0.2441339045763 0.66824316978455
vn -0.7123886346817 0.10518951714039 0.69385701417923
vn -0.53698569536209 -0.71921020746231 -0.44088891148567
vn -0.65704083442688 -0.37866175174713 -0.6518532037735
vn 0.65642499923706 0.02259439602494 0.7540528178215
vn -0.74492412805557 -0.43879178166389 0.50254333019257
vn -0.05090755596757 0.787113904953 0.61470323801041
vn -0.05087614059448 0.78736144304276 0.61438882350922
vn -0.05087583512068 0.78716915845871 0.61463510990143
vn 0.4202995300293 0.57721263170242 -0.70012420415878
vn 0.42029032111168 0.57719999551773 -0.70014011859894
vn 0.18094182014465 0.70317304134369 0.68761014938354
vn 0.18091142177582 0.70323878526688 0.68755090236664
vn -0.52045947313309 -0.51924073696136 0.6778724193573
vn -0.50972956418991 -0.55373048782349 0.65845143795013
vn -0.71770149469376 0.65363770723343 -0.24012967944145
vn -0.75782710313797 0.20891027152538 -0.61810564994812
vn 0.34376454353333 0.92625790834427 -0.15450651943684
vn 0.34379208087921 0.92624795436859 -0.15450486540794
vn -0.84166944026947 -0.39800626039505 0.36494323611259
vn -0.8434898853302 -0.39785373210907 0.3608840405941
vn -0.38951230049133 0.9157789349556 0.09812810271978
vn -0.38951110839844 0.91577613353729 0.098159044981
vn 0.45514187216759 0.42576578259468 -0.78202903270721
vn 0.343535810709 0.66313380002975 -0.66500878334045
vn -0.84189110994339 0.17637836933136 -0.51000982522964
vn -0.8456546664238 -0.03775132447481 -0.53239369392395
vn -0.29988279938698 0.23850618302822 -0.92368018627167
vn -0.20612831413746 0.42244428396225 -0.88263916969299
vn -0.76320320367813 0.56382411718369 0.31563147902489
vn -0.8048934340477 0.45816674828529 0.37713366746902
vn -0.76651501655579 -0.37506982684135 0.52132272720337
vn -0.76651853322983 -0.37510278820992 0.5212938785553
vn 0.00753141753376 0.80198663473129 0.59729450941086
vn -0.4166631102562 -0.57607197761536 0.70323032140732
vn -0.41814512014389 -0.57880914211273 0.70009618997574
vn 0.87586349248886 -0.05275119096041 0.47966706752777
vn 0.87083649635315 -0.15006662905216 0.46810665726662
vn -0.36060407757759 -0.67992573976517 0.63848704099655
vn -0.4181435406208 -0.57877564430237 0.70012480020523
vn 0.68414789438248 0.51389217376709 -0.51754856109619
vn -0.41001373529434 -0.31276047229767 -0.85677862167358
vn -0.47128760814667 -0.24372205138206 -0.84763646125793
vn 0.59871137142181 -0.80093818902969 -0.0065315105021
vn 0.73178726434708 -0.64247405529022 0.22740812599659
vn 0.71054524183273 0.37753865122795 -0.59379291534424
vn 0.61136090755463 0.45820033550262 -0.64520561695099
vn -0.17703719437122 -0.60111391544342 -0.77930736541748
vn 0.03018793277442 -0.7491357922554 -0.66172826290131
vn 0.74695378541946 0.34413248300552 -0.56888741254807
vn 0.70923519134521 0.4705109000206 -0.52498090267181
vn -0.78953516483307 -0.48415863513947 0.37712687253952
vn -0.74226796627045 -0.5336691737175 0.40525978803635
vn 0.0188125949353 0.77494132518768 0.63175314664841
vn -0.2806351184845 0.9199081659317 0.27388489246368
vn -0.70483207702637 -0.47291937470436 0.52873343229294
vn -0.71788930892944 -0.42097714543343 0.5544485449791
vn 0.09203246980906 0.66679012775421 0.73954105377197
vn 0.17822265625 0.59723180532455 0.7820171713829
vn -0.59270244836807 0.80539530515671 0.00650016358122
vn -0.6877121925354 0.72240090370178 -0.07203383743763
vn 0.61710798740387 0.55841910839081 -0.55438780784607
vn 0.78314328193665 0.41366589069366 -0.46429207921028
vn 0.76830267906189 0.46026283502579 -0.44482487440109
vn -0.00750013394281 0.74388825893402 0.66826194524765
vn -0.07162782549858 0.80143785476685 0.59377336502075
vn -0.67670065164566 -0.72335779666901 0.13722141087055
vn -0.67830246686935 -0.72102248668671 0.1415356695652
vn 0.6650829911232 -0.51214075088501 0.54348546266556
vn 0.6633248925209 -0.51829093694687 0.53979128599167
vn 0.4652915596962 0.0901894941926 -0.88055074214935
vn -0.6570485830307 -0.37863498926163 -0.65186095237732
vn -0.00940654613078 -0.80196273326874 -0.59730005264282
vn -0.00946904160082 -0.80196225643158 -0.59729969501495
vn 0.7646199464798 0.37895050644875 -0.52129918336868
vn -0.950792491436 0.27562826871872 -0.14150168001652
vn -0.91238862276077 0.31153592467308 -0.26550397276878
vn 0.27716049551964 0.91173273324966 -0.3031921684742
vn 0.28641325235367 0.95002323389053 -0.12419053912163
vn -0.32907372713089 -0.72564971446991 0.60427057743073
vn -0.52591860294342 -0.66032803058624 0.53607511520386
vn 0.43801113963127 -0.59767138957977 -0.67151707410812
vn 0.5167647600174 -0.67914438247681 -0.52126485109329
vn 0.65880954265594 0.54952359199524 -0.51380330324173
vn 0.54157435894012 0.12690904736519 0.8310182094574
vn 0.61669945716858 0.5087286233902 -0.60073041915894
vn 0.61670750379562 0.5086727142334 -0.60076946020126
vn 0.68526417016983 0.03012562170625 0.72767126560211
vn 0.68526476621628 0.03009440004826 0.72767198085785
vn -0.06575171649456 -0.61632859706879 0.7847393155098
vn -0.02634422294796 -0.60197955369949 0.79807680845261
vn 0.65585201978683 -0.62913298606873 -0.41719275712967
vn 0.63665771484375 -0.63268893957138 -0.44087600708008
vn -0.03393794596195 0.77444767951965 0.631727039814
vn -0.04147008433938 0.77955639362335 0.62495762109756
vn -0.77753263711929 -0.41986137628555 0.46814465522766
vn -0.7751681804657 -0.41994398832321 0.4719760119915
vn 0.03965657949448 -0.77966272830963 -0.62494271993637
vn 0.03206272050738 -0.77450525760651 -0.6317543387413
vn -0.66746777296066 0.51292943954468 -0.5398057103157
vn -0.6656721830368 0.51913744211197 -0.53607535362244
vn 0.40351331233978 0.32110434770584 0.85677826404572
vn -0.77276164293289 -0.42000633478165 0.47585093975067
vn -0.7578940987587 -0.40201011300087 0.51379418373108
vn 0.03015689738095 -0.78279805183411 -0.62154465913773
vn 0.0941890925169 -0.81451374292374 -0.57244718074799
vn 0.83998799324036 0.40154045820236 -0.36494585871696
vn 0.84146225452423 0.31791558861732 -0.43688786029816
vn 0.31491631269455 -0.90077871084213 -0.29904079437256
vn 0.38951230049133 -0.9157789349556 -0.09812810271978
vn 0.63664293289185 -0.63267409801483 -0.44091865420341
vn 0.65582567453384 -0.62913769483566 -0.4172271490097
vn 0.04346933215857 0.59403920173645 -0.80326074361801
vn 0.06603302806616 0.61629778146744 -0.7847398519516
vn 0.15578427910805 -0.36763215065002 0.91683030128479
vn -0.18200244009495 -0.61375826597214 0.76822906732559
vn 0.61502194404602 -0.56427013874054 -0.55076962709427
vn 0.73601901531219 -0.48529374599457 -0.47198092937469
vn 0.76894408464432 -0.20862677693367 0.6043176651001
vn -0.7648840546608 -0.38834834098816 0.51394355297089
vn -0.78344422578812 -0.41308254003525 0.46430376172066
vn 0.70796000957489 0.46395221352577 -0.53248566389084
vn -0.71769219636917 0.65366053581238 -0.2400953322649
vn -0.68529438972473 -0.03021932952106 -0.72763890028
vn -0.75779914855957 0.20891119539738 -0.61813962459564
vn 0.10722114890814 0.68073397874832 -0.72464120388031
vn 0.73604446649551 -0.48525872826576 -0.47197723388672
vn 0.61498111486435 -0.56429260969162 -0.55079227685928
vn 0.93570792675018 -0.00753141473979 0.35269519686699
vn 0.96226608753204 -0.17265912890434 0.21031601727009
vn 0.81968778371811 0.40073415637016 0.40929701924324
vn -0.8881767988205 0.41691589355469 -0.19319196045399
vn -0.88816523551941 0.41694170236588 -0.19318944215775
vn 0.51747447252274 -0.82835298776627 -0.21459612250328
vn 0.68510538339615 0.65038603544235 -0.32806804776192
vn 0.68520402908325 0.65032821893692 -0.32797667384148
vn -0.23584865033627 0.62351298332214 0.7453904747963
vn -0.78015667200088 -0.42354843020439 0.46039366722107
vn -0.06025214865804 0.79449707269669 0.60427153110504
vn 0.63995534181595 0.69870698451996 -0.31979015469551
vn 0.67433667182922 0.72636979818344 -0.13287976384163
vn 0.63635224103928 -0.65635246038437 0.40528666973114
vn -0.47870218753815 -0.6434885263443 0.59729957580566
vn -0.3588510453701 -0.89229941368103 0.27391183376312
vn -0.91139227151871 0.0716263577342 -0.40525767207146
vn -0.96383911371231 0.13181614875793 -0.23160015046597
vn 0.3917880654335 0.85957741737366 -0.32806819677353
vn 0.42239072918892 0.66614985466003 -0.61467915773392
vn -0.17700357735157 -0.60113716125488 -0.77929699420929
vn -0.10915974527597 -0.67720913887024 -0.72764825820923
vn -0.11568812280893 0.39047086238861 -0.91331744194031
vn -0.72202491760254 0.48726680874825 0.49117317795753
vn -0.6529575586319 0.61017501354218 0.44870129227638
vn -0.67308235168457 -0.65442562103271 0.34451016783714
vn 0.25056821107864 -0.62476426362991 -0.73951685428619
vn -0.71554726362228 0.12375276535749 0.68751537799835
vn -0.52726709842682 -0.74243032932282 -0.4132633805275
vn 0.30088636279106 -0.23719644546509 0.92369109392166
vn 0.19225335121155 -0.44569528102875 0.87429648637772
vn 0.9006587266922 -0.31129291653633 0.30316758155823
vn -0.27312940359116 -0.89173310995102 0.3608495593071
vn -0.28882104158401 -0.94871550798416 0.1285350471735
vn -0.91237449645996 0.31157299876213 -0.26550894975662
vn -0.9507964849472 0.27559816837311 -0.14153352379799
vn 0.74445521831512 0.53063768148422 -0.40522843599319
vn 0 -0.75548285245895 -0.65516841411591
vn -0.26444274187088 -0.53360432386398 -0.80332839488983
vn -0.45150321722031 -0.43947187066078 0.77653676271439
vn -0.84562653303146 -0.03775006905198 -0.53243845701218
vn 0.84863865375519 0.01506274193525 0.52875846624374
vn -0.65614438056946 -0.54564118385315 0.5212966799736
vn -0.65704661607742 -0.51469951868057 0.55079406499863
vn 0.6366702914238 -0.63267022371292 -0.44088473916054
vn -0.6393278837204 0.62998390197754 0.44088563323021
vn -0.63931906223297 0.62997525930405 0.4409107863903
vn 0.09422246366739 -0.81450086832047 -0.57246005535126
vn 0.03018796816468 -0.78282463550568 -0.62150967121124
vn 0.75709021091461 0.45964181423187 -0.46426698565483
vn 0.77288973331451 0.41994550824165 -0.47569659352303
vn -0.1793821901083 -0.703653216362 -0.68752759695053
vn -0.17937825620174 -0.70366895198822 -0.68751245737076
vn 0.84001922607422 0.40144667029381 -0.36497712135315
vn 0.38950991630554 -0.91577333211899 -0.09819000214338
vn -0.55409866571426 -0.53812980651855 0.6351306438446
vn -0.71674185991287 -0.42767000198364 0.5507989525795
vn -0.01131284702569 -0.77233618497849 -0.63511323928833
vn -0.08097077906132 -0.70323634147644 -0.70633018016815
vn 0.7763352394104 0.41335585713387 -0.47585770487785
vn 0.78195118904114 0.40710085630417 -0.47203949093819
vn -0.61238217353821 -0.51384973526001 0.60078823566437
vn -0.75534576177597 -0.60099518299103 0.26126149296761
vn -0.68529570102692 -0.03015688434243 -0.72764027118683
vn -0.71554446220398 0.12378353625536 0.68751269578934
vn 0.52727389335632 0.74243992567062 0.41323745250702
vn 0.54432880878448 0.48963969945908 -0.68114542961121
vn 0.15544004738331 0.77057510614395 0.61810386180878
vn 0.38951110839844 -0.91577613353729 -0.098159044981
vn 0.31485113501549 -0.90080237388611 -0.29903826117516
vn -0.70081841945648 -0.46631646156311 0.53981709480286
vn 0.61116915941238 -0.78026646375656 0.13287781178951
vn -0.59394645690918 0.70847946405411 0.38116198778152
vn -0.74771386384964 0.56001973152161 -0.35679385066032
vn -0.51463758945465 0.6807354092598 0.52129405736923
vn 0.714839220047 -0.12772352993488 -0.68752574920654
vn -0.52726030349731 -0.74242073297501 -0.41328927874565
vn -0.68311524391174 -0.65248930454254 0.32804158329964
vn 0.24019187688828 -0.62185508012772 -0.74538856744766
vn 0.06978260725737 -0.80160939693451 -0.59376156330109
vn -0.1091883033514 -0.67722374200821 -0.72763031721115
vn 0.73181086778641 0.49151989817619 -0.47208160161972
vn 0.22506414353848 0.51265996694565 0.82856857776642
vn 0.42184737324715 0.57225489616394 -0.70325607061386
vn 0.87586200237274 -0.05278235301375 0.47966629266739
vn -0.33791625499725 0.73592799901962 0.58670485019684
vn -0.68949282169342 -0.4096705019474 0.59730207920074
vn -0.60860258340836 -0.45716288685799 0.64854067564011
vn -0.17937834560871 -0.70363807678223 -0.68754404783249
vn -0.17944276332855 -0.70361441373825 -0.68755143880844
vn 0.67320758104324 0.72661542892456 -0.137191593647
vn -0.66567188501358 0.51910591125488 -0.53610634803772
vn -0.6674565076828 0.51292079687119 -0.53982782363892
vn -0.87584888935089 0.05278156325221 -0.47969031333923
vn -0.87374097108841 0.05284509435296 -0.48351228237152
vn 0.03209457173944 -0.77451980113983 -0.63173490762711
vn 0.03965754434466 -0.77965050935745 -0.62495791912079
vn 0.77488058805466 0.42045745253563 -0.47199115157127
vn 0.33473065495491 0.72305697202682 -0.6042714715004
vn 0.51669955253601 -0.67917209863663 -0.52129340171814
vn -0.96384310722351 0.13178543746471 -0.23160110414028
vn -0.91140174865723 0.07165835797787 -0.40523067116737
vn 0.9502272605896 -0.27534624934196 0.14578256011009
vn -0.61723077297211 -0.50800985097885 0.6007929444313
vn -0.74767863750458 0.56004804372787 -0.35682317614555
vn -0.68766617774963 0.72244799137115 -0.07200103998184
vn 0.09418980777264 -0.81448864936829 -0.57248270511627
vn 0.77278327941895 0.41998684406281 -0.47583299875259
vn -0.08840906620026 0.81261968612671 0.57604956626892
vn -0.0921905040741 0.81471407413483 0.57248741388321
vn 0.06025075167418 0.79975998401642 0.59728872776031
vn 0.71689838171005 0.39788797497749 -0.57248741388321
vn -0.84186446666718 0.17631684243679 -0.51007503271103
vn 0.80299466848373 -0.46148362755775 -0.37713715434074
vn -0.29291319847107 0.50223064422607 0.81361305713654
vn -0.04143836349249 0.7740786075592 0.63173186779022
vn -0.53023242950439 -0.1420661509037 -0.83586531877518
vn 0.6588271856308 0.54951232671738 -0.51379269361496
vn 0.54154586791992 0.12700341641903 0.83102238178253
vn -0.53695142269135 -0.71923738718033 -0.44088640809059
vn -0.24156644940376 0.63860422372818 0.73063695430756
vn -0.41813439130783 -0.57876300811768 0.70014071464539
vn -0.87374383211136 0.05278276652098 -0.48351389169693
vn -0.87584602832794 0.0528438873589 -0.47968873381615
vn 0.47351449728012 0.76474219560623 -0.43698215484619
vn 0.43800294399261 -0.59769153594971 -0.67150449752808
vn 0.03018785081804 -0.7491649389267 -0.66169518232346
vn -0.69133841991425 -0.50417512655258 0.51755064725876
vn 0.80302679538727 -0.46145290136337 -0.3771063387394
vn -0.06581521779299 -0.61630672216415 0.78475117683411
vn 0.63661557435989 -0.63267797231674 -0.44095262885094
vn -0.68312221765518 -0.6524646282196 0.32807615399361
vn 0.24022690951824 -0.62186485528946 -0.74536913633347
vn 0.37438601255417 0.05984551087022 0.92533975839615
vn -0.5926319360733 0.80544692277908 0.00653132610023
vn -0.08100182563066 -0.7032345533371 -0.70632845163345
vn 0.09425174444914 -0.8144838809967 -0.57247936725616
vn -0.54148346185684 -0.12747219204903 -0.83099126815796
vn 0.06981371343136 -0.80160760879517 -0.5937602519989
vn 0.66591680049896 0.66591680049896 -0.33631780743599
vn 0.25063169002533 -0.62473541498184 -0.73951971530914
vn -0.52726167440414 -0.74245393276215 -0.41322788596153
vn -0.03390688076615 0.77442067861557 0.6317617893219
vn -0.7751544713974 -0.41992220282555 0.4720179438591
vn 0.75261431932449 -0.58232837915421 -0.30735212564468
vn 0.75265526771545 -0.58227336406708 -0.30735608935356
vn -0.68526220321655 -0.03021928854287 -0.72766923904419
vn -0.40997672080994 -0.31275609135628 -0.85679793357849
vn 0.24016243219376 -0.62185972929001 -0.74539417028427
vn -0.23629148304462 0.81762915849686 0.52502274513245
vn -0.23631882667542 0.817646920681 0.52498281002045
vn -0.23632098734379 0.81762313842773 0.52501887083054
vn 0.38956651091576 -0.91575944423676 -0.09809476137161
vn -0.66174364089966 -0.54598927497864 0.51380056142807
vn -0.66173303127289 -0.54598051309586 0.51382356882095
vn -0.54142737388611 -0.12744246423244 -0.83103239536285
vn -0.5414252281189 -0.12747320532799 -0.83102905750275
vn 0.06037698313594 -0.79183852672577 -0.60773873329163
vn -0.01134386844933 -0.77232056856155 -0.63513165712357
vn -0.38960239291191 0.86058157682419 0.32803854346275
vn -0.38959839940071 0.86057275533676 0.32806640863419
vn -0.54141330718994 -0.12743915617466 -0.83104205131531
vn -0.76869922876358 -0.46706962585449 -0.43697538971901
vn -0.7687104344368 -0.46704518795013 -0.43698179721832
vn -0.76873368024826 -0.46704033017159 -0.43694600462914
vn 0.06040812283754 -0.79183703660965 -0.60773760080338
vn -0.5302300453186 -0.14209678769112 -0.83586156368256
vn -0.47126331925392 -0.24372562766075 -0.84764891862869
vn -0.00943773332983 -0.80198860168457 -0.59726476669312
vn 0.03206335380673 -0.77452057600021 -0.6317355632782
vn 0.7748589515686 0.42047697305679 -0.47200924158096
vn -0.05084466561675 0.78717041015625 0.61463606357574
vn 0.36154380440712 -0.60858362913132 -0.7063370347023
vn -0.68529504537582 -0.03018810600042 -0.72763961553574
# 386 normals

vt 1.73267292976379 0.13484501838684 0
vt 1.70353543758392 0.11850786209106 0
vt 1.70013606548309 0.11682152748108 0
vt 1.75804674625397 0.19386959075928 0
vt 1.7748007774353 0.32224798202515 0
vt 1.65897941589355 0.28219568729401 0
vt 1.6928516626358 0.37463235855103 0
vt 1.78111386299133 0.34627950191498 0
vt 1.72344601154327 0.26153707504272 0
vt 1.76423847675323 0.2995867729187 0
vt 1.91162526607513 0.15856027603149 0
vt 1.86439836025238 0.1756352186203 0
vt 1.88564443588257 0.21716320514679 0
vt 1.17833304405212 0.25342118740082 0
vt 1.1943587064743 0.25363194942474 0
vt 1.1943587064743 0.25057530403137 0
vt 1.17833304405212 0.25036454200745 0
vt 1.53150308132172 0.1680463552475 0
vt 1.53684496879578 0.16815173625946 0
vt 1.53684496879578 0.16498970985413 0
vt 1.53150308132172 0.16498970985413 0
vt 1.99721658229828 0.66648769378662 0
vt 1.99721658229828 0.58132368326187 0
vt 1.98896098136902 0.66648769378662 0
vt 1.77662181854248 0.36103558540344 0
vt 1.83598935604095 0.43587028980255 0
vt 1.81365072727203 0.36967849731445 0
vt 1.8027241230011 0.54569816589355 0
vt 1.78706276416779 0.5219829082489 0
vt 1.73048758506775 0.49879467487335 0
vt 1.72138214111328 0.54569816589355 0
vt 1.75974643230438 0.36240577697754 0
vt 1.75319051742554 0.43608117103577 0
vt 1.67694747447968 0.26016688346863 0
vt 1.66456413269043 0.25826966762543 0
vt 1.66067910194397 0.25911283493042 0
vt 1.659707903862 0.26311802864075 0
vt 1.88515877723694 0.22896814346313 0
vt 1.9399129152298 0.26659631729126 0
vt 1.95217490196228 0.15856027603149 0
vt 1.93894171714783 0.15856027603149 0
vt 1.73170161247253 0.49025726318359 0
vt 1.69090926647186 0.49668669700623 0
vt 1.76059627532959 0.19766402244568 0
vt 1.7224748134613 0.2244359254837 0
vt 1.7230818271637 0.24509453773499 0
vt 1.52324748039246 0.41152262687683 0
vt 1.3705188035965 0.37410533428192 0
vt 1.36918330192566 0.38559401035309 0
vt 1.37416100502014 0.4145792722702 0
vt 1.85177218914032 0.51755607128143 0
vt 1.81012988090515 0.45916390419006 0
vt 1.83562517166138 0.54106050729752 0
vt 1.72211050987244 0.26185321807861 0
vt 1.90106296539307 0.81320589780808 0
vt 1.87593197822571 0.77726411819458 0
vt 1.86269867420197 0.8006631731987 0
vt 1.49156057834625 0.27155017852783 0
vt 1.49447429180145 0.2271763086319 0
vt 1.46873617172241 0.23740029335022 0
vt 1.4678863286972 0.24994289875031 0
vt 1.46958601474762 0.52598816156387 0
vt 1.37950277328491 0.47486865520477 0
vt 1.3699117898941 0.49700284004211 0
vt 1.37476801872253 0.4983731508255 0
vt 1.69758653640747 0.21747946739197 0
vt 1.70462810993195 0.21842801570892 0
vt 1.68192517757416 0.12293469905853 0
vt 1.66869187355042 0.18343496322632 0
vt 1.77565062046051 0.17605686187744 0
vt 1.78293490409851 0.16593837738037 0
vt 1.86051344871521 0.50185132026672 0
vt 1.75901794433594 0.19355344772339 0
vt 1.65703690052032 0.13853406906128 0
vt 1.6338484287262 0.15286862850189 0
vt 1.61053848266602 0.1685733795166 0
vt 1.62996339797974 0.20388269424438 0
vt 1.68058967590332 0.23676788806915 0
vt 1.66468548774719 0.19766402244568 0
vt 1.97342097759247 0.15887653827667 0
vt 1.97099280357361 0.15856027603149 0
vt 1.65679407119751 0.20577991008759 0
vt 1.65703690052032 0.19218325614929 0
vt 1.37731754779816 0.36598944664001 0
vt 1.48682570457458 0.33089089393616 0
vt 1.48063397407532 0.31729423999786 0
vt 1.42636549472809 0.32182645797729 0
vt 1.92279469966888 0.79528772830963 0
vt 1.88952946662903 0.77715873718262 0
vt 1.94319093227386 0.77715873718262 0
vt 1.73097324371338 0.36809742450714 0
vt 1.68690276145935 0.11060285568237 0
vt 1.88370192050934 0.26659631729126 0
vt 1.88443040847778 0.24741327762604 0
vt 1.38375198841095 0.46496093273163 0
vt 1.49071073532104 0.50944018363953 0
vt 1.50831460952759 0.49573802947998 0
vt 1.16425001621246 0.24657011032104 0
vt 1.17833304405212 0.24730789661407 0
vt 1.17845451831818 0.2442512512207 0
vt 1.16400718688965 0.24309194087982 0
vt 1.71579742431641 0.22222244739532 0
vt 1.47941994667053 0.31455373764038 0
vt 1.41337513923645 0.32361829280853 0
vt 1.46752214431763 0.25763726234436 0
vt 1.46934330463409 0.22938978672028 0
vt 1.51329219341278 0.27249872684479 0
vt 1.51329219341278 0.28409290313721 0
vt 1.67002737522125 0.803930580616 0
vt 1.67014873027802 0.81225728988647 0
vt 1.67318391799927 0.81225728988647 0
vt 1.6730625629425 0.803930580616 0
vt 1.9561812877655 0.13832330703735 0
vt 1.94913971424103 0.13863945007324 0
vt 1.94938254356384 0.14148533344269 0
vt 1.9561812877655 0.14106369018555 0
vt 1.73522233963013 0.36620020866394 0
vt 1.73267292976379 0.36809742450714 0
vt 1.36894047260284 0.38749122619629 0
vt 1.06384718418121 0.00699365139008 0
vt 1.05789828300476 0.00688827037811 0
vt 1.05789828300476 0.00962865352631 0
vt 1.06372582912445 0.00962865352631 0
vt 1.15987932682037 0.25352656841278 0
vt 1.15575158596039 0.25352656841278 0
vt 1.15550875663757 0.25616157054901 0
vt 1.15963649749756 0.25647783279419 0
vt 1.78499889373779 0.7358415722847 0
vt 1.78888380527496 0.73573613166809 0
vt 1.78888380527496 0.73320651054382 0
vt 1.78512024879456 0.73278492689133 0
vt 1.67609763145447 0.86611717939377 0
vt 1.67609763145447 0.84988540410995 0
vt 1.67318391799927 0.84988540410995 0
vt 1.67318391799927 0.86611717939377 0
vt 1.67621910572052 0.81215184926987 0
vt 1.67609763145447 0.803930580616 0
vt 1.13426268100739 0.24994289875031 0
vt 1.13729786872864 0.24983751773834 0
vt 1.13729786872864 0.24762415885925 0
vt 1.13426268100739 0.24751877784729 0
vt 1.52761816978455 0.1680463552475 0
vt 1.52737534046173 0.17110300064087 0
vt 1.53138172626495 0.17120838165283 0
vt 1.93602788448334 0.13610982894897 0
vt 1.94901835918427 0.13600444793701 0
vt 1.94901835918427 0.13326406478882 0
vt 1.93614935874939 0.13315868377686 0
vt 1.03337430953979 0.01574194431305 0
vt 1.04417943954468 0.01647973060608 0
vt 1.04417943954468 0.01331770420074 0
vt 1.03349566459656 0.01268529891968 0
vt 1.05146384239197 0.00636124610901 0
vt 1.04417943954468 0.00604510307312 0
vt 1.04417943954468 0.00973403453827 0
vt 1.05134236812592 0.00973403453827 0
vt 1.03349566459656 0.00667750835419 0
vt 1.02402603626251 0.00688827037811 0
vt 1.02402603626251 0.00973403453827 0
vt 1.03361713886261 0.00973403453827 0
vt 1.93614935874939 0.13010203838348 0
vt 1.92194485664368 0.12978577613831 0
vt 1.92182338237762 0.13294780254364 0
vt 1.50964999198914 0.16794097423553 0
vt 1.51826989650726 0.16783559322357 0
vt 1.51814842224121 0.16498970985413 0
vt 1.50964999198914 0.16498970985413 0
vt 1.90336966514587 0.13958811759949 0
vt 1.90859019756317 0.13969349861145 0
vt 1.90859019756317 0.13653147220612 0
vt 1.90349113941193 0.13663685321808 0
vt 1.16437137126923 0.25426435470581 0
vt 1.16425001621246 0.25721561908722 0
vt 1.66735649108887 0.84988540410995 0
vt 1.66735649108887 0.86611717939377 0
vt 1.67027020454407 0.86611717939377 0
vt 1.67027020454407 0.84988540410995 0
vt 1.1455534696579 0.25521302223206 0
vt 1.15101671218872 0.25563454627991 0
vt 1.15125954151154 0.25310492515564 0
vt 1.14567482471466 0.25268340110779 0
vt 1.79483270645142 0.73004448413849 0
vt 1.79786789417267 0.73004448413849 0
vt 1.79774653911591 0.72677707672119 0
vt 1.79495418071747 0.72688245773315 0
vt 1.54279386997223 0.16815173625946 0
vt 1.54279386997223 0.16498970985413 0
vt 1.9701429605484 0.13263165950775 0
vt 1.9628586769104 0.13284242153168 0
vt 1.96298003196716 0.13568830490112 0
vt 1.9701429605484 0.13558292388916 0
vt 1.76909470558166 0.72930669784546 0
vt 1.77552914619446 0.72941207885742 0
vt 1.77565062046051 0.72656625509262 0
vt 1.76921606063843 0.72635543346405 0
vt 1.48634004592896 0.16488432884216 0
vt 1.49326026439667 0.16488432884216 0
vt 1.49326026439667 0.16182768344879 0
vt 1.48634004592896 0.16182768344879 0
vt 1.49326026439667 0.15887653827667 0
vt 1.48646152019501 0.15887653827667 0
vt 1.90336966514587 0.14275014400482 0
vt 1.90846872329712 0.14285552501678 0
vt 1.52773952484131 0.16509521007538 0
vt 1.00970017910004 0.00678288936615 0
vt 1.01662027835846 0.00688827037811 0
vt 1.01662027835846 0.00404238700867 0
vt 1.0098215341568 0.00383162498474 0
vt 1.05789828300476 0.01247453689575 0
vt 1.05158519744873 0.01300156116486 0
vt 1.05170667171478 0.01605808734894 0
vt 1.05814111232758 0.01532030105591 0
vt 1.76860904693604 0.73805499076843 0
vt 1.77504360675812 0.73847657442093 0
vt 1.7754077911377 0.73552536964416 0
vt 1.76885187625885 0.73510372638702 0
vt 1.78924810886383 0.73004448413849 0
vt 1.79179763793945 0.73004448413849 0
vt 1.79191899299622 0.72667163610458 0
vt 1.78912663459778 0.72667163610458 0
vt 1.95605993270874 0.13579368591309 0
vt 1.51826989650726 0.16224932670593 0
vt 1.50964999198914 0.16203856468201 0
vt 1.95605993270874 0.13336944580078 0
vt 1.94913971424103 0.13041818141937 0
vt 1.96273720264435 0.12999665737152 0
vt 1.95593845844269 0.13062906265259 0
vt 1.79191899299622 0.73573613166809 0
vt 1.78900527954102 0.73847657442093 0
vt 1.79179763793945 0.7386873960495 0
vt 1.50867879390717 0.49352467060089 0
vt 1.15587294101715 0.25046992301941 0
vt 1.15150237083435 0.25036454200745 0
vt 1.16437137126923 0.25068080425262 0
vt 1.37841022014618 0.00277757644653 0
vt 1.37841022014618 0.0058342218399 0
vt 1.38144528865814 0.0058342218399 0
vt 1.38144528865814 0.00277757644653 0
vt 1.60798895359039 0.00277757644653 0
vt 1.6050751209259 0.00277757644653 0
vt 1.6050751209259 0.0058342218399 0
vt 1.60798895359039 0.0058342218399 0
vt 1.81741428375244 0.73552536964416 0
vt 1.82821941375732 0.73520916700363 0
vt 1.82809793949127 0.73215252161026 0
vt 1.81729280948639 0.73246872425079 0
vt 1.50078737735748 0.16193306446075 0
vt 1.50066602230072 0.16498970985413 0
vt 1.91393208503723 0.13305330276489 0
vt 1.90859019756317 0.13347482681274 0
vt 1.91393208503723 0.13663685321808 0
vt 1.15587294101715 0.24699175357819 0
vt 1.15162372589111 0.24709713459015 0
vt 1.13729786872864 0.25489675998688 0
vt 1.14033305644989 0.25510764122009 0
vt 1.14045441150665 0.25236713886261 0
vt 1.1374192237854 0.25236713886261 0
vt 1.03337430953979 0.00372624397278 0
vt 1.02390468120575 0.0039370059967 0
vt 1.7812352180481 0.73594695329666 0
vt 1.78135669231415 0.73246872425079 0
vt 1.77552914619446 0.73246872425079 0
vt 1.80648767948151 0.72962290048599 0
vt 1.80648767948151 0.72667163610458 0
vt 1.1943587064743 0.24751877784729 0
vt 1.1943587064743 0.24446213245392 0
vt 1.78548443317413 0.72983366250992 0
vt 1.78147804737091 0.72951745986938 0
vt 1.14057576656342 0.24973213672638 0
vt 1.14057576656342 0.24762415885925 0
vt 1.14579629898071 0.24741327762604 0
vt 1.15125954151154 0.24414587020874 0
vt 1.1455534696579 0.24477827548981 0
vt 1.52385449409485 0.16773021221161 0
vt 1.51826989650726 0.17078685760498 0
vt 1.52385449409485 0.17078685760498 0
vt 1.16000080108643 0.24709713459015 0
vt 1.15987932682037 0.24414587020874 0
vt 1.16012215614319 0.25036454200745 0
vt 1.53684496879578 0.16193306446075 0
vt 1.53150308132172 0.16214394569397 0
vt 1.76229596138 0.7377387881279 0
vt 1.76241731643677 0.73478752374649 0
vt 1.76897323131561 0.73215252161026 0
vt 1.76253879070282 0.73194169998169 0
vt 1.00970017910004 0.01553118228912 0
vt 1.01662027835846 0.01542568206787 0
vt 1.0164989233017 0.01247453689575 0
vt 1.00970017910004 0.01257991790771 0
vt 1.67913281917572 0.81215184926987 0
vt 1.67901146411896 0.803930580616 0
vt 1.06384718418121 0.01236915588379 0
vt 1.06396865844727 0.01510953903198 0
vt 1.67646193504334 0.82068932056427 0
vt 1.67621910572052 0.83333748579025 0
vt 1.67925417423248 0.83344286680222 0
vt 1.67961847782135 0.82068932056427 0
vt 1.49326026439667 0.16794097423553 0
vt 1.50066602230072 0.16794097423553 0
vt 1.96298003196716 0.13853406906128 0
vt 1.91405344009399 0.14011514186859 0
vt 1.97002160549164 0.12978577613831 0
vt 1.21014142036438 0.24751877784729 0
vt 1.21014142036438 0.25057530403137 0
vt 1.67002737522125 0.82079476118088 0
vt 1.67318391799927 0.82079476118088 0
vt 1.05801975727081 0.00414788722992 0
vt 1.05182802677155 0.00330460071564 0
vt 1.92194485664368 0.13958811759949 0
vt 1.92170202732086 0.13642609119415 0
vt 1.79191899299622 0.73331189155579 0
vt 1.91368925571442 0.12957501411438 0
vt 1.79495418071747 0.73299568891525 0
vt 1.21014142036438 0.25363194942474 0
vt 1.1943587064743 0.25679397583008 0
vt 1.21014142036438 0.25679397583008 0
vt 1.81729280948639 0.72941207885742 0
vt 1.81717145442963 0.72635543346405 0
vt 1.50964999198914 0.17099761962891 0
vt 1.02390468120575 0.01553118228912 0
vt 1.02402603626251 0.01257991790771 0
vt 1.52385449409485 0.16498970985413 0
vt 1.13134896755219 0.25247251987457 0
vt 1.13438415527344 0.25236713886261 0
vt 1.13122749328613 0.25004839897156 0
vt 1.79798924922943 0.73310112953186 0
vt 1.52385449409485 0.16246008872986 0
vt 1.93614935874939 0.13916647434235 0
vt 1.66711366176605 0.803930580616 0
vt 1.66711366176605 0.81225728988647 0
vt 1.90336966514587 0.13358020782471 0
vt 1.90834736824036 0.13041818141937 0
vt 1.90336966514587 0.13052368164062 0
vt 1.13134896755219 0.25489675998688 0
vt 1.13438415527344 0.25489675998688 0
vt 1.48634004592896 0.17078685760498 0
vt 1.49326026439667 0.17089223861694 0
vt 1.48634004592896 0.16783559322357 0
vt 1.79495418071747 0.7358415722847 0
vt 1.79495418071747 0.73889815807343 0
vt 1.14045441150665 0.24519991874695 0
vt 1.13729786872864 0.24530529975891 0
vt 1.14579629898071 0.25004839897156 0
vt 1.97026443481445 0.13842868804932 0
vt 1.91393208503723 0.14317178726196 0
vt 1.92206621170044 0.14285552501678 0
vt 1.00277996063232 0.01553118228912 0
vt 1.00277996063232 0.01257991790771 0
vt 1.00970017910004 0.00962865352631 0
vt 1.00277996063232 0.00962865352631 0
vt 1.67318391799927 0.83333748579025 0
vt 1.67027020454407 0.83333748579025 0
vt 1.15587294101715 0.24361884593964 0
vt 1.78536307811737 0.73879277706146 0
vt 1.90956139564514 0.66648769378662 0
vt 1.90956139564514 0.58132368326187 0
vt 1.01662027835846 0.00973403453827 0
vt 1.53684496879578 0.17131376266479 0
vt 1.54886424541473 0.16815173625946 0
vt 1.54886424541473 0.16498970985413 0
vt 1.17833304405212 0.25679397583008 0
vt 1.80660915374756 0.73267948627472 0
vt 1.13122749328613 0.24751877784729 0
vt 1.13438415527344 0.24509453773499 0
vt 1.13134896755219 0.24498915672302 0
vt 1.52385449409485 0.15950894355774 0
vt 1.51839125156403 0.15929806232452 0
vt 1.79811072349548 0.73573613166809 0
vt 1.79811072349548 0.7386873960495 0
vt 1.04417943954468 0.00277757644653 0
vt 1.52761816978455 0.16214394569397 0
vt 1.78560590744019 0.72677707672119 0
vt 1.76266014575958 0.72899049520493 0
vt 1.76278150081635 0.72614467144012 0
vt 1.82797658443451 0.72909587621689 0
vt 1.82797658443451 0.72603923082352 0
vt 1.61660873889923 0.00277757644653 0
vt 1.61357355117798 0.00277757644653 0
vt 1.61357355117798 0.0058342218399 0
vt 1.61660873889923 0.0058342218399 0
vt 1.93627071380615 0.14222311973572 0
vt 1.00277996063232 0.00667750835419 0
vt 1.6669921875 0.82079476118088 0
vt 1.00277996063232 0.00383162498474 0
vt 1.54279386997223 0.17141926288605 0
vt 1.50977146625519 0.1590873003006 0
vt 1.80660915374756 0.73573613166809 0
vt 1.80660915374756 0.73879277706146 0
vt 1.21014142036438 0.24446213245392 0
vt 1.47954142093658 0.1647789478302 0
vt 1.47954142093658 0.16182768344879 0
vt 1.7812352180481 0.73931980133057 0
vt 1.78159952163696 0.72656625509262 0
vt 1.96298003196716 0.14137995243073 0
vt 1.52737534046173 0.1590873003006 0
vt 1.81741428375244 0.73858195543289 0
vt 1.82821941375732 0.73826575279236 0
vt 1.39552843570709 0.0058342218399 0
vt 1.39856350421906 0.0058342218399 0
vt 1.39856350421906 0.00277757644653 0
vt 1.39552843570709 0.00277757644653 0
vt 1.06384718418121 0.00425326824188 0
vt 1.54886424541473 0.16182768344879 0
vt 1.54279386997223 0.16182768344879 0
vt 1.54886424541473 0.15856027603149 0
vt 1.54279386997223 0.15866565704346 0
vt 1.50078737735748 0.15887653827667 0
vt 1.47954142093658 0.15887653827667 0
vt 1.66723501682281 0.83344286680222 0
vt 1.54170119762421 0.00277757644653 0
vt 1.54170119762421 0.0058342218399 0
vt 1.54473638534546 0.0058342218399 0
vt 1.54473638534546 0.00277757644653 0
vt 1.54886424541473 0.17141926288605 0
vt 1.42126643657684 0.00277757644653 0
vt 1.42126643657684 0.0058342218399 0
vt 1.4243016242981 0.0058342218399 0
vt 1.4243016242981 0.00277757644653 0
vt 1.50066602230072 0.17099761962891 0
vt 1.53672361373901 0.15877103805542 0
vt 1.53138172626495 0.15898191928864 0
vt 1.67901146411896 0.84999084472656 0
vt 1.47941994667053 0.17078685760498 0
vt 1.47941994667053 0.16773021221161 0
vt 1.51329219341278 0.22707092761993 0
vt 1.96892893314362 0.26659631729126 0
vt 1.97317814826965 0.15993046760559 0
vt 1.67901146411896 0.86611717939377 0
vt 1.97026443481445 0.14137995243073 0
# 429 texture coordinates

o model-02
usemtl mat--0000
f 557/805/753 581/804/752 582/803/751 556/802/750
f 562/809/757 563/808/756 561/807/755 560/806/754
f 559/811/759 560/806/754 580/810/758
f 535/814/762 537/813/761 536/812/760
f 636/818/766 634/817/765 649/816/764 648/815/763
f 795/822/770 794/821/769 805/820/768 804/819/767
f 539/825/773 546/824/772 540/823/771
f 536/828/776 537/827/775 534/826/774
f 533/832/778 540/831/778 546/830/777 545/829/777
f 534/826/774 544/834/780 541/833/779
f 564/838/783 566/837/782 565/836/781 579/835/754
f 534/842/36 541/841/37 533/840/36 549/839/36
f 538/844/785 539/843/784 540/831/784
f 577/847/788 578/846/787 557/805/753 558/845/786
f 533/832/778 538/844/789 540/831/778
f 556/851/35 581/850/790 574/849/36 563/848/36
f 547/854/793 548/853/792 549/852/791
f 561/807/755 579/835/754 580/855/794 560/806/754
f 550/858/797 554/857/796 553/856/795
f 576/862/801 571/861/800 577/860/799 567/859/798
f 558/866/803 557/865/803 573/864/803 559/863/802
f 570/870/807 575/869/806 576/868/805 569/867/804
f 535/814/762 536/812/760 534/842/36 549/839/36
f 572/872/808 573/871/808 556/802/750
f 546/830/810 548/853/792 547/854/793 545/829/809
f 548/853/792 537/827/811 535/873/811 549/852/791
f 573/871/808 557/874/812 556/802/750
f 550/878/816 553/877/815 552/876/814 551/875/813
f 568/880/818 570/870/807 569/867/804 567/879/817
f 537/827/775 548/853/819 544/834/780 534/826/774
f 542/882/821 543/881/820 541/841/37
f 561/807/755 564/838/783 579/835/754
f 550/878/36 551/875/12 555/884/12 554/883/822
f 568/888/826 564/887/825 561/886/824 575/885/823
f 555/890/828 552/889/827 553/856/795 554/857/796
f 555/890/828 551/891/829 552/889/827
f 544/834/830 539/843/784 538/844/785 543/892/784
f 575/869/806 574/893/831 581/804/752
f 547/895/12 549/839/36 533/840/36 545/894/832
f 562/898/833 560/897/833 572/896/802
f 627/902/837 650/901/836 628/900/835 626/899/834
f 557/805/753 578/846/787 571/903/838 576/868/805
f 566/837/782 568/880/818 567/879/817 565/836/781
f 559/811/759 580/810/758 577/847/788 558/845/786
f 568/888/826 566/904/825 564/887/825
f 570/905/839 568/888/826 575/885/823
f 569/906/800 576/862/801 567/859/798
f 575/885/823 561/886/824 563/848/823 574/849/823
f 577/860/799 571/861/800 578/907/840
f 565/909/842 567/859/798 579/908/841
f 589/913/846 590/912/845 586/911/844 584/910/843
f 661/917/850 665/916/849 664/915/848 660/914/847
f 543/919/852 542/918/851 541/833/779 544/834/780
f 556/851/35 582/920/36 581/850/790
f 754/924/856 755/923/855 752/922/854 819/921/853
f 651/928/860 652/927/859 645/926/858 646/925/857
f 718/932/864 717/931/863 721/930/862 719/929/861
f 601/936/867 602/935/867 598/934/866 600/933/865
f 812/938/869 591/937/868 590/912/845 589/913/846
f 617/942/873 618/941/872 616/940/871 610/939/870
f 810/945/876 787/944/875 803/943/874 804/819/767
f 678/949/880 655/948/879 663/947/878 677/946/877
f 759/953/884 761/952/883 760/951/882 740/950/881
f 756/957/888 757/956/887 750/955/886 751/954/885
f 758/961/892 747/960/891 748/959/890 749/958/889
f 678/949/880 679/964/895 668/963/894 656/962/893
f 799/968/899 798/967/898 801/966/897 800/965/896
f 673/972/903 674/971/902 670/970/901 671/969/900
f 627/974/905 651/928/860 646/925/857 647/973/904
f 603/978/908 605/977/908 604/976/907 599/975/906
f 642/982/912 644/981/911 643/980/910 615/979/909
f 705/986/916 730/985/915 706/984/914 704/983/913
f 794/821/769 793/988/918 806/987/917 805/820/768
f 817/992/922 657/991/921 653/990/920 816/989/919
f 694/996/926 696/995/925 695/994/924 693/993/923
f 773/1000/930 776/999/929 778/998/928 771/997/927
f 775/1002/932 777/1001/931 776/999/929 773/1000/930
f 683/1004/934 672/1003/933 671/969/900 670/970/901
f 796/1005/935 795/822/770 804/819/767 803/943/874
f 734/1009/939 736/1008/938 745/1007/937 744/1006/936
f 753/1013/943 764/1012/942 762/1011/941 763/1010/940
f 687/1017/947 688/1016/946 696/1015/945 694/1014/944
f 720/1021/951 731/1020/950 703/1019/949 702/1018/948
f 660/914/847 664/915/848 663/947/878 662/1022/952
f 798/967/898 799/968/899 781/1024/954 783/1023/953
f 662/1022/952 663/947/878 655/948/879 654/1025/955
f 655/948/879 678/949/880 656/962/893 665/1026/956
f 653/990/920 654/1025/955 661/1028/958 659/1027/957
f 731/1031/961 720/1030/960 721/930/862 722/1029/959
f 572/896/35 556/851/35 563/848/36 562/1032/36
f 640/1034/963 639/1033/962 645/926/858 644/981/911
f 637/1035/964 636/818/766 648/815/763 647/973/904
f 731/1020/950 705/986/916 704/983/913 703/1019/949
f 812/1039/966 589/1038/965 584/1037/966 583/1036/965
f 822/1043/967 807/1042/967 792/1041/967 791/1040/967
f 712/1047/970 711/1046/970 727/1045/969 726/1044/968
f 799/968/899 779/1049/972 780/1048/971 781/1024/954
f 675/1052/975 674/971/902 681/1051/974 680/1050/973
f 639/1033/962 640/1034/963 623/1054/977 624/1053/976
f 613/1058/981 614/1057/980 621/1056/979 612/1055/978
f 738/1060/983 740/1059/982 749/958/889 748/959/890
f 697/1063/986 698/1062/985 689/1061/984 688/1016/946
f 730/985/915 729/1065/988 707/1064/987 706/984/914
f 650/901/836 630/1067/990 629/1066/989 628/900/835
f 718/932/864 698/1062/985 699/1069/992 701/1068/991
f 618/941/872 620/1071/994 619/1070/993 616/940/871
f 615/1074/997 643/1073/996 623/1054/977 622/1072/995
f 575/869/806 581/804/752 557/805/753 576/868/805
f 811/1077/1000 784/1076/999 801/966/897 802/1075/998
f 651/1079/1002 627/902/837 626/899/834 625/1078/1001
f 638/1080/1003 637/1035/964 647/973/904 646/925/857
f 794/821/769 795/822/770 788/1082/1005 789/1081/1004
f 686/1084/947 687/1017/947 694/1014/944 685/1083/1006
f 691/1086/1008 692/1085/1007 687/1017/947 686/1084/947
f 735/1090/1012 737/1089/1011 736/1088/1010 734/1087/1009
f 583/1092/1014 585/1091/1013 591/937/868 812/938/869
f 820/1094/1016 753/1013/943 763/1010/940 821/1093/1015
f 593/1098/1020 597/1097/1019 596/1096/1018 592/1095/1017
f 778/998/928 779/1049/972 769/1100/1022 767/1099/1021
f 658/1101/1023 660/914/847 662/1022/952 657/991/921
f 616/940/871 619/1070/993 614/1057/980 613/1058/981
f 674/971/902 675/1052/975 669/1102/1024 670/970/901
f 816/989/919 653/990/920 659/1027/957 814/1103/1025
f 800/965/896 769/1100/1022 779/1049/972 799/968/899
f 633/1105/1027 634/817/765 629/1066/989 631/1104/1026
f 590/912/845 594/1107/1029 587/1106/1028 586/911/844
f 764/1109/1031 753/1108/1030 752/922/854 751/954/885
f 675/1052/975 676/1111/1033 667/1110/1032 669/1102/1024
f 716/1112/1034 717/931/863 702/1018/948 703/1019/949
f 684/1113/1035 668/963/894 679/964/895 680/1050/973
f 715/1114/1036 716/1112/1034 703/1019/949 704/983/913
f 632/1117/1038 630/1116/1038 649/816/764 635/1115/1037
f 729/1065/988 709/1119/1040 708/1118/1039 707/1064/987
f 800/965/896 801/966/897 784/1076/999 782/1120/1041
f 739/1122/1043 759/953/884 740/950/881 738/1121/1042
f 797/1123/1044 796/1005/935 803/943/874 802/1075/998
f 609/1126/1046 610/939/870 608/1125/1045 813/1124/843
f 714/1127/1047 715/1114/1036 704/983/913 706/984/914
f 654/1025/955 655/948/879 665/1026/956 661/1028/958
f 797/1123/1044 798/967/898 783/1023/953 785/1128/1048
f 676/1111/1033 677/946/877 666/1129/1049 667/1110/1032
f 764/1012/942 760/951/882 761/952/883 762/1011/941
f 755/923/855 756/957/888 751/954/885 752/922/854
f 584/910/843 586/911/844 585/1131/1051 583/1130/1050
f 672/1134/1054 683/1133/1053 681/1051/974 682/1132/1052
f 776/999/929 780/1048/971 779/1049/972 778/998/928
f 813/1124/843 608/1125/1045 607/1136/1056 606/1135/1055
f 766/1139/1059 767/1099/1021 777/1138/1058 775/1137/1057
f 705/1141/1061 731/1031/961 722/1029/959 723/1140/1060
f 612/1143/1063 621/1142/1062 620/1071/994 618/941/872
f 637/1035/964 638/1080/1003 625/1078/1001 626/899/834
f 640/1034/963 641/1144/1064 622/1072/995 623/1054/977
f 683/1133/1053 684/1113/1035 680/1050/973 681/1051/974
f 677/946/877 663/947/878 664/915/848 666/1129/1049
f 815/1145/1065 658/1101/1023 657/991/921 817/992/922
f 693/993/923 695/994/924 697/1063/986 692/1085/1007
f 668/1147/1067 684/1146/1066 669/1102/1024 667/1110/1032
f 733/1149/1069 735/1090/1012 734/1087/1009 732/1148/1068
f 741/1151/1071 742/1150/1070 735/1090/1012 733/1149/1069
f 603/978/908 588/1153/1073 595/1152/1072 602/935/867
f 652/1154/1074 651/1079/1002 625/1078/1001 624/1053/976
f 719/929/861 721/930/862 720/1030/960 690/1155/1075
f 591/937/868 592/1095/1017 594/1107/1029 590/912/845
f 548/1157/1076 546/824/772 539/825/773 544/1156/773
f 746/1158/1077 747/960/891 739/1122/1043 737/1089/1011
f 736/1008/938 738/1060/983 748/959/890 745/1007/937
f 614/1057/980 642/982/912 615/979/909 621/1056/979
f 608/1125/1045 613/1058/981 612/1055/978 607/1136/1056
f 809/1159/1078 810/945/876 804/819/767 805/820/768
f 793/988/918 792/1161/1080 807/1160/1079 806/987/917
f 650/1162/1081 627/974/905 647/973/904 648/815/763
f 712/1047/970 713/1163/1082 707/1064/987 708/1118/1039
f 606/1166/1085 607/1165/1084 617/942/873 611/1164/1083
f 784/1168/999 811/1167/1000 785/1128/1048 783/1023/953
f 642/982/912 614/1057/980 619/1070/993 641/1144/1064
f 730/1170/1087 705/1141/1061 723/1140/1060 724/1169/1086
f 760/1171/1088 764/1109/1031 751/954/885 750/955/886
f 787/944/875 811/1077/1000 802/1075/998 803/943/874
f 639/1033/962 638/1080/1003 646/925/857 645/926/858
f 796/1005/935 797/1123/1044 785/1128/1048 786/1172/1089
f 756/957/888 755/923/855 763/1010/940 762/1011/941
f 690/1173/1090 720/1021/951 702/1018/948 701/1068/991
f 610/939/870 616/940/871 613/1058/981 608/1125/1045
f 759/953/884 739/1122/1043 747/960/891 758/961/892
f 795/822/770 796/1005/935 786/1172/1089 788/1082/1005
f 685/1175/1092 694/996/926 693/993/923 818/1174/1091
f 611/1164/1083 617/942/873 610/939/870 609/1126/1046
f 709/1119/1040 728/1177/1094 710/1176/1093 708/1118/1039
f 711/1046/970 712/1047/970 708/1118/1039 710/1176/1093
f 820/1181/1095 821/1180/1095 754/1179/1095 819/1178/1095
f 713/1163/1082 714/1127/1047 706/984/914 707/1064/987
f 621/1142/1062 615/1074/997 622/1072/995 620/1071/994
f 665/916/849 656/1182/1096 666/1129/1049 664/915/848
f 559/863/802 573/864/803 572/896/802 560/897/833
f 743/1183/936 744/1006/936 742/1150/1070 741/1151/1071
f 586/911/844 587/1106/1028 593/1184/1097 585/1131/1051
f 592/1095/1017 596/1096/1018 595/1152/1072 594/1107/1029
f 656/1182/1096 668/1147/1067 667/1110/1032 666/1129/1049
f 732/1185/1098 734/1009/939 744/1006/936 743/1183/936
f 808/1186/1099 809/1159/1078 805/820/768 806/987/917
f 715/1114/1036 714/1127/1047 724/1169/1086 723/1140/1060
f 782/1187/1100 784/1168/999 783/1023/953 781/1024/954
f 684/1146/1066 683/1004/934 670/970/901 669/1102/1024
f 716/1112/1034 715/1114/1036 723/1140/1060 722/1029/959
f 636/818/766 637/1035/964 626/899/834 628/900/835
f 638/1080/1003 639/1033/962 624/1053/976 625/1078/1001
f 719/929/861 689/1061/984 698/1062/985 718/932/864
f 729/1189/1102 730/1170/1087 724/1169/1086 725/1188/1101
f 757/956/887 756/957/888 762/1011/941 761/952/883
f 652/927/859 643/980/910 644/981/911 645/926/858
f 713/1163/1082 712/1047/970 726/1044/968 725/1188/1101
f 630/1067/990 632/1190/1103 631/1104/1026 629/1066/989
f 772/1192/1105 773/1000/930 771/997/927 770/1191/1104
f 641/1144/1064 640/1034/963 644/981/911 642/982/912
f 688/1016/946 689/1061/984 700/1193/1106 696/1015/945
f 717/931/863 716/1112/1034 722/1029/959 721/930/862
f 700/1194/1107 690/1173/1090 701/1068/991 699/1069/992
f 757/956/887 758/961/892 749/958/889 750/955/886
f 696/995/925 700/1194/1107 699/1069/992 695/994/924
f 585/1091/1013 593/1098/1020 592/1095/1017 591/937/868
f 643/1073/996 652/1154/1074 624/1053/976 623/1054/977
f 657/991/921 662/1022/952 654/1025/955 653/990/920
f 771/997/927 778/998/928 767/1099/1021 766/1139/1059
f 602/935/867 595/1152/1072 596/1096/1018 598/934/866
f 659/1195/1108 661/917/850 660/914/847 658/1101/1023
f 811/1167/1000 787/1196/1109 786/1172/1089 785/1128/1048
f 677/946/877 676/1111/1033 679/964/895 678/949/880
f 728/1198/1110 709/1197/1110 726/1044/968 727/1045/969
f 611/1202/1111 609/1201/1113 813/1200/1112 606/1199/1111
f 753/1108/1030 820/1203/1114 819/921/853 752/922/854
f 630/1116/1038 650/1162/1081 648/815/763 649/816/764
f 792/1161/1080 793/988/918 790/1205/1116 791/1204/1115
f 808/1207/1118 822/1206/1117 791/1204/1115 790/1205/1116
f 777/1001/931 768/1208/1119 780/1048/971 776/999/929
f 709/1197/1110 729/1189/1102 725/1188/1101 726/1044/968
f 774/1209/1057 775/1002/932 773/1000/930 772/1192/1105
f 692/1085/1007 697/1063/986 688/1016/946 687/1017/947
f 588/1153/1073 603/978/908 599/975/906 597/1210/1120
f 818/1174/1091 693/993/923 692/1085/1007 691/1086/1008
f 641/1144/1064 619/1070/993 620/1071/994 622/1072/995
f 798/967/898 797/1123/1044 802/1075/998 801/966/897
f 594/1107/1029 595/1152/1072 588/1153/1073 587/1106/1028
f 745/1007/937 748/959/890 747/960/891 746/1158/1077
f 587/1106/1028 588/1153/1073 597/1210/1120 593/1184/1097
f 755/923/855 754/924/856 821/1093/1015 763/1010/940
f 635/1115/1037 649/816/764 634/817/765 633/1105/1027
f 815/1214/1122 817/1213/1122 816/1212/1122 814/1211/1121
f 822/1215/1123 808/1186/1099 806/987/917 807/1160/1079
f 742/1150/1070 746/1158/1077 737/1089/1011 735/1090/1012
f 818/1219/1126 691/1218/1125 686/1217/1124 685/1216/1124
f 769/1100/1022 800/965/896 782/1120/1041 768/1220/1127
f 607/1165/1084 612/1143/1063 618/941/872 617/942/873
f 758/961/892 757/956/887 761/952/883 759/953/884
f 793/988/918 794/821/769 789/1081/1004 790/1205/1116
f 767/1099/1021 769/1100/1022 768/1220/1127 777/1138/1058
f 714/1127/1047 713/1163/1082 725/1188/1101 724/1169/1086
f 810/1222/1129 809/1221/1128 789/1081/1004 788/1082/1005
f 737/1089/1011 739/1122/1043 738/1121/1042 736/1088/1010
f 695/994/924 699/1069/992 698/1062/985 697/1063/986
f 717/931/863 718/932/864 701/1068/991 702/1018/948
f 768/1208/1119 782/1187/1100 781/1024/954 780/1048/971
f 597/1097/1019 599/1223/1130 598/934/866 596/1096/1018
f 744/1006/936 745/1007/937 746/1158/1077 742/1150/1070
f 809/1221/1128 808/1207/1118 790/1205/1116 789/1081/1004
f 634/817/765 636/818/766 628/900/835 629/1066/989
f 765/1225/1132 766/1139/1059 775/1137/1057 774/1224/1131
f 577/860/799 580/1226/1133 579/908/841 567/859/798
f 541/841/37 543/1228/1134 538/1227/35 533/840/36
f 689/1061/984 719/929/861 690/1155/1075 700/1193/1106
f 740/1059/982 760/1171/1088 750/955/886 749/958/889
f 770/1191/1104 771/997/927 766/1139/1059 765/1225/1132
f 599/1223/1130 604/1229/1130 600/933/865 598/934/866
f 674/971/902 673/972/903 682/1132/1052 681/1051/974
f 787/1196/1109 810/1222/1129 788/1082/1005 786/1172/1089
f 602/935/867 601/936/867 605/977/908 603/978/908
f 814/1230/1135 659/1195/1108 658/1101/1023 815/1145/1065
f 676/1111/1033 675/1052/975 680/1050/973 679/964/895

v -0.3051775097847 0.00003128800017 0.70965701341629
v -0.30249574780464 0.02432412467897 0.71747106313705
v -0.30058020353317 0.04065896198153 0.72305250167847
v -0.30249574780464 0.08379969000816 0.71747106313705
v 0.06614625453949 0.31835120916367 0.55851131677628
v 0.04641331359744 0.38955435156822 0.55530148744583
v -0.09936814755201 0.45698791742325 0.29339081048965
v -0.03307906538248 0.40463265776634 0.2693926692009
v 0.06269827485085 0.00003128800017 0.5484647154808
v -0.33084583282471 0.14159987866879 0.63486570119858
v -0.33544313907623 0.15081441402435 0.62147027254105
v -0.03203528746963 0.43227621912956 0.46243897080421
v -0.34310534596443 0.15500283241272 0.5991445183754
v -0.11046644300222 0.44358497858047 0.29595196247101
v -0.41168192028999 0.19227977097034 0.39932891726494
v -0.16971132159233 0.00003128800017 0.65068739652634
v -0.41168192028999 0.00003128800017 0.39932891726494
v 0.0753408819437 0.10767368227243 0.58530223369598
v 0.02477044798434 0.38829782605171 0.43795219063759
v 0.06384760141373 0.37657025456429 0.55181360244751
v -0.23071451485157 0.34599477052689 0.33722102642059
v -0.03307906538248 0.00003128800017 0.2693926692009
v -0.50810170173645 0.29154533147812 0.10675189644098
v -0.49274799227715 0.25217416882515 0.11271242797375
v -0.41993415355682 0.06620832532644 0.14262472093105
v -0.37974333763123 0.01678496785462 0.15503445267677
v -0.00647393753752 0.31248742341995 0.22282868623734
v 0.03765980154276 0.14243756234646 0.20019538700581
v -0.05350203439593 0.00003128800017 0.11294381320477
v -0.03586780652404 0.01678496785462 -0.0528229214251
v -0.05501141399145 0.00003128800017 -0.07370378822088
v -0.04544554650784 0.00840812828392 -0.0807301402092
v -0.17836558818817 0.00003128800017 -0.03760761767626
v -0.36453711986542 0.00003128800017 0.10240037739277
v -0.19027133285999 0.00003128800017 -0.03352157026529
v -0.47948107123375 0.14495061337948 -0.01537006068975
v -0.44992855191231 0.1039041057229 0.10176014155149
v -0.54850506782532 0.22830018401146 -0.03036199882627
v 0.03773042932153 0.08044895529747 0.15774694085121
v 0.0265733897686 0.22578713297844 0.2376900613308
v 0.03563239052892 0.20275081694126 0.24081985652447
v -0.09396968781948 0.50138515233994 0.16176989674568
v -0.13687163591385 0.48756337165833 0.18023709952831
v -0.30690014362335 0.39751234650612 0.14625573158264
v -0.4300599694252 0.07835473865271 0.12863110005856
v -0.19725611805916 0.33845561742783 -0.18959133327007
v -0.02848663553596 0.08044895529747 0.64339566230774
v 0.07398530840874 -0.15158951282501 0.60074073076248
v -0.0043332669884 -0.17713887989521 0.6400973200798
v 0.04691459983587 -0.31745094060898 0.65370333194733
v 0.03117775544524 -0.31828862428665 0.64662653207779
v 0.00795559119433 -0.31912630796432 0.63712757825851
v 0.06143708154559 -0.31954514980316 0.5913217663765
v 0.0758009031415 0.08589389920235 0.68746155500412
v 0.07830577343702 0.08547505736351 0.67537194490433
v 0.09202080219984 0.08338084816933 0.61451530456543
v 0.04152727872133 0.07919242233038 0.56820827722549
v -0.36537393927574 0.00045012999908 0.14261624217033
v -0.71485978364944 0.00003128800017 0.60943990945816
v -0.7152841091156 0.01510959956795 0.6120810508728
v -0.66102451086044 0.00045012999908 0.60344135761261
v -0.7285041809082 0.02893138676882 0.62784814834595
v -0.74244922399521 0.00296318205073 0.6376251578331
v -0.73831748962402 0.00505739217624 0.65741926431656
v -0.71025055646896 0.05113001167774 0.65776884555817
v -0.70159214735031 0.04359085485339 0.73340684175491
v -0.4931058883667 0.04275317117572 0.68556219339371
v -0.39088141918182 0.01217770576477 0.66545206308365
v -0.45309194922447 0.031025595963 0.67806828022003
v -0.72803854942322 0.0012878139969 0.62144947052002
v -0.71787708997726 0.01510959956795 0.74024361371994
v -1.65764904022217 0.00003128800017 0.4875502884388
v -1.53214859962463 0.20023776590824 0.76016467809677
v -1.24979913234711 0.35227739810944 0.82672053575516
v -1.14528226852417 0.32924109697342 0.66981667280197
v -1.55858874320984 0.00003128800017 0.79169881343842
v -0.9409207701683 0.00003128800017 0.9977188706398
v -1.17694401741028 0.33719909191132 0.85287535190582
v -0.93224489688873 0.00003128800017 0.99973237514496
v -0.89234352111816 0.00003128800017 0.78639489412308
v -0.88856548070908 0.00003128800017 0.76638174057007
v -1.13664770126343 0.32798457145691 0.67558765411377
v -1.66109693050385 0.00003128800017 0.47750368714333
v -1.52550005912781 0.00003128800017 0.80280268192291
v -1.58785879611969 0.06578948348761 0.50477480888367
v -1.65322864055634 0.02641833387315 0.48104211688042
v -1.05669033527374 0.22327406704426 0.70304828882217
v -0.25004398822784 0.00003128800017 1.26970100402832
v -0.25076895952225 -0.00750786811113 1.26371097564697
v -0.43581637740135 -0.01295281387866 0.83310174942017
v -0.22015587985516 -0.00206292211078 1.2482134103775
v -0.37285152077675 0.0113400220871 0.78778463602066
v -0.39470621943474 0.00380086596124 0.79778069257736
v -0.15977840125561 0.01887917891145 1.22250092029572
v -0.05889204144478 0.05866916850209 1.14420473575592
v -0.14608787000179 0.27688583731651 0.83972769975662
v -0.16496650874615 0.08086779713631 0.72267746925354
v 0.01886654272676 0.08924463391304 1.08382821083069
v -0.17309430241585 0.08044895529747 0.70675039291382
v -0.40532070398331 0.22243638336658 0.9723681807518
v -0.4355982542038 0.03521401435137 0.84924793243408
v -0.44126239418983 -0.00080639601219 0.82498866319656
v -0.39022779464722 0.15877240896225 0.46184104681015
v -0.62224239110947 0.00003128800017 0.60011357069016
v -0.52330720424652 0.00003128800017 0.41143545508385
v -0.57149022817612 0.05657495930791 0.4067597091198
v 0.23950800299644 0.01050233840942 -0.35945278406143
v 0.25595793128014 0.0218110717833 -0.3813194334507
v 0.23682624101639 0.00003128800017 -0.36726680397987
v 0.31773778796196 0.00086897198344 -0.53478598594666
v 0.2008790075779 0.00003128800017 -0.40608838200569
v 0.16198991239071 0.00003128800017 -0.71716213226318
v 0.07974583655596 0.00045012999908 -0.71638697385788
v 0.39028042554855 0.10599831491709 -0.5521959066391
v 0.25054609775543 0.1855782866478 -0.7887310385704
v 0.35921916365623 0.12317083775997 -0.60392427444458
v -0.17950521409512 0.12484620511532 -0.76217150688171
v -0.02888521552086 0.00003128800017 -0.6529016494751
v -0.18979600071907 0.12358967959881 -0.76113522052765
v 0.61444133520126 0.30871784687042 0.34912469983101
v 0.22844682633877 0.2538495361805 0.25200787186623
v 0.09907544404268 0.13783030211926 0.47608709335327
v 0.03547857329249 0.10013452917337 0.03873373940587
v 0.15770094096661 0.02097338810563 -0.0743358284235
v 0.06967531889677 0.04317201301455 0.05694395676255
v 0.00437683565542 0.11018673330545 0.24281235039234
v 0.04384901002049 0.15625935792923 0.39272353053093
v 0.01836942508817 0.13783030211926 0.37276938557625
v 0.61710000038147 -0.01211513020098 0.5391212105751
v 0.62657713890076 0.22453059256077 0.39611831307411
v 0.20771697163582 0.09050115942955 -0.05656371638179
v 0.57473355531693 0.33426719903946 0.25669184327126
v 0.62712520360947 0.24672922492027 0.38220474123955
v 0.62179106473923 0.3187700510025 0.32788571715355
v 0.16658307611942 0.06327643245459 -0.09110967069864
v 0.14973811805248 0.05196769535542 -0.10529282689095
v 0.21065393090248 0.1269404143095 0.57629603147507
v 0.18951235711575 0.12903462350368 0.55734860897064
v 0.16604687273502 -0.01211513020098 -0.04226256534457
v -0.00671583181247 0.08715042471886 0.13681548833847
v 0.2362153083086 0.00003128800017 0.33668571710587
v 0.21471431851387 0.04568506777287 0.38648906350136
v 0.14093993604183 0.06076337769628 0.40806505084038
v 0.20978148281574 0.00003128800017 0.51171135902405
v 0.13247658312321 0.01678496785462 0.53075569868088
v 0.12214453518391 0.00003128800017 0.53554940223694
v 0.11327916383743 0.06955906003714 0.22664925456047
v 0.28639072179794 0.00003128800017 0.44798597693443
v 0.26245552301407 0.00003128800017 0.46743044257164
v 0.09475500136614 0.00003128800017 0.40145581960678
v 0.06744794547558 0.00003128800017 0.25984731316566
v 0.17914387583733 0.00003128800017 0.20529229938984
v 0.16590705513954 0.00003128800017 0.54673337936401
v 0.15018700063229 0.03395748883486 0.21398250758648
v 0.06331627815962 0.00003128800017 0.24005317687988
v 0.28815460205078 0.08547505736351 1.00762987136841
v 0.15756258368492 0.2157349139452 1.01875913143158
v 0.193568572402 0.12065778672695 0.98019868135452
v 0.07778219133615 0.21531607210636 1.01120209693909
v 0.1313049197197 0.09468957781792 0.96163880825043
v 0.04871899262071 0.10180989652872 0.95754021406174
v 0.08282132446766 0.0737474784255 0.94833183288574
v 0.11671741306782 0.00296318205073 0.9579108953476
v -0.340292096138 0.0770982131362 1.24327659606934
v -0.28589686751366 0.16296082735062 1.25829803943634
v -0.1944582015276 0.15961009263992 1.28431379795074
v 0.3915291428566 0.17803913354874 1.24291801452637
v 0.34902846813202 0.1395056694746 1.44092655181885
v 0.41977849602699 0.00003128800017 1.15461325645447
v 0.4119156897068 0.00003128800017 1.0425169467926
v 0.43846210837364 0.00003128800017 1.07333481311798
v 0.22155304253101 0.13196651637554 0.98806321620941
v 0.35021904110909 0.11144325882196 1.44051802158356
v -0.34463003277779 0.05113001167774 1.24226987361908
v -0.34935107827187 0.06201990321279 1.24014687538147
v -0.27722096443176 0.16254198551178 1.26031160354614
v 0.35494011640549 0.00003128800017 1.44264113903046
v -0.31979295611382 0.00003128800017 1.24871909618378
v -0.51280587911606 0.00003128800017 1.90390884876251
v -0.72324961423874 0.00003128800017 1.69788014888763
v -0.78928565979004 0.05825032666326 1.59077548980713
v -0.79941147565842 0.00003128800017 1.57678174972534
v -0.77918356657028 0.03228212147951 1.53490197658539
v -0.354212641716 0.40002539753914 1.57497012615204
v -0.31660363078117 0.38327172398567 1.49842643737793
v -0.46773043274879 0.20107544958591 1.39931273460388
v -0.30606532096863 0.3778267800808 1.47484540939331
v -0.41731870174408 0.40002539753914 1.7051842212677
v -0.76137810945511 0.02390528284013 1.49759685993195
v -0.76260989904404 0.00003128800017 1.50176298618317
v -0.4344642162323 0.40002539753914 1.68236982822418
v -0.42581769824028 0.36316731572151 1.72307431697845
v -0.43108683824539 0.34180635213852 1.73486483097076
v -0.30848771333694 0.29573374986649 1.47942006587982
v -0.3153717815876 0.00003128800017 1.494260430336
v -0.7969890832901 0.0402401201427 1.57220709323883
v -0.76987707614899 0.0280937012285 1.5154869556427
v -0.77723234891891 0.00003128800017 1.64528393745422
v -0.43956911563873 0.00003128800017 1.42708098888397
v -0.41362392902374 0.00003128800017 1.44063651561737
v -0.92699325084686 0.40002539753914 1.06156635284424
v -0.98750561475754 0.01552844233811 1.31566739082336
v -0.96681207418442 0.00003128800017 1.26738893985748
v -1.09763407707214 0.31751352548599 1.22743844985962
v -1.04654562473297 0.40002539753914 1.14751636981964
v -0.98350948095322 0.00003128800017 1.31180036067963
v -1.00213432312012 0.00003128800017 1.31569683551788
v -1.00774538516998 0.02767485938966 1.3226135969162
v -1.02314031124115 0.00003128800017 1.32041049003601
v -1.0589519739151 0.00003128800017 1.30525004863739
v -1.31654119491577 0.26390174031258 1.14410030841827
v -1.2767516374588 0.40002539753914 0.97696876525879
v -1.44425773620605 0.00003128800017 0.85727328062058
v -1.3509441614151 0.17426955699921 1.14467751979828
v -1.35314834117889 0.05154885351658 1.16539835929871
v -1.26000046730042 0.00003128800017 1.21578288078308
v -1.19390571117401 0.00003128800017 1.24550557136536
v -1.27914476394653 0.40002539753914 0.94285249710083
v -1.28162026405334 0.40002539753914 0.91625112295151
v -0.91853541135788 0.36735573410988 1.04743373394012
v -0.92010909318924 0.38327172398567 1.04672598838806
v -1.09514665603638 0.00003128800017 1.28897333145142
v -0.88544684648514 0.00003128800017 1.05853760242462
v -1.42019808292389 0.00003128800017 1.07860589027405
v -1.42641043663025 0.00003128800017 1.06826019287109
v -0.98557883501053 0.40002539753914 1.104132771492
v -0.92129969596863 0.40002539753914 1.04713463783264
v 0.38653609156609 0.40002539753914 0.94142329692841
v 0.27987229824066 0.33971214294434 0.53756707906723
v 0.31973314285278 0.40002539753914 0.58003652095795
v 0.47986581921577 0.40002539753914 0.65110397338867
v 0.92880761623383 0.22327406704426 0.77652817964554
v 0.82807439565659 0.40002539753914 0.80486088991165
v 0.95947390794754 0.13615493476391 0.79220670461655
v 0.91572952270508 0.00003128800017 0.95944786071777
v 0.91033589839935 0.1269404143095 0.7304612994194
v 0.6826878786087 0.00338202388957 0.57900005578995
v 0.3191200196743 0.27311626076698 0.5278405547142
v 0.32898649573326 0.24798575043678 0.52944546937943
v 0.21354265511036 0.00003128800017 0.81737214326859
v 0.16342666745186 0.00003128800017 0.88073945045471
v 0.1879750341177 0.036889385432 0.91349095106125
v 0.16824209690094 0.00003128800017 0.9102811217308
v 0.90330505371094 0.00003128800017 0.93875646591187
v 0.89762336015701 0.00003128800017 0.98812168836594
v 0.88313031196594 0.00003128800017 1.0118123292923
v 0.20060573518276 0.05908801034093 0.91539496183395
v 0.81719422340393 0.40002539753914 0.82356822490692
v 0.8127738237381 0.40002539753914 0.83007633686066
v 0.7122118473053 0.40002539753914 0.98687076568604
v 0.33277070522308 0.40002539753914 0.65292382240295
v 0.56110173463821 0.09510841965675 0.5620830655098
v 0.43241339921951 0.00003128800017 0.54386031627655
v 0.00875747483224 -0.10719226300716 0.74416065216064
v -0.20524540543556 -0.15242719650269 0.826340675354
v -0.38202238082886 -0.16206055879593 0.8308607339859
v -0.3843622803688 -0.15284603834152 0.82792049646378
v -0.06927868723869 0.19144208729267 0.61372345685959
v -0.02587546780705 0.27269741892815 0.69365811347961
v -0.04652213305235 0.22411175072193 0.62962108850479
v -0.05146128684282 0.17971450090408 0.61135184764862
v -0.37180215120316 -0.08122406154871 0.87227290868759
v -0.38861772418022 -0.12143289297819 0.81939876079559
v -0.38627782464027 -0.13106626272202 0.82233905792236
v -0.29148554801941 0.0012878139969 0.8309828042984
v -0.36205941438675 -0.18509687483311 0.88515025377274
v -0.01465343311429 -0.08080521970987 0.67982453107834
v -0.01120544876903 -0.08499363809824 0.68987113237381
v -0.04175984114408 0.11563167721033 0.62798666954041
v -0.35356330871582 0.00003128800017 -0.14093784987926
v -0.41823816299438 0.00003128800017 -0.37203902006149
v -0.42199867963791 0.06076337769628 -0.42565035820007
v -0.63985639810562 0.14536945521832 -0.42450025677681
v -0.50848627090454 0.00045012999908 -0.39846336841583
v -0.63397413492203 0.00086897198344 -0.3840948343277
v -0.63499271869659 0.00003128800017 -0.00317505234852
v -0.6240593791008 0.03605170175433 0.0092936642468
v -0.42356532812119 0.14495061337948 -0.03081702440977
v -0.43547105789185 0.1428564041853 -0.0267309807241
v -0.66565895080566 0.00003128800017 -0.01885362528265
v -0.66884750127792 0.01887917891145 -0.01651149243116
v -0.66720324754715 0.00003128800017 -0.05825228244066
v -0.67841339111328 0.0888257920742 -0.00948521122336
v -0.66955500841141 0.00003128800017 -0.09612601995468
v -0.67203056812286 0.00003128800017 -0.12272741645575
v -0.67699354887009 0.00045012999908 -0.21086366474628
v -0.69903141260147 0.08715042471886 -0.36426270008087
v -0.68063026666641 0.00086897198344 -0.2757473886013
v -0.65093576908112 0.1072548404336 0.00853543635458
v -0.68160200119019 0.1039041057229 -0.00714307883754
v -0.70840293169022 0.13364188373089 -0.41095730662346
v -0.30404222011566 0.16714924573898 -0.07807610929012
v -0.31890097260475 0.16924345493317 -0.12912628054619
v -0.40895548462868 0.18306523561478 -0.46132108569145
v -0.75625371932983 0.00003128800017 0.31045573949814
v -1.34046816825867 0.00003128800017 -0.06176914274693
v -1.3665783405304 0.01929802075028 -0.06029479205608
v -0.90112638473511 0.06243874505162 0.46997979283333
v -0.95660030841827 0.1952116638422 0.40916106104851
v -0.96897166967392 0.15290862321854 0.4196457862854
v -0.81699055433273 0.00045012999908 0.40491908788681
v -1.02377939224243 0.00003128800017 0.44219902157784
v -1.01246297359467 0.00003128800017 0.4557840526104
v -1.0040876865387 0.031025595963 0.44916635751724
v -1.35834419727325 0.00003128800017 0.0179844237864
v -1.38698303699493 0.03144443780184 -0.03831862285733
v -0.75122648477554 0.08086779713631 0.21265204250813
v -0.78918927907944 0.10222873836756 0.24938848614693
v -0.8183531165123 0.00045012999908 0.02481654658914
v -0.94415348768234 0.00045012999908 -0.00437955791131
v -1.27188038825989 0.00003128800017 -0.07906958460808
v -1.35939359664917 0.01552844233811 -0.0665038600564
v -0.65388035774231 0.00003128800017 0.85303926467896
v -0.61739128828049 0.00003128800017 0.73445570468903
v -0.56403350830078 0.00003128800017 0.69992232322693
v -0.59653282165527 0.00003128800017 0.67114740610123
v -0.55931806564331 0.05071116983891 0.81060338020325
v -0.46734318137169 0.00003128800017 0.78777205944061
v -0.44386166334152 0.00003128800017 0.80965971946716
v 0.00233900360763 0.5135315656662 0.75260233879089
v 0.00229773879983 0.53573018312454 0.75635981559753
v 0.00238024024293 0.49175179004669 0.74884486198425
v 0.01356100477278 0.49258947372437 0.73876875638962
v 0.00042345398106 0.47039085626602 0.74702090024948
v 0.01041366159916 0.46662127971649 0.73735338449478
v -0.01114044897258 0.44316613674164 0.75598067045212
v -0.00195770687424 0.43646463751793 0.74783807992935
v -0.02351178042591 0.4121718108654 0.76646536588669
v -0.01895573548973 0.38452824950218 0.78361833095551
v 0.01124490052462 0.36903110146523 0.80569553375244
v 0.01927829347551 0.36693689227104 0.79420405626297
v 0.04025495052338 0.35479044914246 0.82818132638931
v 0.04633155092597 0.35395276546478 0.81486588716507
v 0.08091135323048 0.34264403581619 0.83419245481491
v 0.12483889609575 0.33301067352295 0.83034646511078
v 0.1241964250803 0.33384835720062 0.81684148311615
v 0.16876642405987 0.32337731122971 0.82650053501129
v 0.16931450366974 0.32421499490738 0.81258690357208
v 0.23349373042583 0.32044541835785 0.83672815561295
v 0.30332514643669 0.3187700510025 0.8501952290535
v 0.30663752555847 0.31918889284134 0.83658069372177
v 0.37315663695335 0.31709468364716 0.86366218328476
v 0.37353974580765 0.3313353061676 0.86477851867676
v 0.30370825529099 0.33301067352295 0.85131150484085
v 0.23349373042583 0.33426719903946 0.83672815561295
v 0.17034009099007 0.33719909191132 0.82720822095871
v 0.12917684018612 0.34683245420456 0.83135324716568
v 0.08367562294006 0.3564658164978 0.83449149131775
v 0.04578346386552 0.36819341778755 0.82877951860428
v 0.0171565245837 0.38201519846916 0.80740994215012
v -0.00951363053173 0.3949992954731 0.78786438703537
v -0.01253723539412 0.41510370373726 0.77517664432526
v -0.00097336119507 0.44232845306396 0.76621681451797
v 0.00939995702356 0.46913433074951 0.75766563415527
v 0.01135673280805 0.49007642269135 0.75948959589005
v 0.01131549663842 0.51185619831085 0.76324707269669
v 0.01127426046878 0.5340548157692 0.76700454950333
v 0.02249627187848 0.5135315656662 0.7531710267067
v 0.01232920214534 0.51520693302155 0.74293482303619
v 0.37646901607513 0.33175414800644 0.85004770755768
v 0.02253753505647 0.49091410636902 0.74941349029541
v 0.01939015462995 0.46578359603882 0.74799817800522
v 0.00820939056575 0.43562695384026 0.75807422399521
v -0.00335452193394 0.40965875983238 0.76703405380249
v -0.00109709904063 0.39206740260124 0.7774892449379
v 0.02518993616104 0.37992098927498 0.79591846466064
v 0.05066949501634 0.36693689227104 0.81587266921997
v 0.08422370254993 0.35688465833664 0.82057791948318
v 0.12696066498756 0.34767013788223 0.81714057922363
v 0.17088821530342 0.33803677558899 0.8132945895195
v 0.23680609464645 0.3346860408783 0.82311367988586
v 0.30663752555847 0.33342951536179 0.83658069372177
v 0.37646901607513 0.31751352548599 0.85004770755768
v 0.23523236811161 0.32086426019669 0.82240599393845
v 0.08145946264267 0.34306287765503 0.8202788233757
v -0.00934861879796 0.38159635663033 0.77283453941345
v -0.01471214741468 0.40672686696053 0.75720649957657
v 0.34608444571495 0.46997201442719 0.41252586245537
v 0.32852646708488 0.46243286132812 0.42728614807129
v 0.30713734030724 0.44567918777466 0.43088358640671
v 0.3109684586525 0.45489370822906 0.44204646348953
v 0.29026305675507 0.44400382041931 0.45539137721062
v 0.33744984865189 0.47918653488159 0.40675485134125
v 0.31989181041718 0.47206622362137 0.42151516675949
v 0.31644383072853 0.46243286132812 0.41146856546402
v 0.32507848739624 0.45321834087372 0.41723954677582
v 0.29888579249382 0.4553125500679 0.42622888088226
v 0.30233380198479 0.46452707052231 0.43627545237541
v 0.28162840008736 0.45363718271255 0.44962039589882
v 0.28056162595749 0.44567918777466 0.43875658512115
v 0.28919622302055 0.43646463751793 0.44452759623528
v 0.25398582220078 0.4247370660305 0.4466295838356
v 0.26262047886848 0.41510370373726 0.45240059494972
v 0.22502894699574 0.40211960673332 0.45531982183456
v 0.23485416173935 0.39332392811775 0.4606821835041
v 0.20075181126595 0.38075867295265 0.4698905646801
v 0.187066167593 0.36316731572151 0.4920562505722
v 0.20007997751236 0.35730350017548 0.49507656693459
v 0.17457109689713 0.34557592868805 0.5138133764267
v 0.18720178306103 0.34096866846085 0.5157173871994
v 0.17385795712471 0.3346860408783 0.54275685548782
v 0.18614684045315 0.3313353061676 0.53978705406189
v 0.18067145347595 0.32924109697342 0.5703649520874
v 0.18825116753578 0.32379615306854 0.60020565986633
v 0.23150685429573 0.32128310203552 0.62154567241669
v 0.27994921803474 0.31960773468018 0.63861012458801
v 0.32800844311714 0.31835120916367 0.65455824136734
v 0.33289450407028 0.31667584180832 0.64165145158768
v 0.32919901609421 0.33217298984528 0.6541496515274
v 0.28075665235519 0.33384835720062 0.63708525896072
v 0.2338879853487 0.33552372455597 0.62072849273682
v 0.19101540744305 0.33761793375015 0.60050475597382
v 0.18381880223751 0.34306287765503 0.57178032398224
v 0.17738847434521 0.34767013788223 0.54528850317001
v 0.17844341695309 0.35730350017548 0.52121877670288
v 0.19013103842735 0.37321951985359 0.50098657608032
v 0.20300923287868 0.38955435156822 0.48034575581551
v 0.22409771382809 0.40923991799355 0.46811711788177
v 0.25267153978348 0.43101969361305 0.45831060409546
v 0.26130619645119 0.42180517315865 0.46408158540726
v 0.23353983461857 0.40044423937798 0.47236320376396
v 0.21402502059937 0.382434040308 0.48529955744743
v 0.20314484834671 0.36735573410988 0.50400686264038
v 0.19107411801815 0.35227739810944 0.52312278747559
v 0.19125097990036 0.34431940317154 0.54302644729614
v 0.19729825854301 0.34013098478317 0.56840193271637
v 0.20257931947708 0.33552372455597 0.59154492616653
v 0.23877401649952 0.33384835720062 0.60782164335251
v 0.28564271330833 0.33217298984528 0.62417840957642
v 0.33370193839073 0.33091646432877 0.64012652635574
v 0.28483524918556 0.31835120916367 0.6257032752037
v 0.23758345842361 0.31960773468018 0.60823023319244
v 0.19981501996517 0.32170194387436 0.5912458896637
v 0.19415090978146 0.32630920410156 0.56698656082153
v 0.21257510781288 0.37363836169243 0.47331944108009
v 1.04256188869476 0.21866680681705 1.14675676822662
v 1.02142024040222 0.24086543917656 1.12780928611755
v 1.00788760185242 0.25426837801933 1.10001158714294
v 1.00315463542938 0.25929448008537 1.0629551410675
v 0.995545566082 0.26892784237862 1.07180535793304
v 1.04643416404724 0.23709586262703 1.15416216850281
v 1.03290164470673 0.25007995963097 1.1263644695282
v 1.05404317378998 0.22788134217262 1.14531195163727
v 1.03931999206543 0.24086543917656 1.11792278289795
v 1.02902913093567 0.23165091872215 1.11895906925201
v 1.02617061138153 0.2538495361805 1.09124135971069
v 1.01430606842041 0.24505385756493 1.09157001972198
v 1.01817834377289 0.2630640566349 1.09897541999817
v 1.00779318809509 0.27688583731651 1.0725930929184
v 1.01421177387238 0.26767131686211 1.06415140628815
v 1.00973808765411 0.28400617837906 1.03948354721069
v 0.99710738658905 0.27688583731651 1.03757953643799
v 1.00292468070984 0.30201637744904 1.01187539100647
v 0.99225068092346 0.29322069883347 1.01179540157318
v 0.98301482200623 0.31583815813065 0.98876190185547
v 0.95115804672241 0.32295846939087 0.97349190711975
v 0.94635444879532 0.31081205606461 0.97888386249542
v 0.92049181461334 0.32965993881226 0.95781344175339
v 0.87200826406479 0.33007878065109 0.94450640678406
v 0.87035208940506 0.31793236732483 0.95131367444992
v 0.81799614429474 0.32882225513458 0.93060129880905
v 0.76436710357666 0.32714688777924 0.9178124666214
v 0.76186227798462 0.33426719903946 0.92990213632584
v 0.81549125909805 0.33552372455597 0.94269090890884
v 0.8679296374321 0.33719909191132 0.95588839054108
v 0.91679638624191 0.33678025007248 0.97031164169312
v 0.94707942008972 0.33007878065109 0.98487389087677
v 0.97774571180344 0.32337731122971 1.00055241584778
v 0.99688935279846 0.31081205606461 1.02143335342407
v 1.00174593925476 0.2936395406723 1.04721748828888
v 0.99030584096909 0.28610038757324 1.04490482807159
v 0.98502480983734 0.30201637744904 1.02176189422607
v 0.96979475021362 0.31206858158112 1.00452899932861
v 0.94227594137192 0.31793236732483 0.9902657866478
v 0.91237598657608 0.32463383674622 0.9768198132515
v 0.86627346277237 0.32505267858505 0.9626955986023
v 0.81383502483368 0.32337731122971 0.94949823617935
v 0.76020604372025 0.32170194387436 0.93670934438705
v 0.76390153169632 0.31500047445297 0.92421114444733
v 0.81633996963501 0.31625699996948 0.93740850687027
v 0.91607141494751 0.31751352548599 0.96432155370712
v 0.9750639796257 0.30452942848206 0.99273842573166
v 0.85026466846466 0.36693689227104 0.65624707937241
v 0.85889935493469 0.37615141272545 0.6620180606842
v 0.84036886692047 0.35395276546478 0.6933331489563
v 0.84938657283783 0.36274847388268 0.70022040605545
v 0.82268702983856 0.34222519397736 0.71936583518982
v 0.82770884037018 0.34892666339874 0.73012012243271
v 0.85969483852386 0.39876887202263 0.62555968761444
v 0.84860849380493 0.38578477501869 0.66305434703827
v 0.83997386693954 0.37615141272545 0.65728330612183
v 0.86016052961349 0.37950214743614 0.61916100978851
v 0.83088546991348 0.36400499939919 0.69284451007843
v 0.83871269226074 0.37280067801476 0.70014041662216
v 0.81984031200409 0.36065426468849 0.72658169269562
v 0.81600922346115 0.35395276546478 0.71541881561279
v 0.78475368022919 0.34557592868805 0.71741133928299
v 0.78943341970444 0.33301067352295 0.72329181432724
v 0.75188314914703 0.33594256639481 0.72245359420776
v 0.70531517267227 0.33217298984528 0.71472805738449
v 0.7056570649147 0.3187700510025 0.71960180997849
v 0.65130305290222 0.33049762248993 0.70082294940948
v 0.65045434236526 0.31709468364716 0.70610529184341
v 0.59610033035278 0.32882225513458 0.68732643127441
v 0.59525161981583 0.31541931629181 0.69260877370834
v 0.59240484237671 0.33342951536179 0.69982463121414
v 0.64799064397812 0.33510488271713 0.71443742513657
v 0.70200276374817 0.33678025007248 0.72834259271622
v 0.74976140260696 0.34096866846085 0.73565948009491
v 0.78420561552048 0.35060203075409 0.73132491111755
v 0.78850227594376 0.33803677558899 0.73608911037445
v 0.75341558456421 0.32295846939087 0.72691875696182
v 0.7528675198555 0.32798457145691 0.74083232879639
v 0.70196157693863 0.32337731122971 0.73210000991821
v 0.64675885438919 0.32170194387436 0.71860349178314
v 0.5915561914444 0.32002657651901 0.70510703325272
v -1.66116058826447 0.37573257088661 0.9154931306839
v -1.65575587749481 0.37992098927498 0.92736369371414
v -1.66766154766083 0.33719909191132 0.93144977092743
v -1.66187369823456 0.34138751029968 0.94443660974503
v -1.66914081573486 0.30452942848206 0.9581606388092
v -1.66116058826447 0.42306169867516 0.9154931306839
v -1.6672785282135 0.38410940766335 0.93256604671478
v -1.66656541824341 0.41887328028679 0.90362256765366
v -1.67425692081451 0.37992098927498 0.91998779773712
v -1.68075799942017 0.34138751029968 0.93594443798065
v -1.67497003078461 0.34557592868805 0.94893127679825
v -1.68223714828491 0.30997437238693 0.96265530586243
v -1.68683445453644 0.30788016319275 0.94925981760025
v -1.67492866516113 0.30243521928787 0.94517379999161
v -1.6947854757309 0.29196417331696 0.95323634147644
v -1.68287968635559 0.28526270389557 0.9491503238678
v -1.70392692089081 0.27269741892815 0.95762145519257
v -1.69083070755005 0.26767131686211 0.95312684774399
v -1.70443379878998 0.25259301066399 0.96777760982513
v -1.69210374355316 0.25217416882515 0.9610503911972
v -1.68958687782288 0.24002775549889 0.98389428853989
v -1.67921352386475 0.24170312285423 0.97534304857254
v -1.67474007606506 0.2287190258503 1.00001096725464
v -1.66670656204224 0.23206976056099 0.98851948976517
v -1.63769662380219 0.23123207688332 1.01100528240204
v -1.63557469844818 0.23458281159401 0.99779939651489
v -1.58398509025574 0.24714806675911 1.01627922058105
v -1.58343696594238 0.25007995963097 1.00236558914185
v -1.53146409988403 0.2630640566349 1.02196168899536
v -1.53210651874542 0.26599594950676 1.00845670700073
v -1.48677039146423 0.27772352099419 1.02034831047058
v -1.44756388664246 0.29196417331696 1.01437926292419
v -1.40916478633881 0.30536711215973 1.00993514060974
v -1.4101904630661 0.30788016319275 0.99531388282776
v -1.35626089572906 0.30997437238693 1.01673400402069
v -1.35413908958435 0.31290626525879 1.00352811813354
v -1.29944324493408 0.31290626525879 1.02718067169189
v -1.29613089561462 0.31583815813065 1.01356625556946
v -1.24143505096436 0.31625699996948 1.03721880912781
v -1.23931324481964 0.31918889284134 1.02401292324066
v -1.2430499792099 0.33007878065109 1.04026865959167
v -1.29986763000488 0.3267280459404 1.02982187271118
v -1.35787582397461 0.32379615306854 1.01978373527527
v -1.412353515625 0.3187700510025 1.01227724552155
v -1.4519430398941 0.30494827032089 1.01713001728058
v -1.49114954471588 0.29112648963928 1.02309894561768
v -1.53584337234497 0.27646699547768 1.02471244335175
v -1.58836424350739 0.26055100560188 1.01902985572815
v -1.64088523387909 0.24463501572609 1.01334738731384
v -1.6735907793045 0.24212196469307 1.0033597946167
v -1.68728828430176 0.25217416882515 0.99059200286865
v -1.69860458374023 0.26180753111839 0.97700697183609
v -1.69813895225525 0.2756293118 0.97060835361481
v -1.69018816947937 0.29280185699463 0.96663182973862
v -1.67828238010406 0.28610038757324 0.96254575252533
v -1.6850426197052 0.2710220515728 0.96611368656158
v -1.68627452850342 0.26138868927956 0.97027975320816
v -1.67572426795959 0.2538495361805 0.98163217306137
v -1.66674780845642 0.24547269940376 0.99227696657181
v -1.63876330852509 0.24798575043678 1.0001415014267
v -1.58781623840332 0.26348289847374 1.00511634349823
v -1.53648579120636 0.2789800465107 1.01120746135712
v -1.49336564540863 0.29322069883347 1.00888633728027
v -1.45377612113953 0.30704247951508 1.00403368473053
v -1.41299593448639 0.32128310203552 0.99877226352692
v -1.3557540178299 0.3267280459404 1.00657784938812
v -1.29774582386017 0.32965993881226 1.01661598682404
v -1.23973762989044 0.33301067352295 1.02665412425995
v -1.44939696788788 0.2936395406723 1.00128293037415
v -1.48898649215698 0.28023657202721 1.00613570213318
v -0.56890285015106 0.26390174031258 0.38715517520905
v -0.55588901042938 0.26976552605629 0.3901754617691
v -0.54627001285553 0.23458281159401 0.41432517766953
v -0.53507733345032 0.19898124039173 0.43918260931969
v -0.5238846540451 0.16714924573898 0.46404001116753
v -0.51749557256699 0.14327524602413 0.49428933858871
v -0.55153918266296 0.24044659733772 0.42611572146416
v -0.57455509901047 0.26976552605629 0.397829413414
v -0.56336241960526 0.23458281159401 0.42268684506416
v -0.55809324979782 0.22830018401146 0.41089630126953
v -0.5537434220314 0.19898124039173 0.44683656096458
v -0.54690062999725 0.19269861280918 0.43575373291969
v -0.54072958230972 0.20526386797428 0.44985684752464
v -0.52992004156113 0.17468839883804 0.47359800338745
v -0.54216766357422 0.16631156206131 0.4728102684021
v -0.53494173288345 0.15877240896225 0.46284371614456
v -0.52510464191437 0.15207093954086 0.5031396150589
v -0.50880777835846 0.13783030211926 0.53123635053635
v -0.50081562995911 0.12903462350368 0.52350240945816
v -0.49995502829552 0.12777809798717 0.55315351486206
v -0.49119663238525 0.11730704456568 0.54765212535858
v -0.50599038600922 0.12317083775997 0.56271147727966
v -0.49765637516975 0.11144325882196 0.55985122919083
v -0.51801985502243 0.11521283537149 0.57806992530823
v -0.51487249135971 0.10180989652872 0.57948529720306
v -0.53383922576904 0.11353746801615 0.57850801944733
v -0.53307300806046 0.09971568733454 0.58074063062668
v -0.5508491396904 0.1118621006608 0.57935476303101
v -0.5838965177536 0.10767368227243 0.56449341773987
v -0.63102453947067 0.10222873836756 0.53574794530869
v -0.63064140081406 0.08798810839653 0.53686422109604
v -0.67853569984436 0.09636494517326 0.50588619709015
v -0.71707034111023 0.09343305230141 0.48666924238205
v -0.75288194417953 0.09133884310722 0.47150880098343
v -0.78631246089935 0.08966347575188 0.45553115010262
v -0.81643056869507 0.08966347575188 0.4259389936924
v -0.81723803281784 0.07542284578085 0.42746388912201
v -0.84769803285599 0.09008231759071 0.3929979801178
v -0.87896549701691 0.09050115942955 0.3600569665432
v -0.88895565271378 0.09175768494606 0.36972445249557
v -0.85768818855286 0.09133884310722 0.40266546607018
v -0.82642078399658 0.09092000126839 0.4356065094471
v -0.79396277666092 0.09050115942955 0.46813887357712
v -0.75815111398697 0.09259536862373 0.48329931497574
v -0.72353005409241 0.09468957781792 0.49886837601662
v -0.68618595600128 0.09762147068977 0.51849395036697
v -0.63786739110947 0.10306642204523 0.54683077335358
v -0.59035623073578 0.10893020778894 0.57669252157211
v -0.5525878071785 0.11311862617731 0.59367692470551
v -0.5343873500824 0.11563167721033 0.59242165088654
v -0.51461315155029 0.11772588640451 0.59187400341034
v -0.50304925441742 0.1223331540823 0.58291417360306
v -0.49539896845818 0.12861578166485 0.57030647993088
v -0.4881317615509 0.1348984092474 0.5565824508667
v -0.49813386797905 0.14704482257366 0.53131639957428
v -0.51481378078461 0.16170430183411 0.50210332870483
v -0.50720477104187 0.15290862321854 0.49325308203697
v -0.49014168977737 0.13824914395809 0.52358239889145
v -0.48018085956573 0.12442736327648 0.55260592699051
v -0.48787239193916 0.11688820272684 0.56897109746933
v -0.49513959884644 0.11018673330545 0.58269512653351
v -0.51146578788757 0.10432294756174 0.59328937530518
v -0.53243052959442 0.10180989652872 0.59424561262131
v -0.55182158946991 0.0992968454957 0.59590953588486
v -0.58959001302719 0.09510841965675 0.57892513275146
v -0.63710117340088 0.08924463391304 0.54906338453293
v -0.68541979789734 0.08338084816933 0.52072650194168
v -0.72314691543579 0.08044895529747 0.49998465180397
v -0.75895857810974 0.07877358049154 0.48482421040535
v -0.79396277666092 0.07667937129736 0.46813887357712
v -0.82722824811935 0.07667937129736 0.43713137507439
v -0.85887879133224 0.0770982131362 0.40307408571243
v -0.89014625549316 0.07751705497503 0.37013307213783
v -0.88015604019165 0.07626052945852 0.36046555638313
v -0.84888857603073 0.07584168761969 0.39340656995773
v -0.78592932224274 0.07542284578085 0.45664742588997
v -0.75249886512756 0.07751705497503 0.47262507677078
v -0.717877805233 0.0796112716198 0.48819410800934
v -0.67776948213577 0.08254316449165 0.5081188082695
v -0.58193969726562 0.09385189414024 0.56631737947464
v -0.54889231920242 0.09762147068977 0.58117872476578
v -0.50411611795425 0.10557947307825 0.57205039262772
v -0.7112033367157 0.13322304189205 1.35684764385223
v -0.7318794131279 0.12275199592113 1.33150160312653
v -0.73672419786453 0.13280420005322 1.34065103530884
v -0.7613137960434 0.12945346534252 1.3116569519043
v -0.76458489894867 0.13908682763577 1.32151401042938
v -0.79223936796188 0.14913904666901 1.28358972072601
v -0.68122088909149 0.14369408786297 1.36277866363525
v -0.70635855197906 0.14327524602413 1.34769833087921
v -0.67599296569824 0.13364188373089 1.35474562644958
v -0.70113068819046 0.13322304189205 1.33966529369354
v -0.70635855197906 0.12317083775997 1.34769833087921
v -0.72626841068268 0.13280420005322 1.32458484172821
v -0.72992259263992 0.1428564041853 1.33332562446594
v -0.75620967149734 0.14872020483017 1.31489622592926
v -0.75136482715607 0.13866798579693 1.30574691295624
v -0.78190732002258 0.15793472528458 1.27879595756531
v -0.81402349472046 0.1776202917099 1.2511373758316
v -0.82120817899704 0.16798692941666 1.25734639167786
v -0.86357390880585 0.18641598522663 1.22696650028229
v -0.92303210496902 0.18976671993732 1.20494830608368
v -0.92668628692627 0.17929565906525 1.21368908882141
v -0.98129963874817 0.19311745464802 1.18252146244049
v -0.98457074165344 0.20275081694126 1.19237852096558
v -0.9263032078743 0.19940008223057 1.21480536460876
v -0.86684507131577 0.19604934751987 1.23682355880737
v -0.81729459762573 0.18683482706547 1.2609943151474
v -0.78517842292786 0.16714924573898 1.28865301609039
v -0.79512739181519 0.15835356712341 1.29456305503845
v -0.82447928190231 0.17720144987106 1.26720345020294
v -0.87207287549973 0.1855782866478 1.24485659599304
v -0.92995738983154 0.18892903625965 1.2235461473465
v -0.98822492361069 0.19186092913151 1.20111930370331
v -0.98495382070541 0.18264639377594 1.19126224517822
v -0.8688018321991 0.17594492435455 1.23499965667725
v -0.94620740413666 0.31374394893646 1.08313393592834
v -0.87254482507706 0.30913668870926 1.10776376724243
v -0.87046426534653 0.31918889284134 1.09831535816193
v -0.79680174589157 0.31500047445297 1.1229453086853
v -0.8737353682518 0.32924109697342 1.10817241668701
v -0.87462538480759 0.31918889284134 1.11721229553223
v -0.94998532533646 0.31374394893646 1.10314702987671
v -0.94671422243118 0.30369174480438 1.09328997135162
v -0.94828790426254 0.32379615306854 1.09258234500885
v -1.10448884963989 0.2936395406723 1.20358788967133
v -1.09534728527069 0.30327290296555 1.1992027759552
v -1.09648478031158 0.29782795906067 1.23078739643097
v -1.08734321594238 0.30788016319275 1.22640228271484
v -1.07972240447998 0.31206858158112 1.25248551368713
v -1.0780543088913 0.30452942848206 1.28061175346375
v -1.06967902183533 0.3141627907753 1.27399408817291
v -1.10563814640045 0.31332510709763 1.20023894309998
v -1.11477971076965 0.30327290296555 1.20462417602539
v -1.10677564144135 0.30788016319275 1.23182356357574
v -1.09877157211304 0.31206858158112 1.25902318954468
v -1.08886384963989 0.30201637744904 1.25687062740326
v -1.08963000774384 0.3221207857132 1.25463807582855
v -1.07724678516388 0.32421499490738 1.27908682823181
v -1.08562207221985 0.31458163261414 1.28570449352264
v -1.06605410575867 0.31332510709763 1.30394423007965
v -1.06044316291809 0.30285406112671 1.29702746868134
v -1.04767680168152 0.31164973974228 1.32259261608124
v -1.04244887828827 0.3015975356102 1.31455945968628
v -1.01747620105743 0.29866564273834 1.34466981887817
v -0.98136395215988 0.28023657202721 1.36846148967743
v -0.94682538509369 0.26180753111839 1.39154541492462
v -0.94393736124039 0.25259301066399 1.38057208061218
v -0.93806701898575 0.2710220515728 1.38604402542114
v -0.97298866510391 0.28945112228394 1.36184370517731
v -1.00871777534485 0.30788016319275 1.33916842937469
v -1.03930151462555 0.32128310203552 1.31597483158112
v -1.05886948108673 0.32295846939087 1.29773509502411
v -1.05206787586212 0.31290626525879 1.2904098033905
v -1.0340735912323 0.31123089790344 1.30794179439545
v -1.00582981109619 0.29866564273834 1.32819509506226
v -0.97129124403 0.28065541386604 1.35127902030945
v -0.97966647148132 0.2710220515728 1.35789680480957
v -1.01420509815216 0.28945112228394 1.33481276035309
v 0.02126445807517 0.53573018312454 0.75733703374863
v 0.01228796504438 0.53740555047989 0.74669229984283
v 0.34144589304924 0.46033865213394 0.40288788080215
v 0.33281123638153 0.46997201442719 0.39711689949036
v 1.03614330291748 0.22788134217262 1.15519845485687
v 0.84986966848373 0.38913550972939 0.62019729614258
v 0.86998569965363 0.38913550972939 0.62452340126038
v -1.6546596288681 0.41468486189842 0.89953655004501
v -1.64806425571442 0.41887328028679 0.91099846363068
v -0.56273180246353 0.2756293118 0.40125831961632
v -0.68122088909149 0.12358967959881 1.36277866363525
v -0.68606567382812 0.13364188373089 1.37192809581757
v -0.7988823056221 0.32463383674622 1.13239371776581
v -0.79837542772293 0.3346860408783 1.12223756313324
v -0.79510432481766 0.32463383674622 1.11238050460815
v -0.93517899513245 0.26222637295723 1.3750706911087
# 761 vertices

vn -0.23709717392921 -0.35525515675545 -0.90420061349869
vn -0.04128216952085 0.14659701287746 -0.98833453655243
vn -0.28741824626923 0.4677070081234 -0.83584743738174
vn -0.28347569704056 0.02268805541098 -0.95871102809906
vn 0.16525201499462 -0.91785502433777 -0.36087942123413
vn 0.08847051113844 -0.63741892576218 -0.76542150974274
vn 0.1015964075923 -0.70673722028732 -0.70014327764511
vn 0.16522347927094 -0.9178701043129 -0.36085411906242
vn 0.00003125061266 0.15231548249722 0.98833191394806
vn 0.00003125046715 0.1523460149765 0.98832720518112
vn 0 0.15231548249722 0.98833191394806
vn -0.30682134628296 0.39079251885414 -0.86783748865128
vn -0.87746125459671 0.46085622906685 -0.1329410970211
vn -0.8784356713295 0.45773407816887 -0.13722334802151
vn -0.88928294181824 0.28613558411598 -0.35679447650909
vn 0.10712818056345 0.74789720773697 0.65511322021484
vn 0.5890765786171 0.80445671081543 0.07640808075666
vn 0.29966732859612 0.506487429142 0.80849856138229
vn -0.19665955007076 0.36566239595413 0.90973407030106
vn -0.00396886141971 0.13078492879868 0.99140280485153
vn -0.52183026075363 0.71311801671982 0.46814092993736
vn 0.78978615999222 0.54671251773834 -0.27810648083687
vn 0.95279854536057 0.29013025760651 -0.08943912386894
vn 0.11653458327055 -0.70442640781403 -0.70014506578445
vn 0.31272387504578 -0.75248104333878 -0.57963442802429
vn 0 -0.99999767541885 -0.0021563123446
vn -0.34156477451324 -0.89241218566895 -0.29484570026398
vn -0.42266327142715 -0.86779564619064 0.26131683588028
vn 0.15559664368629 -0.87801629304886 0.45263344049454
vn -0.71095073223114 0.00375006976537 -0.70323181152344
vn -0.7109506726265 0.0037813198287 -0.70323169231415
vn -0.62042862176895 0.77365291118622 0.12856714427471
vn -0.25369223952293 0.33372500538826 -0.90789198875427
vn -0.05468808487058 0.99676066637039 0.05896937847137
vn -0.05465741828084 0.96814572811127 0.24434897303581
vn -0.83352082967758 -0.52916949987412 -0.1588164716959
vn -0.81026190519333 -0.53460162878036 0.24015977978706
vn 0.35581782460213 -0.8997009396553 -0.2528475522995
vn 0.55013179779053 -0.82979154586792 -0.0938136652112
vn -0.80974495410919 0.46895265579224 -0.35269889235497
vn -0.39923396706581 0.70158922672272 -0.59024125337601
vn -0.72342985868454 0.68208473920822 -0.10681598633528
vn -0.8175168633461 0.55479270219803 -0.15450318157673
vn 0.46838757395744 0.8440226316452 -0.26122575998306
vn 0.47007277607918 0.84436219930649 -0.25706812739372
vn 0.35247826576233 0.91380590200424 0.20178669691086
vn -0.04146941378713 0.95717161893845 0.28653585910797
vn -0.99999749660492 0 0.00225006463006
vn -0.99999761581421 0 0.00218756287359
vn 0.99999761581421 0 0.00218756287359
vn -0.90183401107788 0.36478993296623 -0.23156802356243
vn -0.83520305156708 0.45603972673416 0.30734944343567
vn -0.95143407583237 0.22075645625591 -0.21456877887249
vn -0.90181511640549 0.36479493975639 -0.23163367807865
vn -0.87758451700211 0.37472814321518 0.29903876781464
vn -0.87759274244308 0.37473165988922 0.29901030659676
vn -0.8775742650032 0.37475502490997 0.29903525114059
vn 0.22628530859947 0.90148496627808 -0.3689441382885
vn 0.22622717916965 0.90147107839584 -0.3690137565136
vn 0.22634723782539 0.90148264169693 -0.368911921978
vn 0.22625306248665 0.90148097276688 -0.36897373199463
vn -0.00009375272202 -0.99999785423279 -0.0020625598263
vn 0 -0.99999761581421 -0.00218756287359
vn 0.55107355117798 -0.72479575872421 0.41350826621056
vn 0.63429862260818 -0.7557081580162 -0.16300445795059
vn 0.03678173944354 0.08390736579895 -0.99579447507858
vn 0.03681294620037 0.0839072689414 -0.99579334259033
vn 0.7109711766243 -0.00006250021397 0.70322114229202
vn 0.7109557390213 0.00003125080184 0.70323675870895
vn 0.7109711766243 0 0.70322114229202
vn 0.7109557390213 0 0.70323675870895
vn -0.91448730230331 -0.40328946709633 -0.0327194146812
vn -0.92545866966248 0.10168982297182 -0.36494582891464
vn -0.36010247468948 0.42394778132439 0.83102011680603
vn -0.40732201933861 0.5901700258255 0.69698506593704
vn -0.5341362953186 0.06381384283304 0.84298652410507
vn -0.70288896560669 -0.51813530921936 0.48732221126556
vn -0.53417158126831 0.06384558230639 0.84296172857285
vn -0.53323292732239 0.07128314673901 0.84295988082886
vn -0.53411287069321 0.06384602934122 0.84299886226654
vn -0.8365113735199 -0.35981738567352 0.41325560212135
vn -0.534135222435 0.0638449639082 0.84298479557037
vn -0.02446889877319 -0.99300599098206 0.11550069600344
vn -0.02450012974441 -0.99300521612167 0.11550060659647
vn 0.02637580782175 -0.6790519952774 0.73361617326736
vn -0.19387859106064 -0.55566650629044 0.8084836602211
vn 0.8775383234024 -0.37481552362442 -0.29906490445137
vn 0.87766057252884 -0.37454640865326 -0.29904335737228
vn 0.87766969203949 -0.37463074922562 -0.29891082644463
vn 0.87792813777924 -0.37432184815407 -0.29853871464729
vn 0.62873196601868 -0.7486407160759 0.21031692624092
vn 0.4114835858345 -0.90103244781494 0.13719244301319
vn -0.5341117978096 0.06387715786695 0.84299719333649
vn 0.95113557577133 -0.15768924355507 0.26547172665596
vn 0.14441052079201 -0.41032463312149 -0.9004328250885
vn -0.04525127634406 -0.98890292644501 -0.14150400459766
vn -0.95109355449677 -0.15788015723228 -0.26550868153572
vn -0.95109975337982 -0.15790724754333 -0.2654704451561
vn -0.71741718053818 -0.63872849941254 -0.27809798717499
vn -0.71743774414062 -0.63871556520462 -0.2780747115612
vn -0.62766885757446 -0.68763881921768 -0.36494481563568
vn 0.12872256338596 -0.10365933179855 0.98624807596207
vn 0.16394074261189 -0.10618959367275 0.98073810338974
vn 0.84628129005432 -0.09034708887339 0.52501940727234
vn 0.84627890586853 -0.09037808328867 0.52501791715622
vn -0.57410651445389 0.29803788661957 -0.76261073350906
vn -0.26440820097923 0.95194453001022 -0.15456363558769
vn -0.46294668316841 0.8375478386879 -0.29016202688217
vn -0.58820772171021 0.68786746263504 -0.42526465654373
vn 0.95745146274567 0.27575400471687 -0.08512623608112
vn 0.95745652914047 0.27575546503067 -0.08506418764591
vn 0.95745396614075 0.27575474977493 -0.08509521186352
vn -0.65432894229889 -0.34144607186317 -0.67473566532135
vn -0.80458247661591 -0.49501231312752 -0.3280394077301
vn 0.49057441949844 -0.85983341932297 -0.14150343835354
vn 0.49004662036896 -0.84377646446228 -0.21885061264038
vn 0.9574425816536 0.27581393718719 -0.08503170311451
vn -0.03946968913078 0.40935352444649 0.91152173280716
vn -0.04340769350529 0.86999768018723 -0.49114134907722
vn -0.04159476235509 0.87217742204666 -0.48741811513901
vn -0.24588035047054 0.84445589780808 0.47585412859917
vn -0.26488384604454 0.96125078201294 0.0763775408268
vn 0.10896980017424 0.75328850746155 0.64859998226166
vn 0.30453690886497 -0.95220518112183 -0.02371919155121
vn 0.30469563603401 -0.95215046405792 -0.02387563884258
vn 0.30462917685509 -0.95216935873032 -0.02396908029914
vn 0.30460086464882 -0.95217841863632 -0.02396930754185
vn 0.7109557390213 -0.00003125080184 0.70323675870895
vn 0.71098679304123 0 0.70320534706116
vn 0.01890651509166 -0.38272413611412 -0.92366921901703
vn 0.18647210299969 0.52022808790207 0.83342117071152
vn 0.01481280475855 0.1124085560441 0.99355167150497
vn -0.5650759935379 0.29363203048706 0.77101838588715
vn -0.5615730881691 0.30028691887856 0.77101451158524
vn 0.04587622731924 -0.13156601786613 0.99024528264999
vn 0.03250051662326 -0.08562636375427 0.99579709768295
vn 0.07815765589476 -0.33766230940819 0.93801683187485
vn 0.07812741398811 -0.33763545751572 0.93802899122238
vn 0.84629017114639 -0.09034469723701 0.52500551939011
vn 0.3384183049202 0.05243936926126 0.93953347206116
vn 0.75773864984512 0.09769006073475 0.64520448446274
vn 0.76148825883865 0.09028356522322 0.64186018705368
vn 0.75772339105606 0.09768809378147 0.64522266387939
vn 0.84858423471451 -0.09031481295824 0.52129459381104
vn -0.47439128160477 -0.05650194361806 -0.87849897146225
vn -0.47438961267471 -0.05656424537301 -0.87849587202072
vn -0.47441300749779 -0.05659455806017 -0.87848126888275
vn 0.04146956279874 -0.40916427969933 -0.91151791810989
vn 0.041438896209 -0.40913879871368 -0.91153073310852
vn 0.02071907743812 -0.99829703569412 0.05453211441636
vn 0.02075027860701 -0.99829471111298 0.05456323176622
vn 0.02075024321675 -0.99829298257828 0.05459439381957
vn -0.29241338372231 0.27769428491592 -0.91508483886719
vn 0.09537663310766 0.36697506904602 -0.925328373909
vn 0.32563364505768 -0.88977366685867 -0.31978976726532
vn 0.30978924036026 -0.93886804580688 -0.15019138157368
vn 0.87947779893875 -0.00756257772446 -0.47587987780571
vn 0.87951123714447 -0.00753134628758 -0.47581857442856
vn -0.21594531834126 0.53980076313019 -0.81362318992615
vn -0.21594166755676 0.53982293605804 -0.81360948085785
vn -0.21591188013554 0.53982657194138 -0.81361496448517
vn -0.01693788915873 0.99836659431458 -0.05456374585629
vn -0.0169378593564 0.99836492538452 -0.05459490790963
vn -0.01696910150349 0.99836438894272 -0.05459487810731
vn -0.56540077924728 -0.56140059232712 -0.60427755117416
vn -0.55787765979767 -0.57256525754929 -0.60078412294388
vn -0.56010621786118 -0.56673139333725 -0.60423225164413
vn -0.88340705633163 0.35007521510124 0.31151130795479
vn -0.88340604305267 0.35010603070259 0.31147965788841
vn -0.88341498374939 0.35003471374512 0.31153434514999
vn -0.86014539003372 -0.33891427516937 0.38116529583931
vn -0.86013633012772 -0.33894196152687 0.38116124272346
vn 0.7169440984726 0.63553708791733 -0.28650262951851
vn 0.32707658410072 0.8699437379837 -0.36907836794853
vn 0.3801963031292 0.41097828745842 -0.82858169078827
vn 0.62888646125793 0.58354187011719 -0.51379054784775
vn 0.77023327350616 -0.28834918141365 -0.56885451078415
vn 0.18844065070152 -0.27606710791588 -0.94248449802399
vn 0.17606724798679 -0.79564642906189 -0.57960939407349
vn 0.74529838562012 -0.36485213041306 -0.55804407596588
vn -0.74633055925369 0.65035945177078 0.14150342345238
vn -0.42234998941422 0.85713773965836 0.29484811425209
vn -0.59504610300064 0.18537962436676 0.7820195555687
vn -0.59870064258575 0.18559780716896 0.77917331457138
vn -0.06968811899424 -0.62959939241409 -0.77378821372986
vn -0.05656394734979 -0.8078019618988 -0.5867338180542
vn 0.98218768835068 -0.05284544453025 -0.1803182810545
vn 0.99556136131287 -0.00750022660941 -0.09381533414125
vn -0.29887735843658 0.90756970643997 -0.2949398458004
vn 0.27635079622269 0.82608360052109 -0.49113753437996
vn -0.54254430532455 0.83920776844025 -0.03709464520216
vn -0.95639830827713 -0.27941304445267 0.0850333198905
vn -0.95640993118286 -0.27935391664505 0.08509685099125
vn -0.95638740062714 -0.27944111824036 0.08506359905005
vn 0.9834491610527 -0.17278330028057 0.05453189834952
vn 0.10984598845243 -0.42091485857964 0.90042465925217
vn 0.67369848489761 -0.38897508382797 0.62835401296616
vn -0.0095000974834 0.46612977981567 -0.88466536998749
vn -0.40536165237427 0.65124750137329 -0.64152836799622
vn 0.63750946521759 0.34766140580177 -0.68754142522812
vn 0.8921058177948 0.45119360089302 0.02390657365322
vn 0.58426022529602 0.37138149142265 0.72160637378693
vn 0.85960161685944 0.51084840297699 0.01090634986758
vn -0.30909970402718 0.52529138326645 0.79279655218124
vn 0.26519569754601 0.40645006299019 0.87433952093124
vn -0.21462740004063 0.18009576201439 0.95994824171066
vn -0.02450080029666 -0.99300116300583 0.11553502827883
vn -0.02453203313053 -0.99300044775009 0.11553493887186
vn -0.10256583988667 0.11837885528803 0.9876571893692
vn -0.8869234919548 0.42707082629204 -0.17600344121456
vn -0.97207885980606 0.22822259366512 -0.05456341803074
vn -0.96801197528839 0.24278426170349 -0.06331328302622
vn -0.16534608602524 0.98582643270493 0.0284066516906
vn -0.16531598567963 0.98583328723907 0.02834434807301
vn -0.16531583666801 0.9858323931694 0.02837557345629
vn -0.23325817286968 0.85231113433838 -0.46814140677452
vn -0.87931209802628 0.1981944590807 0.43304643034935
vn -0.35797095298767 -0.92600572109222 0.1198757365346
vn -0.35794371366501 -0.92601609230042 0.1198770776391
vn -0.35798135399818 -0.92600125074387 0.11987921595573
vn 0.6837722659111 0.61973893642426 0.38520005345345
vn 0.68373417854309 0.61976397037506 0.38522744178772
vn 0.00187500298489 0.74100118875504 0.67150110006332
vn 0.43175917863846 0.88104993104935 0.19322283565998
vn -0.67573875188828 -0.58779865503311 0.4448256790638
vn -0.41788810491562 -0.69364672899246 0.5867058634758
vn 0.07728354632854 -0.69427067041397 -0.71555256843567
vn 0.17972204089165 -0.76801401376724 -0.6146987080574
vn -0.87618273496628 0.38129276037216 0.29482141137123
vn -0.99583899974823 0.09047116339207 -0.0109377913177
vn 0.63373458385468 0 -0.77355057001114
vn 0.63347774744034 -0.00003125044168 -0.77376091480255
vn 0.63345903158188 0 -0.77377623319626
vn 0.75489628314972 0.09775275737047 0.64851826429367
vn 0.75489401817322 0.09778370708227 0.64851629734039
vn 0.61379832029343 0.21447472274303 0.75977116823196
vn 0.63342493772507 0 -0.77380412817001
vn 0.63344365358353 0 -0.77378880977631
vn 0.73581945896149 0.12781371176243 -0.66500627994537
vn -0.9906587600708 -0.11296904087067 0.07637519389391
vn -0.99066227674484 -0.11293818056583 0.07637546211481
vn -0.990658223629 -0.11297254264355 0.07637755572796
vn 0.62470233440399 -0.47716760635376 0.61810845136642
vn 0.62473344802856 -0.47716748714447 0.61807709932327
vn 0.56254440546036 -0.81601911783218 0.13287810981274
vn 0.45335248112679 -0.77013981342316 0.44872736930847
vn 0.99292117357254 -0.10553283989429 0.05450082197785
vn 0.99153876304626 0.03768778592348 -0.12421968579292
vn 0.05472040176392 -0.8650261759758 -0.49873381853104
vn -0.05281323194504 -0.83054280281067 -0.55444520711899
vn -0.57536429166794 0.43301546573639 -0.69386851787567
vn -0.73564267158508 0.31953892111778 -0.5972643494606
vn -0.01890668272972 0.86655110120773 0.49873015284538
vn -0.01887532696128 0.79391998052597 0.60772925615311
vn 0.30460107326508 -0.95217913389206 -0.02393807470798
vn 0.3046001791954 -0.95217627286911 -0.02406300604343
vn 0.0764401704073 -0.342230707407 0.93650150299072
vn -0.1653156876564 0.98583149909973 0.02840679697692
vn -0.0771893337369 0.82126957178116 0.56529474258423
vn -0.07722041010857 0.82126760482788 0.5652933716774
vn 0.62694996595383 0.73088955879211 0.26969286799431
vn 0.84988039731979 0.04518778994679 0.52503460645676
vn 0.84795367717743 0.03768822178245 0.52872884273529
vn 0.84991699457169 0.04518807306886 0.52497541904449
vn -0.07709503173828 0.82138872146606 0.56513446569443
vn -0.57425713539124 0.00375004648231 0.81866639852524
vn -0.57434970140457 0.00359378685243 0.81860220432282
vn -0.98744088411331 -0.04903141781688 0.15018801391125
vn -0.99142181873322 -0.11668933182955 0.05887592211366
vn 0.0226567517966 0.80689293146133 0.59026306867599
vn 0.01318795792758 0.92103201150894 0.38926351070404
vn 0.59517288208008 0.799959897995 0.07637713104486
vn -0.5250124335289 0.84905129671097 -0.05893889442086
vn 0.71692109107971 0.6355756521225 -0.28647467494011
vn 0.85001683235168 0.52344787120819 -0.05893866717815
vn 0.76907956600189 -0.62126380205154 0.15015958249569
vn -0.02640629373491 -0.35784432291985 -0.9334077835083
vn 0.39535835385323 -0.78796654939651 -0.47201743721962
vn 0.01887539587915 0.84858030080795 -0.52872979640961
vn -0.07359425723553 0.98313182592392 0.16743867099285
vn -0.07915707677603 0.98413521051407 0.15878291428089
vn 0.00746875768527 -0.99996984004974 0.00212500221096
vn 0.30979070067406 -0.9388724565506 -0.15016083419323
vn 0.32566159963608 -0.88976466655731 -0.31978651881218
vn -0.08753332495689 -0.36472740769386 0.92699074745178
vn 0.27650645375252 -0.22872407734394 0.93339675664902
vn -0.88342255353928 0.35006895661354 0.31147447228432
vn 0.30622753500938 0.77636593580246 -0.55089074373245
vn 0.16240881383419 0.329161465168 -0.93020218610764
vn 0.73320376873016 -0.05284492298961 -0.67795252799988
vn -0.04912598058581 0.59704315662384 -0.80070346593857
vn -0.6709890961647 0.15703600645065 0.7246470451355
vn -0.67338615655899 0.16059641540051 0.7216369509697
vn 0.99891436100006 0.04528161883354 -0.0109375892207
vn 0.99891299009323 0.04531280323863 -0.01093757338822
vn 0.99891406297684 0.04528160393238 -0.01096883509308
vn 0.99891471862793 0.0452816337347 -0.010906342417
vn -0.22238259017468 0.92103147506714 0.31976091861725
vn -0.2223803550005 0.9210222363472 0.31978896260262
vn -0.22235287725925 0.92103785276413 0.31976312398911
vn -0.71095055341721 0.00381257012486 -0.7032316327095
vn -0.45454555749893 0.00378136895597 0.89071547985077
vn -0.45450821518898 0.00368756684475 0.89073491096497
vn -0.45453298091888 0.00371876405552 0.89072215557098
vn -0.45454558730125 0.00375011819415 0.89071559906006
vn -0.31000769138336 -0.22519309818745 0.92367923259735
vn -0.50460034608841 -0.0600632801652 0.86126124858856
vn 0.05993935093284 -0.34963580965996 0.93496632575989
vn 0.43675252795219 -0.49931538105011 0.74828559160233
vn -0.2093797326088 -0.85423803329468 0.47585451602936
vn 0.75633662939072 0.6511145234108 -0.06328327208757
vn 0.75142866373062 0.65676957368851 -0.06331438571215
vn 0.45707708597183 0.87740308046341 0.14575465023518
vn 0.74134892225266 0.66812962293625 -0.06328169256449
vn -0.31647288799286 0.91310572624207 0.25706586241722
vn 0.87951099872589 -0.00756259495392 -0.47581845521927
vn 0.86242443323135 -0.17250363528728 -0.47588503360748
vn 0.71558022499084 -0.67817306518555 -0.16741040349007
vn 0.71672976016998 -0.67801040410995 -0.16309624910355
vn -0.43948623538017 0.13047394156456 -0.88872289657593
vn -0.077064499259 0.18131721019745 -0.98040050268173
vn 0.30372619628906 0.73945564031601 -0.60079598426819
vn -0.13900253176689 0.90886032581329 0.3932571709156
vn -0.12791076302528 -0.87018692493439 -0.47582930326462
vn -0.52088952064514 -0.79145961999893 -0.31979018449783
vn -0.52580273151398 -0.78987604379654 -0.31563791632652
vn -0.14115740358829 -0.98632055521011 -0.08512569218874
vn -0.10531429201365 0.10400176793337 0.98898559808731
vn -0.10228310525417 0.11287704110146 0.9883303642273
vn 0.70457273721695 0.68854123353958 -0.1717212498188
vn 0.52281820774078 0.63485062122345 -0.56888115406036
vn -0.4057908654213 0.76336187124252 0.50260561704636
vn -0.62754762172699 0.70220583677292 0.33629003167152
vn -0.77717912197113 -0.46395117044449 -0.42513751983643
vn -0.51716542243958 -0.82026451826096 -0.24434807896614
vn 0.27575534582138 -0.95620608329773 -0.09812690317631
vn -0.01703158393502 0.99836331605911 -0.05459481850266
vn -0.68107968568802 -0.73048722743988 0.05018876492977
vn -0.9897780418396 -0.12044090777636 0.07637716084719
vn 0.8775742650032 -0.37475502490997 -0.29903525114059
vn 0.57426118850708 0.00006250121805 -0.81867212057114
vn 0.57429677248001 0.0000312508455 -0.81864714622498
vn 0.57426118850708 0 -0.81867218017578
vn 0.87758040428162 -0.37478891015053 -0.29897484183311
vn 0.87759274244308 -0.37473165988922 -0.29901030659676
vn -0.35800990462303 -0.92599439620972 0.11984707415104
vn 0 0.15225444734097 0.98834133148193
vn 0 0.1523460149765 0.98832720518112
vn 0.43085345625877 0.90220779180527 0.01965669170022
vn 0.49076756834984 0.85506188869476 -0.16738098859787
vn 0.70101720094681 0.70636105537415 0.09812740236521
vn 0.61486262083054 -0.52692240476608 -0.5867680311203
vn 0.48451778292656 -0.64561742544174 -0.59027165174484
vn 0.63351172208786 -0.00006250115985 -0.77373307943344
vn -0.64991235733032 0.36794096231461 0.66500627994537
vn -0.61108458042145 0.53523808717728 0.58317732810974
vn -0.28591826558113 0.87019288539886 -0.40126687288284
vn -0.2858495414257 0.87020510435104 -0.40128937363625
vn -0.2859505712986 0.87019598484039 -0.40123707056046
vn -0.28591051697731 0.87020045518875 -0.40125596523285
vn -0.75771433115006 0.58217692375183 0.29485419392586
vn -0.46794772148132 0.79539239406586 0.38519591093063
vn 0.02828197553754 0.85742831230164 0.51382571458817
vn -0.16672392189503 0.30400943756104 -0.93796664476395
vn 0.09878297150135 -0.16353410482407 -0.98157960176468
vn 0.47613486647606 -0.11228357255459 -0.87217426300049
vn -0.79594880342484 0.59507095813751 -0.1111578270793
vn -0.31187704205513 0.950100004673 -0.00653129303828
vn -0.79596638679504 0.5950528383255 -0.11112903058529
vn 0.03628158569336 0.01506264042109 -0.99922806024551
vn 0.03628160431981 0.01503139734268 -0.99922853708267
vn -0.8004846572876 0.58894920349121 -0.11118970811367
vn -0.32769122719765 0.93769818544388 0.11550132185221
vn 0.83095794916153 0.52916926145554 0.1717229783535
vn 0.81193405389786 0.48836049437523 0.31979221105576
vn 0.4906003177166 -0.85982406139374 -0.14147065579891
vn 0.55019289255142 -0.8297581076622 -0.09375091642141
vn -0.39920035004616 0.70158505439758 -0.59026896953583
vn -0.39928928017616 0.7015141248703 -0.59029316902161
vn 0.00562505144626 -0.99797785282135 -0.06331307440996
vn -0.41541513800621 -0.77992296218872 -0.46813502907753
vn -0.98773336410522 0.02262533269823 0.1545022726059
vn -0.84401726722717 -0.15369063615799 0.51382303237915
vn 0.07915809005499 0.94558447599411 0.31560108065605
vn 0.15012961626053 0.87080800533295 0.4681393802166
vn 0.15403500199318 0.89749056100845 0.41326004266739
vn -0.23703819513321 -0.35526040196419 -0.90421396493912
vn 0.02806293591857 -0.03343801945448 -0.99904674291611
vn 0.92110002040863 0.00756255118176 0.38925263285637
vn 0.1801268607378 -0.98344761133194 0.01962520182133
vn 0.00006250180741 -0.9999977350235 -0.00212506158277
vn 0.66439765691757 -0.49304807186127 0.56167542934418
vn 0.56067454814911 -0.38966900110245 0.73061764240265
vn 0.10475193709135 -0.53141605854034 0.8406093120575
vn -0.17191210389137 0.73861885070801 0.65183466672897
vn -0.26482132077217 0.73436826467514 -0.6249583363533
vn 0.23944307863712 0.61510807275772 0.75120508670807
vn 0.57879984378815 0.6480832695961 0.49495336413383
vn -0.14284664392471 0.93086260557175 0.33628806471825
vn -0.20922546088696 0.85852760076523 0.46814003586769
vn -0.73853647708893 0.06037542596459 -0.67150473594666
vn -0.50070470571518 -0.34129294753075 -0.79549604654312
vn -0.50729137659073 -0.33797547221184 -0.79273450374603
vn 0.62664437294006 -0.00003125096919 -0.77930533885956
vn 0.62666338682175 0 -0.7792900800705
vn 0.62664437294006 0.00003125096919 -0.77930533885956
vn -0.00771898636594 -0.99996817111969 -0.00203131232411
vn -0.95109677314758 -0.15791194140911 -0.26547831296921
vn 0.57429677248001 0 -0.81864714622498
vn -0.29597392678261 0.07475130259991 -0.95226663351059
vn 0.0018750106683 -0.28018909692764 -0.95994299650192
vn 0.1386920362711 -0.072783626616 -0.98765736818314
vn -0.1850029528141 0.33556786179543 -0.92367100715637
vn -0.57425707578659 0.00378129654564 0.81866627931595
vn -0.57410836219788 0.00371884484775 0.81877088546753
vn -0.10809549689293 -0.20725336670876 0.97229695320129
vn -0.51026326417923 0.04137608036399 0.85902231931686
vn 0.04143836721778 -0.40916481614113 -0.91151905059814
vn 0.04147009178996 -0.40913826227188 -0.91152954101562
vn 0.82289791107178 -0.56798458099365 -0.01525042485446
vn 0.78879225254059 -0.52741360664368 -0.3156606554985
vn -0.57427185773849 0.00375014240853 0.81865608692169
vn -0.00753134675324 -0.99995028972626 -0.00653133355081
vn -0.7934655547142 0.46107879281044 0.39726406335831
vn -0.79350000619888 0.4610181748867 0.39726567268372
vn -0.79351156949997 0.46100673079491 0.39725580811501
vn 0.37560576200485 0.41032561659813 -0.8309953212738
vn -0.76871317625046 0.40966993570328 -0.49117267131805
vn -0.84159183502197 0.52004933357239 -0.14584882557392
vn 0.65161979198456 0.65818250179291 -0.37707754969597
vn 0.41195133328438 0.72864955663681 -0.54714339971542
vn -0.1216904297471 0.62507748603821 0.77101850509644
vn -0.30135625600815 0.65733975172043 0.69071614742279
vn -0.45495545864105 0.28010481595993 -0.84531462192535
vn -0.93517780303955 0.20237965881824 -0.29066294431686
vn 0.02831255458295 -0.85968917608261 -0.51003223657608
vn 0.16697080433369 -0.89885473251343 -0.40519246459007
vn -0.12594233453274 -0.76490443944931 -0.63171178102493
vn -0.18762765824795 -0.96710753440857 -0.17175243794918
vn 0.73317134380341 -0.05290734022856 -0.67798274755478
vn 0.58107566833496 0.36447697877884 0.72767275571823
vn 0.97379434108734 -0.07540726661682 0.21456538140774
vn 0.57732319831848 0.36450678110123 0.73063856363297
vn 0.57739126682281 0.36451026797295 0.73058301210403
vn 0.87755066156387 -0.37475830316544 -0.29910036921501
vn 0.82629752159119 0.41466441750526 0.38116374611855
vn 0.71611988544464 -0.12016063928604 0.68755632638931
vn 0.54061412811279 -0.39557740092278 -0.74246543645859
vn 0.45020258426666 -0.55417484045029 -0.70014846324921
vn -0.95638483762741 -0.2794403731823 0.08509462326765
vn -0.95640152692795 -0.27938276529312 0.08509610593319
vn -0.95107781887054 -0.15787753462791 -0.26556676626205
vn 0.38166716694832 -0.79461652040482 -0.47213852405548
vn 0.13912904262543 -0.82296144962311 -0.5507972240448
vn -0.04909481853247 -0.91983252763748 -0.38922721147537
vn 0 -0.99997866153717 -0.0065313144587
vn -0.66158002614975 -0.04903255030513 0.74826979637146
vn -0.66158306598663 -0.04893902316689 0.74827325344086
vn -0.07875254005194 0.63533300161362 0.76821225881577
vn -0.6370444893837 0.62110662460327 -0.45650950074196
vn -0.52601051330566 0.63541895151138 -0.56529253721237
vn -0.40110328793526 -0.82539463043213 0.3972906768322
vn -0.70644962787628 -0.16809663176537 0.68751180171967
vn -0.28903993964195 -0.73102194070816 0.61811232566834
vn -0.66777729988098 0.15681889653206 0.72765469551086
vn -0.7847985625267 -0.45091620087624 -0.42516562342644
vn -0.70917361974716 0.08290828019381 -0.70014214515686
vn -0.67813318967819 0.39225476980209 0.62150752544403
vn -0.74155789613724 0.38823267817497 0.54714465141296
vn -0.31634852290154 0.89310723543167 0.31981733441353
vn -0.8354030251503 0.549112200737 -0.02403205819428
vn -0.90178799629211 0.3648464679718 -0.23165798187256
vn -0.87747937440872 0.46084931492805 -0.13284537196159
vn -0.18128569424152 0.68742316961288 -0.70326727628708
vn -0.41023510694504 0.91153627634048 -0.02843863144517
vn -0.46650746464729 0.83826339244843 -0.28228574991226
vn 0.71092462539673 0 0.7032682299614
vn 0.97201824188232 0.18750351667404 -0.141502648592
vn 0.97201961278915 0.18747252225876 -0.14153410494328
vn 0.61961847543716 -0.48373806476593 -0.6181184053421
vn 0.29235231876373 -0.36313566565514 -0.88468223810196
vn -0.87797504663467 0.46112829446793 -0.12853217124939
vn -0.80045747756958 0.4846371114254 0.35269629955292
vn -0.03937593847513 0.49529305100441 0.86783313751221
vn -0.03943788260221 0.49525478482246 0.86785215139389
vn -0.91578412055969 0.26816624403 0.29904237389565
vn -0.84692919254303 -0.05643902719021 0.52870184183121
vn -0.76707696914673 -0.46972760558128 0.43697699904442
vn -0.93502581119537 -0.35100966691971 0.05018888413906
vn 0.79621022939682 0.0754396468401 0.6002984046936
vn 0.0547507032752 -0.01496894285083 -0.99838787317276
vn 0.63749068975449 0.34773075580597 -0.68752372264862
vn 0.8302760720253 -0.29638430476189 -0.47201484441757
vn -0.50072449445724 -0.34137895703316 -0.7954466342926
vn 0.02818834595382 0.49604612588882 0.86783850193024
vn 0.30625891685486 0.77639764547348 -0.55082857608795
vn -0.83812773227692 0.45623722672462 0.29898086190224
vn -0.11456652730703 0.58439552783966 -0.8033407330513
vn 0.22206790745258 -0.5373255610466 0.81361359357834
vn 0.22206418216228 -0.53734785318375 0.81359988451004
vn 0.22203820943832 -0.53732931613922 0.81361925601959
vn 0.22203256189823 -0.53731566667557 0.81362980604172
vn 0.95744830369949 0.27578434348106 -0.08506345748901
vn -0.99891644716263 -0.04525046423078 0.01087511144578
vn -0.99892038106918 -0.04512564092875 0.01103140600026
vn -0.99891328811646 -0.04531281813979 0.01090632658452
vn -0.99891471862793 -0.0452816337347 0.010906342417
vn 0.16522161662579 -0.91785973310471 -0.36088126897812
vn 0.45466059446335 0 -0.89066475629807
vn 0.45457357168198 0 -0.89070922136307
vn -0.72142511606216 -0.63601666688919 -0.27391341328621
vn 0.36398306488991 0.88625365495682 0.28648003935814
vn 0.15403267741203 0.89750826358795 0.41322255134583
vn -0.71052116155624 0.07162713259459 0.70002084970474
vn -0.63957214355469 0.61560302972794 -0.46041318774223
vn -0.63961213827133 0.61558020114899 -0.46038821339607
vn 0.24731965363026 -0.4309187233448 -0.86783754825592
vn -0.5704762339592 0.74744725227356 0.3404107093811
vn -0.61963891983032 0.7727986574173 0.13722184300423
vn 0.9989150762558 0.04528164863586 -0.0108750956133
vn 0.00190630136058 -0.28022629022598 -0.95993208885193
vn 0.00565638300031 -0.29688194394112 -0.95489740371704
vn -0.66158205270767 -0.04897019639611 0.74827212095261
vn -0.66154998540878 -0.04893888905644 0.7483024597168
vn -0.54054993391037 -0.61652129888535 0.57245725393295
vn 0.37647259235382 -0.78788304328918 -0.48734867572784
vn -0.02831299602985 0.97239208221436 -0.23162905871868
vn -0.86015564203262 -0.33891829848289 0.38113859295845
vn -0.86014425754547 -0.33888259530067 0.38119605183601
vn -0.23719236254692 -0.35525730252266 -0.9041748046875
vn 0.24288269877434 -0.94302988052368 -0.22738221287727
vn 0.72774058580399 -0.04515760391951 0.68436425924301
vn -0.70670461654663 -0.15328496694565 0.69070422649384
vn -0.70507210493088 -0.16065843403339 0.69069689512253
vn 0.25160184502602 -0.93071740865707 0.26544603705406
vn -0.95110446214676 -0.15787677466869 -0.26547175645828
vn 0.4545983672142 0 -0.89069652557373
vn 0.45453611016274 0 -0.8907282948494
vn -0.95110148191452 -0.15788145363331 -0.26547962427139
vn -0.16534623503685 0.98582726716995 0.02837542630732
vn -0.61965125799179 0.77278274297714 0.13725581765175
vn 0.22622457146645 0.90146070718765 -0.36904075741768
vn 0.22622080147266 0.90147691965103 -0.36900335550308
vn 0.46856459975243 -0.03759391978383 0.88262897729874
vn 0 0 -1
vn 0 0 -1
vn 0.53697818517685 0.50635266304016 0.67473059892654
vn 0.99553579092026 0.03015638515353 -0.0894379094243
vn 0.94079911708832 -0.1428777128458 0.30738082528114
vn 0.15381754934788 0.85299676656723 0.4987351000309
vn 0.03581309691072 0.91526526212692 0.40125668048859
vn -0.41756802797318 -0.20709650218487 0.88473045825958
vn -0.4545456469059 0.00371886766516 0.8907156586647
vn -0.22235065698624 0.92102867364883 0.31979119777679
vn -0.2223464846611 0.92104262113571 0.31975394487381
vn 0.22619752585888 0.90147745609283 -0.36901634931564
vn -0.11547201126814 -0.39469864964485 -0.91152572631836
vn -0.47441217303276 -0.05662570521235 -0.87847971916199
vn -0.47445112466812 -0.05656412243843 -0.87846267223358
vn -0.63539850711823 -0.51017516851425 -0.57964646816254
vn -0.42366206645966 0.89469975233078 0.14150194823742
vn -0.43772965669632 0.83870840072632 -0.32397681474686
vn 0.01887551136315 0.9444317817688 -0.32816511392593
vn 0.6380164027214 0.05284511297941 -0.76820731163025
vn 0.63798362016678 0.05281373113394 -0.76823669672012
vn 0.0037500357721 0.9970720410347 0.07637573033571
vn 0.00381255382672 0.9970765709877 0.07631357759237
vn 0.27191767096519 -0.92497634887695 -0.26547989249229
vn -0.23888005316257 -0.41375875473022 0.87848734855652
vn 0.25050681829453 0.38857305049896 -0.88671153783798
vn 0.27200448513031 -0.92495274543762 -0.26547312736511
vn 0.38907381892204 0.08959635347128 0.91683918237686
vn 0.15709720551968 -0.09284579008818 0.98320907354355
vn 0.58041203022003 -0.78669542074203 -0.21031461656094
vn 0.5455733537674 -0.8016409277916 -0.24437986314297
vn 0.86154007911682 -0.03771913424134 -0.50628644227982
vn 0.82635670900345 -0.0754386857152 -0.55807131528854
vn 0.16513036191463 0.95103085041046 0.26128971576691
vn 0.24428384006023 0.90329080820084 0.35269123315811
vn 0.12415792047977 -0.88301181793213 -0.45263108611107
vn -0.01318779680878 -0.9193332195282 -0.39325886964798
vn -0.05659406259656 -0.80778568983078 -0.5867532491684
vn -0.99427551031113 0 0.10684648901224
vn -0.99928718805313 0.03768772631884 -0.002187512815
vn 0.01700025051832 0.87091910839081 0.4911322593689
vn 0.04521956667304 0.91129773855209 0.40925741195679
vn -0.79374617338181 -0.54308122396469 0.27391570806503
vn -0.32106840610504 0.75170135498047 0.57607305049896
vn 0.60491198301315 -0.41237890720367 -0.68119394779205
vn 0.60491704940796 -0.41241359710693 -0.68116837739944
vn 0.74685907363892 0 0.66498237848282
vn 0.74682968854904 0 0.66501533985138
vn -0.31201058626175 -0.73599374294281 0.60080164670944
vn -0.0451567620039 0.64191353321075 0.76544618606567
vn 0.56977140903473 0.68849462270737 -0.44870439171791
vn 0.49532407522202 0.64707762002945 -0.57960730791092
vn -0.46941560506821 0.76276516914368 0.44479012489319
vn -0.56536382436752 0.71840047836304 0.40529561042786
vn 0.49250954389572 0.62966841459274 -0.60079282522202
vn 0.37640967965126 -0.78791338205338 -0.48734816908836
vn 0.37100949883461 -0.77601981163025 -0.51004427671432
vn 0.72017955780029 0.23760141432285 -0.65183359384537
vn 0.84587216377258 0.21681977808475 -0.48732888698578
vn -0.03771976009011 0.95083791017532 0.30738323926926
vn 0.35882410407066 -0.0000312510092 0.93340522050858
vn 0.30931976437569 0.00750017585233 0.95092850923538
vn -0.32572644948959 0.93414711952209 0.14584720134735
vn -0.2847612798214 0.95213145017624 0.11116065084934
vn 0.43825724720955 0.42350700497627 -0.79282557964325
vn -0.31407135725021 0.86414933204651 0.39319857954979
vn -0.27309739589691 0.89173066616058 0.36087980866432
vn 0.17650601267815 -0.94781357049942 -0.26550903916359
vn 0.82734763622284 0.000031250147 0.56169015169144
vn -0.84809494018555 0.07156524807215 0.52498888969421
vn -0.80200159549713 0.00753155816346 0.59727442264557
vn -0.21153624355793 -0.93183445930481 -0.29485070705414
vn -0.14297214150429 -0.97955447435379 -0.14153461158276
vn 0.35582062602043 -0.89970803260803 -0.25281828641891
vn 0.05468839406967 -0.86501413583756 -0.4987581372261
vn 0.07728317379951 -0.91092896461487 -0.40526008605957
vn 0.25185206532478 -0.91193646192551 -0.32394820451736
vn -0.99427551031113 -0.03015702217817 0.10250262916088
vn -0.35885134339333 0 -0.9333947300911
vn -0.3279769718647 0.03778219595551 -0.94392985105515
vn 0.33863341808319 -0.93483579158783 -0.10681515932083
vn 0.28841364383698 -0.95102435350418 -0.11122160404921
vn -0.0037500448525 -0.99707442522049 -0.07634466141462
vn -0.00371884228662 -0.99739980697632 -0.07197054475546
vn 0.49247616529465 0.62969696521759 -0.60079026222229
vn 0.37091371417046 -0.77604693174362 -0.51007276773453
vn -0.04900101572275 0.80829805135727 -0.58673095703125
vn 0.00381262484007 0.80974525213242 -0.5867692232132
vn 0.4966724216938 -0.50873535871506 -0.70321041345596
vn 0.45388031005859 -0.54319381713867 -0.70635199546814
vn 0.84792900085449 -0.35988467931747 0.38922920823097
vn -0.28966668248177 0.30297967791557 0.90790778398514
vn 0.02825075760484 -0.78558355569839 0.61811035871506
vn 0.10718932002783 -0.76213794946671 0.6384796500206
vn 0.38085469603539 -0.558922290802 -0.7365837097168
vn 0.45389032363892 -0.54320579767227 -0.70633631944656
vn -0.45170375704765 0.50770580768585 0.73362016677856
vn -0.37709656357765 0.53775399923325 0.75406813621521
vn 0.01321884617209 -0.91760045289993 -0.3972841501236
vn 0.98724526166916 0.05281391739845 -0.15019153058529
vn 0.48451226949692 0.42851084470749 -0.76264429092407
vn 0.48457163572311 0.42850807309151 -0.76260811090469
vn -0.25350388884544 0.90232628583908 0.34863030910492
vn -0.2535066306591 0.90233606100082 0.34860289096832
vn 0.30460038781166 -0.95217698812485 -0.02403177507222
vn 0.20216153562069 -0.86642891168594 -0.45654320716858
vn -0.51957416534424 -0.65929597616196 0.54348093271255
vn -0.53760629892349 -0.65079647302628 0.53613752126694
vn 0.55063682794571 -0.75270360708237 -0.36088272929192
vn 0.53275418281555 -0.7493497133255 -0.39325311779976
vn 0.92109614610672 -0.23900060355663 0.30734452605247
vn -0.28781792521477 0.11359589546919 0.95092421770096
vn 0.8017538189888 0.0679065734148 -0.59378409385681
vn 0.67285752296448 0.06800139695406 -0.73664009571075
vn -0.02637512795627 -0.99244230985641 -0.11984433233738
vn -0.11675394326448 -0.95218843221664 -0.28232204914093
vn -0.99920743703842 0.02262545190752 0.03275065496564
vn -0.95766562223434 0.05650055035949 0.28228399157524
vn -0.10740990191698 -0.99315869808197 0.04581405594945
vn -0.04146944358945 -0.99139153957367 0.12418957799673
vn 0.24291209876537 -0.94302272796631 -0.22738048434258
vn -0.89339804649353 0.02256308309734 0.44869908690453
vn -0.04528201371431 -0.99811053276062 -0.04153195023537
vn -0.64223217964172 -0.22216090559959 0.73360913991928
vn -0.5365754365921 -0.25834998488426 0.80333185195923
vn -0.14465713500977 0.96778720617294 0.20606376230717
vn -0.06215680018067 0.97182106971741 0.22737701237202
vn 0.5356068611145 0.63695311546326 -0.55445110797882
vn 0.53970336914062 0.64908158779144 -0.53610950708389
vn -0.54845613241196 0.75430685281754 0.36085599660873
vn -0.52182501554489 0.76314336061478 0.38119664788246
vn 0.53494483232498 0.26956620812416 -0.80072975158691
vn 0.51879197359085 0.26247417926788 -0.81361055374146
vn 0.16906541585922 -0.96382910013199 -0.20603480935097
vn 0.15781836211681 -0.96291083097458 -0.21885187923908
vn -0.63053917884827 0.28569111227989 -0.72166538238525
vn 0.6227605342865 -0.36750620603561 -0.69073039293289
vn 0.64000445604324 0.01503135543317 0.76822412014008
vn 0.64001953601837 0.01506295986474 0.76821094751358
vn 0.63998568058014 0.01506289932877 0.76823914051056
vn 0.99054056406021 0 -0.13722003996372
vn 0.99252998828888 -0.02265693433583 -0.11987861990929
vn -0.06597040593624 -0.91180413961411 -0.4052914083004
vn -0.05281403660774 -0.9213080406189 -0.38522997498512
vn -0.35513511300087 -0.73058331012726 0.58320415019989
vn -0.35510617494583 -0.7306193113327 0.58317667245865
vn -0.35391756892204 0.68342810869217 0.63848918676376
vn 0.99673426151276 0 -0.08075125515461
vn 0.99673175811768 0 -0.08078230172396
vn 0.06959616392851 0.60198968648911 0.79546517133713
vn 0.06956376135349 0.60201096534729 0.79545187950134
vn -0.06593908369541 -0.91183435916901 -0.40522846579552
vn -0.99053293466568 0.00378137570806 0.13722331821918
vn -0.57432836294174 0.00375010375865 0.81861644983292
vn 0.74577897787094 -0.31551226973534 0.58674162626266
vn 0.16697382926941 -0.89880859851837 -0.40529358386993
vn 0.02828209102154 -0.85968178510666 -0.51004642248154
vn -0.16703580319881 0.96418249607086 0.20603686571121
vn 0.91943895816803 0 0.39323273301125
vn 0.9330889582634 -0.04522003233433 0.35679137706757
vn -0.36975884437561 -0.11494025588036 0.92199087142944
vn -0.38354694843292 -0.17869481444359 0.90606838464737
vn -0.01693782582879 -0.81976574659348 0.57244849205017
vn 0.14231626689434 -0.75914508104324 0.63517302274704
vn -0.34725898504257 0.56142073869705 0.75114440917969
vn -0.38095238804817 0.61468029022217 0.69068330526352
vn -0.55472993850708 0.82514160871506 0.10684590041637
vn -0.6086722612381 0.78836447000504 0.08943985402584
vn -0.43541485071182 -0.43138352036476 0.79014056921005
vn 0.25187674164772 -0.91194373369217 -0.32390847802162
vn 0.21331442892551 0.95407110452652 0.2103456556797
vn -0.12962807714939 -0.83883237838745 0.52873128652573
vn -0.00200003408827 -0.80982631444931 0.58666628599167
vn 0.49666941165924 -0.50870096683502 -0.7032373547554
vn 0.50279742479324 -0.55614286661148 -0.66174000501633
vn 0.29025295376778 0.67856937646866 -0.67475688457489
vn 0.505675137043 0.65483689308166 -0.56167721748352
vn 0.51932966709137 -0.76883798837662 -0.37307485938072
vn 0.34763848781586 -0.83568871021271 -0.42517274618149
vn -0.99673682451248 0 0.08072020858526
vn -0.99673426151276 0 0.08075125515461
vn -0.69386994838715 -0.65121209621429 0.3073553442955
vn -0.69386249780655 -0.65123635530472 0.30732080340385
vn 0.58946144580841 -0.75993710756302 -0.27391737699509
vn 0.58942198753357 -0.7599578499794 -0.27394485473633
vn -0.32160580158234 -0.77281028032303 0.54711425304413
vn -0.17531675100327 0.67617267370224 0.71557986736298
vn 0.53278911113739 -0.7493234872818 -0.39325577020645
vn -0.7160319685936 -0.24097952246666 0.65515422821045
vn 0.03965706750751 -0.95211333036423 -0.3031624853611
vn 0.12419033795595 -0.94611537456512 -0.29906934499741
vn -0.49917158484459 -0.64408224821091 0.57964277267456
vn -0.50026905536652 -0.65586870908737 0.56530272960663
vn 0.48936140537262 -0.75696486234665 -0.43304687738419
vn 0.46838092803955 -0.76338464021683 -0.44481810927391
vn 0.15312598645687 0.59350383281708 -0.79013013839722
vn -0.25069352984428 0.79358154535294 0.55441957712173
vn 0.38857263326645 -0.48729392886162 -0.78202039003372
vn 0.35273137688637 -0.55798876285553 -0.75115185976028
vn 0.0620642863214 0.62698686122894 0.77655363082886
vn -0.62532180547714 0.36319294571877 0.69069784879684
vn 0.51672661304474 0.20594063401222 0.83101266622543
vn 0.66473305225372 0.32072564959526 0.67473328113556
vn -0.63694322109222 0.76753813028336 0.07203189283609
vn -0.57776302099228 0.7997367978096 0.1631286740303
vn -0.22366124391556 -0.83964371681213 0.49494850635529
vn -0.43123233318329 0.54157948493958 0.72161644697189
vn -0.43119955062866 0.54160892963409 0.72161394357681
vn -0.79379743337631 -0.02259421162307 0.6077623963356
vn 0.2022225856781 0.92986142635345 0.30734959244728
vn 0.22960226237774 0.9163464307785 0.32801216840744
vn 0.0584383867681 0.83257514238358 0.55082082748413
vn 0.17969179153442 -0.76801830530167 -0.6147021651268
vn 0.28832113742828 -0.95105963945389 -0.11115957051516
vn 0.2883859872818 -0.95103621482849 -0.11119173467159
vn 0.35882410407066 0 0.93340522050858
vn 0.45020464062691 -0.55420857667923 -0.70012038946152
vn 0.76675409078598 -0.00006250033039 -0.64194095134735
vn 0.78748458623886 -0.04528216272593 -0.61466860771179
vn -0.06975078582764 -0.99582368135452 -0.05890691280365
vn 0.0075000487268 -0.99991273880005 0.01087507046759
vn -0.52067559957504 -0.82634317874908 0.21460171043873
vn -0.52351820468903 0.45298448204994 0.72161883115768
vn 0.22212758660316 0.84007227420807 -0.49491199851036
vn 0.20031562447548 0.83648180961609 -0.51007044315338
vn 0.43022963404655 -0.5342635512352 -0.727643430233
vn 0.43335470557213 -0.53988867998123 -0.72161203622818
vn -0.61695367097855 -0.62095379829407 0.48351269960403
vn -0.63800740242004 -0.05265686288476 0.76822769641876
vn -0.63802272081375 -0.05265812575817 0.76821488142014
vn -0.12037795037031 0.77951908111572 -0.61470252275467
vn -0.13906651735306 0.75977194309235 -0.63514339923859
vn 0.68154442310333 0.65616893768311 -0.32394373416901
vn 0.58023703098297 -0.76396155357361 -0.28229013085365
vn 0.48531657457352 -0.80535054206848 -0.34040910005569
vn 0.0452196970582 0.99811464548111 0.04150087013841
vn -0.05284409970045 0.99860036373138 -0.00218751444481
vn 0.95930045843124 0.00753140076995 -0.28228688240051
vn 0.8933767080307 -0.02268833480775 -0.4487352669239
vn -0.47347739338875 0.85532808303833 0.21031634509563
vn -0.20631451904774 0.14237639307976 -0.96807193756104
vn -0.52011495828629 -0.63058817386627 0.57605469226837
vn -0.34950357675552 -0.57522463798523 0.73957002162933
vn 0.34769806265831 -0.83568161725998 -0.42513793706894
vn 0.51938784122467 -0.76880025863647 -0.37307170033455
vn 0.04334527626634 -0.64205384254456 -0.76543325185776
vn -0.70601803064346 -0.70073658227921 -0.10250261425972
vn -0.52098453044891 -0.25807029008865 0.81361836194992
vn -0.52101147174835 -0.25803691148758 0.81361168622971
vn -0.16700434684753 0.96418130397797 0.2060678601265
vn 0.63733470439911 0.28597870469093 -0.715556204319
vn 0.06218878552318 0.99364548921585 0.093814432621
vn -0.15100213885307 -0.59403967857361 0.79013621807098
vn -0.412920743227 0.72533798217773 0.55080056190491
vn -0.09425123780966 -0.86810517311096 -0.48735013604164
vn 0.12418868392706 -0.88300842046738 -0.45262932777405
vn 0.03959466516972 -0.95211571455002 -0.30316323041916
vn 0.07725211232901 -0.91093116998672 -0.40526106953621
vn 0.25279194116592 -0.79290854930878 -0.55442970991135
vn 0.6148933172226 -0.52692192792892 -0.58673626184464
vn 0.05278135463595 0.9213142991066 0.38521948456764
vn 0.05281314998865 0.92132389545441 0.38519224524498
vn 0.99054485559464 0 -0.13718938827515
vn -0.22803583741188 -0.91670596599579 -0.32810035347939
vn 0.59166437387466 -0.78860455751419 -0.1674398034811
vn 0.07593947649002 -0.15156644582748 0.98552566766739
vn -0.20550440251827 -0.83751791715622 0.50629204511642
vn 0.43331956863403 -0.53988379240036 -0.72163677215576
vn 0.43016889691353 -0.53426575660706 -0.72767770290375
vn -0.42451211810112 0.55473464727402 0.7155829668045
vn -0.99054211378098 0.00375004089437 0.13715775310993
vn -0.74386316537857 0.01131279487163 -0.66823619604111
vn -0.69958359003067 0.15744224190712 -0.69698977470398
vn 0.66016191244125 -0.39559710025787 -0.63850545883179
vn 0.60820060968399 -0.41288387775421 -0.67795205116272
vn -0.07815783470869 0.15047179162502 -0.98551994562149
vn 0.5916440486908 -0.78861916065216 -0.16744290292263
vn 0.49732223153114 -0.86148566007614 -0.10253325849772
vn 0.34263741970062 0.68914997577667 -0.63849186897278
vn 0.3522901237011 0.723393201828 -0.5937961935997
vn -0.33172857761383 0.68508279323578 0.64855045080185
vn 0.02453182265162 0.79904991388321 -0.60076403617859
vn 0.35266837477684 -0.5579879283905 -0.75118201971054
vn 0.12422226369381 -0.94612056016922 -0.29903972148895
vn 0.25285044312477 -0.79289603233337 -0.55442094802856
vn -0.99307072162628 0.10168834030628 -0.05890673771501
vn -0.16528543829918 0.98583745956421 0.02837571874261
vn -0.21600304543972 0.53975766897202 -0.81363648176193
vn -0.59476745128632 0.79424208402634 0.12422239780426
vn -0.5895140171051 0.79020637273788 0.1674727499485
vn -0.77887088060379 0.05278309062123 0.62495929002762
vn -0.66951489448547 -0.02262550219893 0.74245399236679
vn 0.3573197722435 0.72954607009888 -0.58316814899445
vn 0.1810996234417 -0.66489654779434 -0.72464853525162
vn -0.60533547401428 0.41182813048363 0.68115091323853
vn -0.60205525159836 0.41129764914513 0.68437099456787
vn -0.7468244433403 0.00375005998649 -0.66501063108444
vn -0.99894148111343 0.0037812651135 -0.04584393277764
vn -0.0037500988692 -0.98799479007721 0.15444158017635
vn 0.50062847137451 0 -0.86566227674484
vn -0.06034492328763 0.99748808145523 -0.03709447011352
vn -0.06031371280551 0.99748879671097 -0.03712574765086
vn 0.01318798027933 -0.91759586334229 -0.39729568362236
vn -0.15834733843803 0.09068955481052 -0.98320978879929
vn -0.38487881422043 -0.08996964246035 -0.91857159137726
vn 0.54553771018982 -0.80166578292847 -0.24437789618969
vn 0.58044707775116 -0.78666919469833 -0.2103159725666
vn -0.51641428470612 -0.2067219465971 -0.83101284503937
vn 0.57467544078827 -0.80196434259415 -0.16309921443462
vn 0.60818088054657 -0.412891715765 -0.67796492576599
vn 0.66011029481888 -0.39566615223885 -0.63851600885391
vn 0.68558257818222 -0.14959813654423 0.71245837211609
vn 0.74083352088928 -0.01509417779744 0.6715190410614
vn 0.11653456836939 -0.70445758104324 -0.7001137137413
vn 0.14440830051899 -0.41028708219528 -0.90045028924942
vn -0.82981759309769 -0.0000312501943 -0.55803465843201
vn 0.17653629183769 -0.94780832529068 -0.26550757884979
vn -0.61488312482834 0.78401041030884 0.085126131773
vn 0.34953340888023 -0.68575417995453 -0.63841021060944
vn 0.34938278794289 -0.68573403358459 -0.63851428031921
vn 0.40804773569107 0.11197327822447 -0.90606790781021
vn 0.40063127875328 -0.14803355932236 -0.90420168638229
vn -0.00753129692748 0.99991250038147 -0.01087506767362
vn 0.0415011420846 0.99621492624283 0.07637710124254
vn 0.00756253767759 -0.99991124868393 0.01096880435944
vn 0.00753129692748 -0.99991250038147 0.01087506767362
vn -0.76680773496628 -0.00375012937002 0.64186590909958
vn -0.76679223775864 0.00378130446188 0.64188420772552
vn 0.51048076152802 0.63842129707336 -0.57604479789734
vn -0.4827621281147 0.76555049419403 0.42529189586639
vn 0.34941720962524 -0.68574023246765 -0.63848876953125
vn -0.57120352983475 0.37401044368744 0.73064541816711
vn -0.50060504674912 -0.00003125070361 0.86567580699921
vn -0.50062847137451 0.00003125021613 0.86566227674484
vn 0.06034492328763 -0.99748808145523 0.03709447011352
vn 0.48449301719666 -0.64565736055374 -0.59024834632874
vn 0.1578803807497 -0.96290791034698 -0.21881997585297
vn -0.49332821369171 -0.62902003526688 0.6008003950119
vn -0.49326902627945 -0.62921178340912 0.60064816474915
vn -0.37225803732872 0.77542299032211 0.5100422501564
vn -0.37223109602928 0.77543205022812 0.51004821062088
vn 0.22213341295719 0.84006309509277 -0.49492502212524
vn 0.99536329507828 -0.09043927490711 -0.03275064378977
vn -0.53695780038834 0.74421560764313 0.39726501703262
vn 0.28829130530357 -0.3042918741703 -0.90790671110153
vn -0.35185632109642 -0.73496377468109 0.57967698574066
vn 0.33360242843628 -0.68104898929596 -0.65182948112488
vn 0.07725076377392 -0.69425684213638 -0.71556955575943
vn -0.4826377928257 -0.43073016405106 0.76258265972137
vn -0.48263275623322 -0.43069440126419 0.76260602474213
vn 0.25544005632401 -0.9033527970314 -0.34453469514847
vn 0.25347739458084 -0.9023432135582 -0.34860563278198
vn -0.7468398809433 0.00378138874657 -0.66499316692352
vn 0.86295485496521 0.0528448112309 -0.50251007080078
vn 0.80922472476959 0.03018772415817 -0.58672314882278
vn 0.0886260420084 0.98038649559021 0.17603331804276
vn -0.86155372858047 0.03771973028779 0.50626319646835
vn -0.24275399744511 -0.90370237827301 -0.35269328951836
vn -0.20043995976448 -0.95088666677475 -0.23587788641453
vn 0.76682597398758 0.00003125054718 -0.64185506105423
vn 0.3336027264595 -0.68101835250854 -0.65186131000519
vn 0.56364834308624 -0.39645391702652 0.72465497255325
vn -0.85066425800323 0.35337832570076 -0.38922241330147
vn 0.28828856348991 -0.30432024598122 -0.90789806842804
vn -0.68829327821732 -0.64701128005981 0.32806822657585
vn -0.5927711725235 0.75108933448792 0.29066663980484
vn -0.91940981149673 -0.00378126464784 -0.39328277111053
vn -0.91944861412048 0.00375004531816 -0.39319226145744
vn -0.38666847348213 -0.17188043892384 0.90605992078781
vn 0.37100356817245 -0.77600747346878 -0.5100674033165
vn 0.99894857406616 0 0.04584426060319
vn 0.99946355819702 0.00003125081275 -0.03275085240602
vn -0.0264063552022 0.99244147539139 -0.11984423547983
vn 0.00562509195879 0.98864114284515 -0.1501899510622
vn 0.33865997195244 -0.93482273817062 -0.10684492439032
vn -0.18181939423084 0.94681715965271 0.26547881960869
vn -0.05278135463595 -0.9213142991066 -0.38521948456764
vn 0.10919001698494 0.84636330604553 -0.52129328250885
vn 0.50275492668152 -0.55616170167923 -0.66175645589828
vn -0.91111248731613 0.04906350746751 -0.40922716259956
vn -0.8607816696167 0.21694549918175 -0.46042320132256
vn 0.40060687065125 -0.14800484478474 -0.90421718358994
vn 0.40806651115417 0.11187610030174 -0.90607142448425
vn -0.79282975196838 -0.0452197343111 0.60776323080063
vn -0.84811234474182 -0.03390699252486 0.52873033285141
vn 0.25541359186172 -0.90336972475052 -0.34450989961624
vn -0.59329259395599 0.75695204734802 0.27391150593758
vn 0.43329173326492 -0.53985685110092 -0.72167366743088
vn -0.99696761369705 -0.0150629542768 0.07634605467319
vn -0.06968948990107 -0.62958055734634 -0.77380341291428
vn -0.0678453296423 -0.60220152139664 -0.79545605182648
vn -0.00378131284378 -0.98798513412476 0.15450257062912
vn -0.04150047898293 -0.99138641357422 0.12422018498182
vn 0.38491904735565 0.175755828619 -0.90606135129929
vn 0.38492116332054 0.17572554945946 -0.90606635808945
vn -0.09428476542234 -0.86809492111206 -0.48736190795898
vn 0.48936307430267 -0.75699865818024 -0.43298587203026
vn 0.16909576952457 -0.96382403373718 -0.2060337215662
vn 0.46822825074196 -0.76342171430588 -0.44491526484489
vn -0.49192744493484 0.51327210664749 0.70324897766113
vn 0.38491693139076 0.17578613758087 -0.90605640411377
vn 0.43316578865051 -0.53991812467575 -0.72170341014862
vn 0.69388616085052 0.65119796991348 -0.30734866857529
vn 0.58948689699173 -0.75992965698242 -0.27388343214989
vn 0.58944749832153 -0.75995033979416 -0.27391088008881
vn -0.00756254559383 0.99991226196289 -0.01087506581098
vn 0.31069633364677 0.73655217885971 -0.60079836845398
vn 0.04337559640408 -0.64207136631012 -0.7654168009758
vn 0.15222363173962 -0.03690743818879 0.98765671253204
vn 0.98367691040039 -0.17278487980366 0.05025105178356
vn -0.79382461309433 -0.0225628465414 0.60772806406021
vn -0.2280405163765 -0.91672474145889 -0.3280445933342
vn 0.57473170757294 -0.8019243478775 -0.16309744119644
vn 0.00562511803582 0.98864579200745 -0.15015940368176
vn -0.99894291162491 0.00378127046861 -0.04581274837255
vn -0.0528453104198 -0.83055579662323 -0.55442261695862
vn -0.06028258055449 0.9974907040596 -0.03712581843138
vn 0.50060504674912 0 -0.86567580699921
vn 0.79379683732986 0.02262544445693 -0.60776197910309
vn -0.21157030761242 -0.93181562423706 -0.29488587379456
vn -0.22803398966789 -0.91672974824905 -0.32803520560265
vn 0.49732542037964 -0.86149114370346 -0.10247141122818
vn 0.48532363772392 -0.805330991745 -0.3404453098774
vn -0.82980787754059 0 -0.55804914236069
vn 0.17650225758553 -0.9478245973587 -0.26547214388847
vn 0.62666338682175 -0.00003125035437 -0.7792900800705
vn -0.28475379943848 0.95213770866394 0.11112648248672
vn -0.35882410407066 0 -0.93340522050858
vn 0.1810350716114 -0.6648890376091 -0.7246715426445
vn 0.27532196044922 0.91090631484985 -0.30732306838036
vn 0.27531933784485 0.91089755296707 -0.3073513507843
vn 0.27531668543816 0.91088885068893 -0.30737966299057
vn 0.58026647567749 -0.76392793655396 -0.28232052922249
vn -0.0678142234683 -0.60220283269882 -0.79545772075653
vn 0.8872327208519 0.3113486468792 -0.3404116332531
vn 0.88724058866501 0.31128892302513 -0.34044587612152
vn 0.88725078105927 0.31132376194 -0.34038728475571
vn 0.88724136352539 0.31132045388222 -0.34041494131088
vn -0.50062847137451 0 0.86566227674484
vn 0.06034485250711 -0.99748694896698 0.03712567687035
vn 0.73323255777359 -0.0528759919107 -0.67791897058487
vn 0.79383742809296 0.02268821373582 -0.60770660638809
vn -0.22807013988495 -0.91671824455261 -0.32804223895073
vn 0.20219179987907 -0.86645597219467 -0.45647844672203
vn 0.2295660674572 0.91635805368423 0.32800510525703
vn 0.38082131743431 -0.55895048379898 -0.73657959699631
vn -0.18181788921356 0.9468092918396 0.26550787687302
vn -0.04521963745356 -0.99811333417892 -0.04153206944466
vn -0.11675252765417 -0.95220816135406 -0.28225612640381
vn 0.82979339361191 0 0.5580707192421
vn -0.05281314998865 -0.92132389545441 -0.38519224524498
vn 0.91942769289017 0 0.3932591676712
vn 0.63080263137817 -0.28522843122482 0.72161817550659
vn 0.51879626512527 0.26244509220123 -0.81361722946167
vn -0.24278490245342 -0.90366983413696 -0.35275527834892
vn 0.06037591770291 -0.9974839091301 0.03715681284666
vn 0.06031371280551 -0.99748879671097 0.03712574765086
vn -0.06784404814243 -0.60222148895264 -0.79544103145599
vn 0.16912612318993 -0.96381890773773 -0.20603263378143
vn -0.14294216036797 -0.97956317663193 -0.14150461554527
vn 0.2535066306591 -0.90233606100082 -0.34860289096832
vn 0.53264039754868 0.31697791814804 -0.78474146127701
vn 0.6049023270607 -0.41245612502098 -0.68115574121475
vn 0.60492992401123 -0.41242238879204 -0.68115168809891
vn 0.06028258055449 -0.9974907040596 0.03712581843138
vn -0.00378132611513 -0.99739509820938 -0.0720326974988
vn -0.00371879478917 -0.99707454442978 -0.0763446688652
vn -0.20041143894196 -0.95089960098267 -0.23584985733032
vn 0.62274050712585 -0.36757534742355 -0.69071167707443
vn 0.86347144842148 0.07534670829773 0.49873834848404
vn 0.86348140239716 0.07531360536814 0.49872606992722
vn 0.8634620308876 0.07528339326382 0.49876418709755
vn 0.86349284648895 0.07534585148096 0.4987014234066
vn -0.00943767465651 -0.9886120557785 0.15019027888775
vn 0.12422178685665 -0.39204084873199 0.91152232885361
vn 0.12419102340937 -0.39204236865044 0.91152584552765
vn -0.06600165367126 0.98439973592758 0.16309785842896
vn -0.00943762995303 -0.98860740661621 0.1502208262682
vn 0.37107238173485 -0.77598941326141 -0.51004481315613
vn -0.05093781650066 0.79778617620468 -0.6007849574089
vn -0.05096993967891 0.79779988527298 -0.60076403617859
vn -0.05090791359544 0.79777610301971 -0.60080087184906
vn -0.84498888254166 0.51688730716705 -0.13719077408314
vn 0.38494354486465 0.17578402161598 -0.90604549646378
vn 0.28841564059258 -0.95103096961975 -0.11115986853838
# 1029 normals

vt 1.01716339588165 0.77504116296768 0
vt 1.09169554710388 0.69445151090622 0
vt 1.01312172412872 0.76945817470551 0
vt 1.01466715335846 0.77346336841583 0
vt 1.77829444408417 0.97590851783752 0
vt 1.78090953826904 0.97602993249893 0
vt 1.77865099906921 0.88609474897385 0
vt 1.76462423801422 0.92286986112595 0
vt 1.60046339035034 0.9905943274498 0
vt 1.54720914363861 0.9244476556778 0
vt 1.50263249874115 0.95042085647583 0
vt 1.51154792308807 0.98816692829132 0
vt 1.27249825000763 0.06709003448486 0
vt 1.16943717002869 0.09379136562347 0
vt 1.16551434993744 0.10459327697754 0
vt 1.17288434505463 0.10859858989716 0
vt 1.58382141590118 0.82067632675171 0
vt 1.60593140125275 0.81497192382812 0
vt 1.58203840255737 0.81691384315491 0
vt 1.53365790843964 0.91376709938049 0
vt 1.56920027732849 0.81618559360504 0
vt 1.55969059467316 0.91510218381882 0
vt 1.74477279186249 0.71605539321899 0
vt 1.73550081253052 0.71666222810745 0
vt 1.7356196641922 0.72054606676102 0
vt 1.74501049518585 0.71908962726593 0
vt 1.24206733703613 0.86594730615616 0
vt 1.28022491931915 0.83851772546768 0
vt 1.28046262264252 0.83111411333084 0
vt 1.22471213340759 0.82613795995712 0
vt 1.8176406621933 0.13226568698883 0
vt 1.8254861831665 0.13954794406891 0
vt 1.82679378986359 0.13432896137238 0
vt 1.82239556312561 0.13335800170898 0
vt 1.63493597507477 0.87359362840652 0
vt 1.6469419002533 0.83900320529938 0
vt 1.64741742610931 0.83499795198441 0
vt 1.60652577877045 0.83184236288071 0
vt 1.15220081806183 0.91206794977188 0
vt 1.15814435482025 0.91243201494217 0
vt 1.15814435482025 0.90964049100876 0
vt 1.15243864059448 0.9090336561203 0
vt 1.48575282096863 0.63109636306763 0
vt 1.55327165126801 0.60755056142807 0
vt 1.52914083003998 0.56883358955383 0
vt 1.58536672592163 0.16042351722717 0
vt 1.58275163173676 0.00676906108856 0
vt 1.56599080562592 0.0072546005249 0
vt 1.5047721862793 0.07789194583893 0
vt 1.47422242164612 0.81108808517456 0
vt 1.46744668483734 0.80417001247406 0
vt 1.39969027042389 0.89738214015961 0
vt 1.4731525182724 0.81667107343674 0
vt 1.75190508365631 0.03844666481018 0
vt 1.76926016807556 0.01053154468536 0
vt 1.77199423313141 0.00276386737823 0
vt 1.74679362773895 0.01320171356201 0
vt 1.53306353092194 0.66289532184601 0
vt 1.53960144519806 0.65949696302414 0
vt 1.54292976856232 0.65561312437057 0
vt 1.43951201438904 0.5236839056015 0
vt 1.44676315784454 0.59444260597229 0
vt 1.46518814563751 0.53970474004745 0
vt 1.11570739746094 0.63000404834747 0
vt 1.16527664661407 0.64796680212021 0
vt 1.21246838569641 0.61082756519318 0
vt 1.19130945205688 0.56810534000397 0
vt 1.78637766838074 0.56980454921722 0
vt 1.76509976387024 0.56288641691208 0
vt 1.7903003692627 0.57696533203125 0
vt 1.78934943675995 0.57526618242264 0
vt 1.83238065242767 0.87505006790161 0
vt 1.85080575942993 0.92651093006134 0
vt 1.90227687358856 0.9462942481041 0
vt 1.85472846031189 0.8573300242424 0
vt 1.15481603145599 0.13202297687531 0
vt 1.14887249469757 0.13044512271881 0
vt 1.14815926551819 0.20156800746918 0
vt 1.18798100948334 0.20047557353973 0
vt 1.37318205833435 0.61531829833984 0
vt 1.36818945407867 0.63740760087967 0
vt 1.37258768081665 0.63874268531799 0
vt 1.84509992599487 0.31662666797638 0
vt 1.86400043964386 0.31334972381592 0
vt 1.86970615386963 0.31237876415253 0
vt 1.8692307472229 0.29429459571838 0
vt 1.7356196641922 0.70925867557526 0
vt 1.72896289825439 0.70950138568878 0
vt 1.72920072078705 0.71265703439713 0
vt 1.73550081253052 0.71265703439713 0
vt 1.21508359909058 0.76387512683868 0
vt 1.28343439102173 0.82795852422714 0
vt 1.22922921180725 0.74651926755905 0
vt 1.33859062194824 0.79494589567184 0
vt 1.31172573566437 0.7523450255394 0
vt 1.29591584205627 0.82747304439545 0
vt 1.33110165596008 0.80065023899078 0
vt 1.95077621936798 0.39236164093018 0
vt 1.92426800727844 0.44758498668671 0
vt 1.93211352825165 0.46676135063171 0
vt 1.95113289356232 0.46639728546143 0
vt 1.20545506477356 0.80356311798096 0
vt 1.20759475231171 0.78462940454483 0
vt 1.77865099906921 0.69930630922318 0
vt 1.64468336105347 0.66119611263275 0
vt 1.64408910274506 0.66690051555634 0
vt 1.65942335128784 0.69930630922318 0
vt 1.20628714561462 0.8653404712677 0
vt 1.20973443984985 0.864854991436 0
vt 1.20593059062958 0.85805827379227 0
vt 1.27725315093994 0.71569126844406 0
vt 1.72920072078705 0.71641945838928 0
vt 1.72860634326935 0.71981781721115 0
vt 1.24444472789764 0.86521911621094 0
vt 1.86602115631104 0.50584250688553 0
vt 1.86614012718201 0.51154690980911 0
vt 1.88860666751862 0.48569512367249 0
vt 1.88527834415436 0.48618066310883 0
vt 1.34857571125031 0.86570459604263 0
vt 1.30815958976746 0.83426976203918 0
vt 1.32159197330475 0.86303442716599 0
vt 1.66073095798492 0.42950081825256 0
vt 1.66084980964661 0.51895046234131 0
vt 1.66346502304077 0.51870775222778 0
vt 1.67570877075195 0.46530497074127 0
vt 1.52129530906677 0.76448202133179 0
vt 1.58964610099792 0.75902032852173 0
vt 1.54233551025391 0.72503674030304 0
vt 1.52379155158997 0.74142169952393 0
vt 1.2319632768631 0.63752895593643 0
vt 1.3011462688446 0.60281717777252 0
vt 1.23018026351929 0.62951856851578 0
vt 1.13983821868896 0.91170382499695 0
vt 1.14601957798004 0.91194653511047 0
vt 1.14613842964172 0.90879094600677 0
vt 1.13995718955994 0.90842682123184 0
vt 1.27582669258118 0.70221918821335 0
vt 1.25728285312653 0.69433015584946 0
vt 1.56337559223175 0.63109636306763 0
vt 1.5612359046936 0.61810976266861 0
vt 1.55802643299103 0.61374044418335 0
vt 1.29365730285645 0.70974415540695 0
vt 1.29971981048584 0.7070739865303 0
vt 1.36153268814087 0.64432567358017 0
vt 1.34643602371216 0.64638900756836 0
vt 1.32289958000183 0.6968789100647 0
vt 1.51404416561127 0.80550503730774 0
vt 1.5284276008606 0.80756837129593 0
vt 1.63006222248077 0.6926309466362 0
vt 1.64943826198578 0.80756837129593 0
vt 1.66726887226105 0.79409629106522 0
vt 1.26275086402893 0.87068074941635 0
vt 1.23338973522186 0.87529283761978 0
vt 1.21092307567596 0.87881255149841 0
vt 1.20866453647614 0.9681408405304 0
vt 1.80896317958832 0.30752396583557 0
vt 1.80658566951752 0.30266916751862 0
vt 1.31719374656677 0.52853870391846 0
vt 1.28937792778015 0.53157299757004 0
vt 1.87398552894592 0.56252229213715 0
vt 1.87481760978699 0.59650593996048 0
vt 1.90073156356812 0.60330265760422 0
vt 1.88123667240143 0.57126098871231 0
vt 1.5241482257843 0.91546630859375 0
vt 1.52248406410217 0.82492423057556 0
vt 1.49728333950043 0.82917219400406 0
vt 1.50833833217621 0.88488101959229 0
vt 1.67475771903992 0.42804431915283 0
vt 1.2222158908844 0.72758549451828 0
vt 1.12022459506989 0.74457734823227 0
vt 1.19570767879486 0.78596448898315 0
vt 1.22067058086395 0.74020802974701 0
vt 1.67713522911072 0.5172513127327 0
vt 1.35273623466492 0.00931787490845 0
vt 1.32812988758087 0.0339560508728 0
vt 1.36105716228485 0.0210907459259 0
vt 1.22899150848389 0.59116566181183 0
vt 1.22934818267822 0.58801001310349 0
vt 1.35333061218262 0.00810420513153 0
vt 1.36474215984344 0.01538634300232 0
vt 1.36640644073486 0.01210939884186 0
vt 1.83677887916565 0.55973082780838 0
vt 1.82845795154572 0.55985218286514 0
vt 1.82845795154572 0.56288641691208 0
vt 1.83689785003662 0.56337189674377 0
vt 1.27689647674561 0.01514363288879 0
vt 1.32052218914032 0.00324940681458 0
vt 1.26774346828461 0.00276386737823 0
vt 1.93151915073395 0.37452018260956 0
vt 1.91796779632568 0.31310701370239 0
vt 1.9002560377121 0.30315458774567 0
vt 1.89383697509766 0.30582475662231 0
vt 1.26584148406982 0.0339560508728 0
vt 1.2532411813736 0.0088324546814 0
vt 1.25038826465607 0.01004612445831 0
vt 1.50643646717072 0.7624186873436 0
vt 1.48979449272156 0.79251849651337 0
vt 1.49894750118256 0.798708319664 0
vt 1.91214311122894 0.94641560316086 0
vt 1.94816100597382 0.82371056079864 0
vt 1.94079101085663 0.809874355793 0
vt 1.13532114028931 0.96801948547363 0
vt 1.00610840320587 0.99435675144196 0
vt 1.007772564888 0.99690556526184 0
vt 1.01942193508148 0.99690556526184 0
vt 1.10370147228241 0.63170319795609 0
vt 1.0733894109726 0.66423040628433 0
vt 1.09847116470337 0.65876871347427 0
vt 1.09561824798584 0.65136516094208 0
vt 1.22078943252563 0.22936165332794 0
vt 1.240403175354 0.17183232307434 0
vt 1.19879829883575 0.18615400791168 0
vt 1.20236444473267 0.20678687095642 0
vt 1.47172605991364 0.72467261552811 0
vt 1.41692662239075 0.70816630125046 0
vt 1.33431124687195 0.7726137638092 0
vt 1.4846830368042 0.7726137638092 0
vt 1.95576882362366 0.78220200538635 0
vt 1.95481789112091 0.79191160202026 0
vt 1.9579085111618 0.79203301668167 0
vt 1.95874059200287 0.78244477510452 0
vt 1.43951201438904 0.14003336429596 0
vt 1.39469766616821 0.15593278408051 0
vt 1.44450461864471 0.15593278408051 0
vt 1.35368716716766 0.49455511569977 0
vt 1.35249853134155 0.54213213920593 0
vt 1.3546382188797 0.53205847740173 0
vt 1.13793635368347 0.23943543434143 0
vt 1.10370147228241 0.20314574241638 0
vt 1.12343406677246 0.23591566085815 0
vt 1.43784785270691 0.12874591350555 0
vt 1.44129514694214 0.13226568698883 0
vt 1.31374657154083 0.04318010807037 0
vt 1.41799640655518 0.07303714752197 0
vt 1.40896224975586 0.03055763244629 0
vt 1.40515828132629 0.03359186649323 0
vt 1.15957081317902 0.69505834579468 0
vt 1.121413230896 0.72054606676102 0
vt 1.221027135849 0.72224521636963 0
vt 1.92284154891968 0.45935785770416 0
vt 1.92510008811951 0.46275615692139 0
vt 1.95743298530579 0.46263480186462 0
vt 1.95743298530579 0.4155433177948 0
vt 1.54792237281799 0.69105315208435 0
vt 1.55303382873535 0.69675755500793 0
vt 1.55469810962677 0.69445151090622 0
vt 1.94340622425079 0.48120439052582 0
vt 1.91345071792603 0.57526618242264 0
vt 1.96587288379669 0.57320290803909 0
vt 1.9731240272522 0.49940991401672 0
vt 1.52688229084015 0.68510603904724 0
vt 1.789705991745 0.16515696048737 0
vt 1.86934959888458 0.20423805713654 0
vt 1.86970615386963 0.1980482339859 0
vt 1.4938360452652 0.76909404993057 0
vt 1.46839773654938 0.67224079370499 0
vt 1.6864070892334 0.85186839103699 0
vt 1.68866562843323 0.86436951160431 0
vt 1.69104313850403 0.86788922548294 0
vt 1.70150375366211 0.8680105805397 0
vt 1.73942363262177 0.55463325977325 0
vt 1.65134012699127 0.60051113367081 0
vt 1.79303443431854 0.67952299118042 0
vt 1.80515921115875 0.64918047189713 0
vt 1.36664414405823 0.68000847101212 0
vt 1.30292928218842 0.71350657939911 0
vt 1.3048312664032 0.7182400226593 0
vt 1.40230548381805 0.70853042602539 0
vt 1.40064120292664 0.67102712392807 0
vt 1.75297486782074 0.70962274074554 0
vt 1.76153361797333 0.70962274074554 0
vt 1.76141476631165 0.70658850669861 0
vt 1.75309371948242 0.70658850669861 0
vt 1.20438516139984 0.8945906162262 0
vt 1.04616796970367 0.809874355793 0
vt 1.20474183559418 0.898353099823 0
vt 1.48943781852722 0.82261824607849 0
vt 1.48254334926605 0.80756837129593 0
vt 1.19226038455963 0.82553112506866 0
vt 1.18560361862183 0.8221327662468 0
vt 1.1827507019043 0.9026010632515 0
vt 1.05674743652344 0.87213718891144 0
vt 1.06364190578461 0.9026010632515 0
vt 1.11333000659943 0.7406935095787 0
vt 1.11689615249634 0.74275678396225 0
vt 1.11523199081421 0.73717373609543 0
vt 1.2003436088562 0.9026010632515 0
vt 1.06174004077911 0.90138733386993 0
vt 1.2884269952774 0.87250131368637 0
vt 1.28628730773926 0.97287428379059 0
vt 1.33062624931335 0.95029944181442 0
vt 1.29032897949219 0.87165170907974 0
vt 1.46019566059113 0.98598223924637 0
vt 1.45912575721741 0.97857868671417 0
vt 1.43428170681 0.95078492164612 0
vt 1.45686721801758 0.9863463640213 0
vt 1.35915529727936 0.35000348091125 0
vt 1.3589174747467 0.35728561878204 0
vt 1.36212706565857 0.3574070930481 0
vt 1.36248362064362 0.35012483596802 0
vt 1.96325767040253 0.82128316164017 0
vt 1.96337652206421 0.81776344776154 0
vt 1.96016705036163 0.81764203310013 0
vt 1.9598103761673 0.82091903686523 0
vt 1.20866453647614 0.97214609384537 0
vt 1.25835263729095 0.97760772705078 0
vt 1.57692694664001 0.00519132614136 0
vt 1.56955695152283 0.00312805175781 0
vt 1.51463854312897 0.9170441031456 0
vt 1.52034437656403 0.91619449853897 0
vt 1.97431266307831 0.48775839805603 0
vt 1.94614028930664 0.48181128501892 0
vt 1.89062750339508 0.46360576152802 0
vt 1.91463947296143 0.47028112411499 0
vt 1.04509806632996 0.60730785131454 0
vt 1.07624232769012 0.5753875374794 0
vt 1.00860464572906 0.56179410219193 0
vt 1.00361204147339 0.58740317821503 0
vt 1.87137043476105 0.37561249732971 0
vt 1.8407016992569 0.43229234218597 0
vt 1.8619796037674 0.44831311702728 0
vt 1.86150407791138 0.15726792812347 0
vt 1.87255907058716 0.16333639621735 0
vt 1.87493658065796 0.16467154026031 0
vt 1.8783837556839 0.16260814666748 0
vt 1.96397089958191 0.80040752887726 0
vt 1.96468412876129 0.7922757267952 0
vt 1.96135568618774 0.79215437173843 0
vt 1.9609991312027 0.8002861738205 0
vt 1.64658534526825 0.81497192382812 0
vt 1.91523385047913 0.30121266841888 0
vt 1.1839394569397 0.41894161701202 0
vt 1.21746098995209 0.45037651062012 0
vt 1.25312232971191 0.41894161701202 0
vt 1.10286939144135 0.58788865804672 0
vt 1.09656918048859 0.5823056101799 0
vt 1.06423628330231 0.56458562612534 0
vt 1.06423628330231 0.50353652238846 0
vt 1.04997181892395 0.51931458711624 0
vt 1.07208180427551 0.67964434623718 0
vt 1.00277996063232 0.72394442558289 0
vt 1.00456309318542 0.74360638856888 0
vt 1.44367253780365 0.98877376317978 0
vt 1.83677887916565 0.55038529634476 0
vt 1.82845795154572 0.55014258623123 0
vt 1.82833909988403 0.55341958999634 0
vt 1.83677887916565 0.55341958999634 0
vt 1.9409099817276 0.94665837287903 0
vt 1.94816100597382 0.94277453422546 0
vt 1.38471257686615 0.15520465373993 0
vt 1.35915529727936 0.87153035402298 0
vt 1.38827860355377 0.82334643602371 0
vt 1.35202300548553 0.84737771749496 0
vt 1.3546382188797 0.86703962087631 0
vt 1.22970473766327 0.70076274871826 0
vt 1.22744619846344 0.67527502775192 0
vt 1.56064164638519 0.92238438129425 0
vt 1.59594631195068 0.9532123208046 0
vt 1.00575172901154 0.98780280351639 0
vt 1.01490485668182 0.93015205860138 0
vt 1.00289881229401 0.93682742118835 0
vt 1.80872535705566 0.13020241260529 0
vt 1.80718004703522 0.13906240463257 0
vt 1.61960160732269 0.15471911430359 0
vt 1.68723917007446 0.10192322731018 0
vt 1.67582762241364 0.03043627738953 0
vt 1.11570739746094 0.14403855800629 0
vt 1.09573709964752 0.13966929912567 0
vt 1.10322594642639 0.19986879825592 0
vt 1.86507022380829 0.61058485507965 0
vt 1.90299010276794 0.61313360929489 0
vt 1.60177099704742 0.16685616970062 0
vt 1.60783338546753 0.16382193565369 0
vt 1.59820485115051 0.23263871669769 0
vt 1.60010671615601 0.20023286342621 0
vt 1.58691203594208 0.19197976589203 0
vt 1.58786308765411 0.23288142681122 0
vt 1.62340545654297 0.69335919618607 0
vt 1.41597557067871 0.09330594539642 0
vt 1.37068569660187 0.13566410541534 0
vt 1.46269190311432 0.11260378360748 0
vt 1.44224607944489 0.12619721889496 0
vt 1.43761014938354 0.12522625923157 0
vt 1.42560410499573 0.1276535987854 0
vt 1.66655564308166 0.7991937994957 0
vt 1.88658583164215 0.7624186873436 0
vt 1.89122188091278 0.76860857009888 0
vt 1.89942395687103 0.7699436545372 0
vt 1.90394103527069 0.7523450255394 0
vt 1.95481789112091 0.4064404964447 0
vt 1.15790665149689 0.91789370775223 0
vt 1.16705977916718 0.91825777292252 0
vt 1.16717863082886 0.91546630859375 0
vt 1.15802550315857 0.91485941410065 0
vt 1.27653992176056 0.97505897283554 0
vt 1.27558898925781 0.97214609384537 0
vt 1.26465284824371 0.97700089216232 0
vt 1.28676283359528 0.87347227334976 0
vt 1.64468336105347 0.68680518865585 0
vt 1.75594663619995 0.07558596134186 0
vt 1.77603590488434 0.07946979999542 0
vt 1.75879955291748 0.0396603345871 0
vt 1.75047862529755 0.06114292144775 0
vt 1.79172682762146 0.69930630922318 0
vt 1.79719483852386 0.69918495416641 0
vt 1.79529297351837 0.68971806764603 0
vt 1.73336112499237 0.55269134044647 0
vt 1.47006189823151 0.96923321485519 0
vt 1.48456418514252 0.98731732368469 0
vt 1.60795223712921 0.97396659851074 0
vt 1.60652577877045 0.96340745687485 0
vt 1.80385172367096 0.60318124294281 0
vt 1.81478774547577 0.62466377019882 0
vt 1.57692694664001 0.23312413692474 0
vt 1.66227626800537 0.98756003379822 0
vt 1.65728378295898 0.98756003379822 0
vt 1.65740263462067 0.99095839262009 0
vt 1.66227626800537 0.99132251739502 0
vt 1.66227626800537 0.98391896486282 0
vt 1.65728378295898 0.98416167497635 0
vt 1.36545538902283 0.59650593996048 0
vt 1.55743205547333 0.16649198532104 0
vt 1.56135487556458 0.1681911945343 0
vt 1.56563413143158 0.16103041172028 0
vt 1.46031451225281 0.79785877466202 0
vt 1.46197867393494 0.7922757267952 0
vt 1.38340497016907 0.77977460622787 0
vt 1.55505466461182 0.23312413692474 0
vt 1.57550048828125 0.23288142681122 0
vt 1.55481696128845 0.22826933860779 0
vt 1.52711999416351 0.00276386737823 0
vt 1.52961623668671 0.02922260761261 0
vt 1.53639197349548 0.02206170558929 0
vt 1.54340529441834 0.01271629333496 0
vt 1.49894750118256 0.03614068031311 0
vt 1.46934866905212 0.03626203536987 0
vt 1.4725581407547 0.04208779335022 0
vt 1.55374705791473 0.19537806510925 0
vt 1.57038903236389 0.19234383106232 0
vt 1.15220081806183 0.91813641786575 0
vt 1.14590072631836 0.91837918758392 0
vt 1.14625728130341 0.92177754640579 0
vt 1.15231966972351 0.92104929685593 0
vt 1.52260291576386 0.00276386737823 0
vt 1.37330090999603 0.88439553976059 0
vt 1.46388065814972 0.80101436376572 0
vt 1.87184584140778 0.75574338436127 0
vt 1.8887255191803 0.76800173521042 0
vt 1.35249853134155 0.35716426372528 0
vt 1.35273623466492 0.36359691619873 0
vt 1.35582685470581 0.36371827125549 0
vt 1.35594570636749 0.35716426372528 0
vt 1.5782345533371 0.16382193565369 0
vt 1.12153208255768 0.69967043399811 0
vt 1.10203731060028 0.69226682186127 0
vt 1.82334649562836 0.61580377817154 0
vt 1.8084876537323 0.66374492645264 0
vt 1.82382202148438 0.69190275669098 0
vt 1.84878492355347 0.61847388744354 0
vt 1.95719528198242 0.82079768180847 0
vt 1.95707643032074 0.82407468557358 0
vt 1.9598103761673 0.82407468557358 0
vt 1.00480079650879 0.74591237306595 0
vt 1.75071632862091 0.8680105805397 0
vt 1.68676376342773 0.84325110912323 0
vt 1.33193385601044 0.77224969863892 0
vt 1.00277996063232 0.59419989585876 0
vt 1.84426784515381 0.55645382404327 0
vt 1.83677887916565 0.55633246898651 0
vt 1.84426784515381 0.55960941314697 0
vt 1.27725315093994 0.08796560764313 0
vt 1.19226038455963 0.11733722686768 0
vt 1.83142971992493 0.85902923345566 0
vt 1.83487701416016 0.85866510868073 0
vt 1.83856201171875 0.85817962884903 0
vt 1.83713555335999 0.77382749319077 0
vt 1.77948307991028 0.01028883457184 0
vt 1.80183088779449 0.0040990114212 0
vt 1.78352475166321 0.00446307659149 0
vt 1.86685335636139 0.53108751773834 0
vt 1.88706135749817 0.56458562612534 0
vt 1.76022601127625 0.08687329292297 0
vt 1.78804183006287 0.88730841875076 0
vt 1.8260805606842 0.98234117031097 0
vt 1.84058284759521 0.98234117031097 0
vt 1.84272253513336 0.97857868671417 0
vt 1.74822008609772 0.05483162403107 0
vt 1.77841329574585 0.01174533367157 0
vt 1.89145958423614 0.00470578670502 0
vt 1.8977597951889 0.129838347435 0
vt 1.89764094352722 0.00519132614136 0
vt 1.22685182094574 0.72527951002121 0
vt 1.22815942764282 0.72006058692932 0
vt 1.2276839017868 0.62636291980743 0
vt 1.44747638702393 0.92481178045273 0
vt 1.43321192264557 0.91716545820236 0
vt 1.89764094352722 0.15071392059326 0
vt 1.89764094352722 0.14889335632324 0
vt 1.86697220802307 0.00276386737823 0
vt 1.49359834194183 0.83900320529938 0
vt 1.41656994819641 0.90405750274658 0
vt 1.50370240211487 0.90405750274658 0
vt 1.10298824310303 0.6772169470787 0
vt 1.44735753536224 0.12898874282837 0
vt 1.44985377788544 0.13372218608856 0
vt 1.71564936637878 0.0040990114212 0
vt 1.71148884296417 0.0066477060318 0
vt 1.7100625038147 0.00761866569519 0
vt 1.75095403194427 0.08031928539276 0
vt 1.75309371948242 0.71569126844406 0
vt 1.76153361797333 0.7155699133873 0
vt 1.76153361797333 0.71265703439713 0
vt 1.75297486782074 0.71253561973572 0
vt 1.50798177719116 0.80453407764435 0
vt 1.96349537372589 0.81460779905319 0
vt 1.96658611297607 0.81776344776154 0
vt 1.9670615196228 0.81460779905319 0
vt 1.20593059062958 0.16418600082397 0
vt 1.18952631950378 0.14428126811981 0
vt 1.17454862594604 0.13809144496918 0
vt 1.37662935256958 0.77941048145294 0
vt 1.41015088558197 0.02946531772614 0
vt 1.42857587337494 0.08590233325958 0
vt 1.47624313831329 0.10847723484039 0
vt 1.44795191287994 0.00434172153473 0
vt 1.81597650051117 0.32160294055939 0
vt 1.81336140632629 0.31565570831299 0
vt 1.65205335617065 0.98780280351639 0
vt 1.6487250328064 0.98768144845963 0
vt 1.6481306552887 0.99144387245178 0
vt 1.65217232704163 0.99192935228348 0
vt 1.36509883403778 0.48411726951599 0
vt 1.36117601394653 0.4875156879425 0
vt 1.49086427688599 0.00276386737823 0
vt 1.46067106723785 0.00276386737823 0
vt 1.45627284049988 0.01186668872833 0
vt 1.46197867393494 0.02278995513916 0
vt 1.86970615386963 0.48812258243561 0
vt 1.86578345298767 0.49734663963318 0
vt 1.90394103527069 0.61689609289169 0
vt 1.38768434524536 0.95187729597092 0
vt 1.37496507167816 0.96328604221344 0
vt 1.36426675319672 0.98853099346161 0
vt 1.36616861820221 0.98877376317978 0
vt 1.64610981941223 0.4592365026474 0
vt 1.63624358177185 0.51530939340591 0
vt 1.28153252601624 0.13979065418243 0
vt 1.31659948825836 0.1138174533844 0
vt 1.29056668281555 0.10180187225342 0
vt 1.28153252601624 0.11236107349396 0
vt 1.13032853603363 0.7033115029335 0
vt 1.86887407302856 0.978335916996 0
vt 1.85056793689728 0.98185569047928 0
vt 1.12676250934601 0.13178026676178 0
vt 1.12105667591095 0.13032376766205 0
vt 1.12474167346954 0.14027607440948 0
vt 1.22970473766327 0.71010822057724 0
vt 1.74762570858002 0.73729509115219 0
vt 1.70423781871796 0.75962722301483 0
vt 1.6887845993042 0.80344176292419 0
vt 1.65229117870331 0.98052060604095 0
vt 1.6481306552887 0.98076331615448 0
vt 1.64836835861206 0.98379760980606 0
vt 1.65217232704163 0.98367619514465 0
vt 1.82833909988403 0.5566965341568 0
vt 1.11998677253723 0.63643664121628 0
vt 1.11309230327606 0.62466377019882 0
vt 1.75095403194427 0.11260378360748 0
vt 1.76723945140839 0.11527395248413 0
vt 1.26465284824371 0.03953897953033 0
vt 1.27689647674561 0.05228281021118 0
vt 1.57407402992249 0.70598167181015 0
vt 1.56765496730804 0.70525342226028 0
vt 1.84248471260071 0.77613353729248 0
vt 1.17193341255188 0.08748018741608 0
vt 1.8686363697052 0.8392459154129 0
vt 1.84937930107117 0.77916777133942 0
vt 1.85532283782959 0.84871280193329 0
vt 1.8674476146698 0.22899758815765 0
vt 1.76712048053741 0.22620606422424 0
vt 1.84212815761566 0.33859467506409 0
vt 1.8407016992569 0.34308540821075 0
vt 1.68605053424835 0.86048567295074 0
vt 1.37960112094879 0.90430021286011 0
vt 1.31172573566437 0.97954964637756 0
vt 1.79541182518005 0.14986431598663 0
vt 1.7057831287384 0.75756388902664 0
vt 1.84224700927734 0.85805827379227 0
vt 1.20664381980896 0.0040990114212 0
vt 1.41086411476135 0.90405750274658 0
vt 1.71778905391693 0.73037701845169 0
vt 1.6827220916748 0.78098833560944 0
vt 1.3844747543335 0.53363627195358 0
vt 1.3692592382431 0.53630638122559 0
vt 1.36771392822266 0.56810534000397 0
vt 1.18382048606873 0.64032047986984 0
vt 1.20890235900879 0.63801443576813 0
vt 1.21306276321411 0.61337637901306 0
vt 1.21234953403473 0.61228400468826 0
vt 1.48218679428101 0.1053215265274 0
vt 1.46804106235504 0.1100549697876 0
vt 1.13853073120117 0.12959551811218 0
vt 1.27689647674561 0.08153307437897 0
vt 1.33930385112762 0.1181868314743 0
vt 1.37116122245789 0.13384354114532 0
vt 1.26560378074646 0.14767968654633 0
vt 1.06483066082001 0.76132637262344 0
vt 1.06316649913788 0.76047676801682 0
vt 1.04771327972412 0.80562645196915 0
vt 1.51344978809357 0.13190162181854 0
vt 1.59547078609467 0.69663614034653 0
vt 1.67903709411621 0.78523629903793 0
vt 1.37009143829346 0.15386950969696 0
vt 1.40111672878265 0.90393614768982 0
vt 1.96337652206421 0.82395327091217 0
vt 1.91404509544373 0.47234439849854 0
vt 1.90584301948547 0.47040247917175 0
vt 1.46875429153442 0.98840963840485 0
vt 1.46613919734955 0.98416167497635 0
vt 1.7647430896759 0.97481620311737 0
vt 1.50394010543823 0.07716369628906 0
vt 1.48813033103943 0.10702073574066 0
vt 1.2999575138092 0.82965767383575 0
vt 1.59915578365326 0.17256057262421 0
vt 1.59297454357147 0.1697690486908 0
vt 1.22518765926361 0.65840464830399 0
vt 1.7647430896759 0.88500243425369 0
vt 1.80313849449158 0.88233226537704 0
vt 1.8200181722641 0.90563529729843 0
vt 1.46994304656982 0.99035155773163 0
vt 1.31160688400269 0.98185569047928 0
vt 1.46506929397583 0.98234117031097 0
vt 1.56373226642609 0.91534489393234 0
vt 1.56908142566681 0.9165586233139 0
vt 1.56325674057007 0.92202025651932 0
vt 1.78578329086304 0.88706570863724 0
vt 1.78079068660736 0.88633745908737 0
vt 1.65169680118561 0.42816579341888 0
vt 1.65692710876465 0.42901527881622 0
vt 1.16717863082886 0.91243201494217 0
vt 1.16717863082886 0.909519135952 0
vt 1.40313756465912 0.67042022943497 0
vt 1.92771530151367 0.46676135063171 0
vt 1.13460791110992 0.96959728002548 0
vt 1.09371626377106 0.99690556526184 0
vt 1.02869391441345 0.78208065032959 0
vt 1.84426784515381 0.55062806606293 0
vt 1.84426784515381 0.5535409450531 0
vt 1.09573709964752 0.12971687316895 0
vt 1.10025417804718 0.12959551811218 0
vt 1.00325548648834 0.50584250688553 0
vt 1.86554574966431 0.48872935771942 0
vt 1.45793700218201 0.16649198532104 0
vt 1.46304845809937 0.16333639621735 0
vt 1.68795239925385 0.81958395242691 0
vt 1.86732876300812 0.54540914297104 0
vt 1.8977597951889 0.57465934753418 0
vt 1.89466905593872 0.48120439052582 0
vt 1.61722421646118 0.92699640989304 0
vt 1.93413424491882 0.80708289146423 0
vt 1.93211352825165 0.8062332868576 0
vt 1.91285634040833 0.81145220994949 0
vt 1.22518765926361 0.72989153862 0
vt 1.40872442722321 0.65828323364258 0
vt 1.8291711807251 0.60245305299759 0
vt 1.95778965950012 0.80793243646622 0
vt 1.95743298530579 0.8141223192215 0
vt 1.96004819869995 0.81436508893967 0
vt 1.96076142787933 0.80805385112762 0
vt 1.21151745319366 0.76824444532394 0
vt 1.61520338058472 0.1581175327301 0
vt 1.13306260108948 0.96619892120361 0
vt 1.94816100597382 0.94665837287903 0
vt 1.05805504322052 0.90672761201859 0
vt 1.83903753757477 0.92189890146256 0
vt 1.23992764949799 0.15156352519989 0
vt 1.22269129753113 0.14634466171265 0
vt 1.32301843166351 0.11685168743134 0
vt 1.2817702293396 0.0977965593338 0
vt 1.72456467151642 0.00276386737823 0
vt 1.73502540588379 0.0327422618866 0
vt 1.74429726600647 0.04694259166718 0
vt 1.9725296497345 0.47889840602875 0
vt 1.9725296497345 0.46530497074127 0
vt 1.9694390296936 0.46530497074127 0
vt 1.9694390296936 0.47889840602875 0
vt 1.81989920139313 0.55026394128799 0
vt 1.8200181722641 0.55341958999634 0
vt 1.8200181722641 0.55997353792191 0
vt 1.82013702392578 0.56337189674377 0
vt 1.12593030929565 0.91874325275421 0
vt 1.11844146251678 0.91862189769745 0
vt 1.11820375919342 0.92189890146256 0
vt 1.12604928016663 0.92226302623749 0
vt 1.97276735305786 0.43035042285919 0
vt 1.9731240272522 0.41991257667542 0
vt 1.96967673301697 0.41979122161865 0
vt 1.96955788135529 0.43022906780243 0
vt 1.96694266796112 0.821040391922 0
vt 1.96694266796112 0.80065023899078 0
vt 1.96777474880218 0.79239708185196 0
vt 1.35237956047058 0.33458948135376 0
vt 1.3522607088089 0.34247851371765 0
vt 1.35570800304413 0.34247851371765 0
vt 1.35570800304413 0.33458948135376 0
vt 1.74465394020081 0.70962274074554 0
vt 1.74465394020081 0.71289974451065 0
vt 1.61246931552887 0.99035155773163 0
vt 1.62174129486084 0.99035155773163 0
vt 1.62174129486084 0.98731732368469 0
vt 1.61246931552887 0.98731732368469 0
vt 1.77104330062866 0.70950138568878 0
vt 1.77116215229034 0.71253561973572 0
vt 1.96432757377625 0.89325559139252 0
vt 1.96420860290527 0.88475966453552 0
vt 1.96111798286438 0.88488101959229 0
vt 1.96123683452606 0.89337694644928 0
vt 1.17752039432526 0.91837918758392 0
vt 1.16705977916718 0.92104929685593 0
vt 1.17752039432526 0.9212920665741 0
vt 1.35856091976166 0.37100052833557 0
vt 1.35867977142334 0.36371827125549 0
vt 1.35547029972076 0.37100052833557 0
vt 1.0915766954422 0.91886466741562 0
vt 1.09668803215027 0.91862189769745 0
vt 1.09656918048859 0.91570901870728 0
vt 1.09145772457123 0.91570901870728 0
vt 1.80884420871735 0.55997353792191 0
vt 1.8200181722641 0.55657517910004 0
vt 1.80884420871735 0.55681794881821 0
vt 1.85282647609711 0.55062806606293 0
vt 1.85282647609711 0.5535409450531 0
vt 1.77092444896698 0.13008105754852 0
vt 1.76260340213776 0.13020241260529 0
vt 1.76260340213776 0.13335800170898 0
vt 1.77080547809601 0.13323664665222 0
vt 1.15790665149689 0.92117065191269 0
vt 1.34905123710632 0.35728561878204 0
vt 1.34940779209137 0.36371827125549 0
vt 1.80884420871735 0.56300777196884 0
vt 1.96373319625854 0.80817520618439 0
vt 1.09133887290955 0.91267478466034 0
vt 1.09656918048859 0.91267478466034 0
vt 1.09656918048859 0.90939778089523 0
vt 1.09133887290955 0.909519135952 0
vt 1.97562026977539 0.47889840602875 0
vt 1.97562026977539 0.46518361568451 0
vt 1.18798100948334 0.91862189769745 0
vt 1.18798100948334 0.92153477668762 0
vt 1.69377708435059 0.98768144845963 0
vt 1.68200886249542 0.98756003379822 0
vt 1.68200886249542 0.9905943274498 0
vt 1.69377708435059 0.99071568250656 0
vt 1.72183072566986 0.71569126844406 0
vt 1.72183072566986 0.71277838945389 0
vt 1.69389593601227 0.98161292076111 0
vt 1.70364344120026 0.98185569047928 0
vt 1.70376229286194 0.9788213968277 0
vt 1.69389593601227 0.97857868671417 0
vt 1.69377708435059 0.98464715480804 0
vt 1.70364344120026 0.98476856946945 0
vt 1.95505559444427 0.80016475915909 0
vt 1.95481789112091 0.80781108140945 0
vt 1.95802736282349 0.80016475915909 0
vt 1.78411912918091 0.56009489297867 0
vt 1.7963627576828 0.55997353792191 0
vt 1.7963627576828 0.55693930387497 0
vt 1.78411912918091 0.55693930387497 0
vt 1.27784752845764 0.87237995862961 0
vt 1.9670615196228 0.82407468557358 0
vt 1.95743298530579 0.86655414104462 0
vt 1.9573141336441 0.85368895530701 0
vt 1.95410466194153 0.85368895530701 0
vt 1.95422351360321 0.86655414104462 0
vt 1.71481728553772 0.71593397855759 0
vt 1.71481728553772 0.71277838945389 0
vt 1.97241079807282 0.4400600194931 0
vt 1.9725296497345 0.45183289051056 0
vt 1.97550141811371 0.4517115354538 0
vt 1.97538256645203 0.4400600194931 0
vt 1.78804183006287 0.13032376766205 0
vt 1.78221714496613 0.13032376766205 0
vt 1.78221714496613 0.13347935676575 0
vt 1.78804183006287 0.13335800170898 0
vt 1.84450554847717 0.56264370679855 0
vt 1.77651131153107 0.13032376766205 0
vt 1.77639245986938 0.13347935676575 0
vt 1.35261738300323 0.37803995609283 0
vt 1.35237956047058 0.38835632801056 0
vt 1.35535132884979 0.38835632801056 0
vt 1.35558915138245 0.3781613111496 0
vt 1.96397089958191 0.86643278598785 0
vt 1.96361434459686 0.85356760025024 0
vt 1.96052360534668 0.85368895530701 0
vt 1.96076142787933 0.86643278598785 0
vt 1.35820424556732 0.38835632801056 0
vt 1.35808539390564 0.39976513385773 0
vt 1.36093831062317 0.39988648891449 0
vt 1.36117601394653 0.38847780227661 0
vt 1.64373242855072 0.98100608587265 0
vt 1.64801180362701 0.97772908210754 0
vt 1.64373242855072 0.97785043716431 0
vt 1.24812972545624 0.00591957569122 0
vt 1.24812972545624 0.00276386737823 0
vt 1.24503910541534 0.00276386737823 0
vt 1.24503910541534 0.00591957569122 0
vt 1.3589174747467 0.32670044898987 0
vt 1.35915529727936 0.33458948135376 0
vt 1.36248362064362 0.334468126297 0
vt 1.36212706565857 0.32657909393311 0
vt 1.82655608654022 0.70925867557526 0
vt 1.81134057044983 0.70925867557526 0
vt 1.81134057044983 0.71229290962219 0
vt 1.82655608654022 0.71229290962219 0
vt 1.95957267284393 0.76411789655685 0
vt 1.95921611785889 0.77322065830231 0
vt 1.96206891536713 0.77334201335907 0
vt 1.96242558956146 0.76411789655685 0
vt 1.34905123710632 0.32670044898987 0
vt 1.34905123710632 0.33458948135376 0
vt 1.35237956047058 0.32670044898987 0
vt 1.9573141336441 0.81752067804337 0
vt 1.95469892024994 0.81400096416473 0
vt 1.95434236526489 0.8173993229866 0
vt 1.35511362552643 0.39976513385773 0
vt 1.7051887512207 0.71520578861237 0
vt 1.70970582962036 0.7155699133873 0
vt 1.70994353294373 0.71253561973572 0
vt 1.70530760288239 0.71241426467896 0
vt 1.72206842899323 0.98185569047928 0
vt 1.71267759799957 0.98185569047928 0
vt 1.71267759799957 0.98488992452621 0
vt 1.72206842899323 0.98513263463974 0
vt 1.15208196640015 0.91522353887558 0
vt 1.14601957798004 0.91498082876205 0
vt 1.80884420871735 0.55366230010986 0
vt 1.80872535705566 0.55050671100616 0
vt 1.96955788135529 0.4400600194931 0
vt 1.67012178897858 0.98124879598618 0
vt 1.6821277141571 0.98137021064758 0
vt 1.68224668502808 0.978335916996 0
vt 1.67024064064026 0.97809320688248 0
vt 1.96325767040253 0.83220648765564 0
vt 1.96349537372589 0.84094512462616 0
vt 1.96658611297607 0.84094512462616 0
vt 1.96658611297607 0.83220648765564 0
vt 1.96504080295563 0.77346336841583 0
vt 1.96539735794067 0.76423925161362 0
vt 1.95897829532623 0.92323398590088 0
vt 1.95862174034119 0.91316026449203 0
vt 1.95553112030029 0.9132816195488 0
vt 1.95588767528534 0.92323398590088 0
vt 1.7811473608017 0.70913726091385 0
vt 1.7811473608017 0.71241426467896 0
vt 1.96718037128448 0.86631143093109 0
vt 1.96682381629944 0.85356760025024 0
vt 1.35261738300323 0.37087905406952 0
vt 1.34976446628571 0.37087905406952 0
vt 1.34952676296234 0.37803995609283 0
vt 1.9579085111618 0.88500243425369 0
vt 1.95767068862915 0.87638515233994 0
vt 1.95446121692657 0.8765065073967 0
vt 1.95481789112091 0.88512378931046 0
vt 1.96337652206421 0.82820123434067 0
vt 1.96016705036163 0.82820123434067 0
vt 1.72218728065491 0.97870004177094 0
vt 1.71267759799957 0.97894281148911 0
vt 1.96171236038208 0.78256613016129 0
vt 1.64397013187408 0.98416167497635 0
vt 1.1329437494278 0.91862189769745 0
vt 1.13995718955994 0.91862189769745 0
vt 1.13995718955994 0.91498082876205 0
vt 1.1329437494278 0.91522353887558 0
vt 1.7592750787735 0.98294800519943 0
vt 1.74691247940063 0.98270523548126 0
vt 1.74679362773895 0.98573952913284 0
vt 1.7592750787735 0.98598223924637 0
vt 1.75238049030304 0.13020241260529 0
vt 1.76260340213776 0.12716817855835 0
vt 1.75238049030304 0.12704682350159 0
vt 1.35570800304413 0.34988212585449 0
vt 1.7532125711441 0.71896827220917 0
vt 1.08646523952484 0.92214161157608 0
vt 1.09169554710388 0.92202025651932 0
vt 1.08634626865387 0.91910737752914 0
vt 1.65217232704163 0.97748637199402 0
vt 1.97288620471954 0.40546953678131 0
vt 1.9731240272522 0.41202354431152 0
vt 1.97633349895477 0.41190218925476 0
vt 1.97597682476044 0.40534818172455 0
vt 1.66239511966705 0.98100608587265 0
vt 1.67012178897858 0.98428308963776 0
vt 1.74679362773895 0.98865240812302 0
vt 1.73419320583344 0.98840963840485 0
vt 1.73419320583344 0.99144387245178 0
vt 1.74667477607727 0.99168664216995 0
vt 1.95826506614685 0.89349830150604 0
vt 1.9664671421051 0.46530497074127 0
vt 1.96634829044342 0.47889840602875 0
vt 1.70352458953857 0.98780280351639 0
vt 1.71255874633789 0.98792415857315 0
vt 1.96468412876129 0.90296518802643 0
vt 1.96777474880218 0.90296518802643 0
vt 1.96753704547882 0.89325559139252 0
vt 1.77651131153107 0.12716817855835 0
vt 1.78221714496613 0.12741088867188 0
vt 1.78221714496613 0.12413394451141 0
vt 1.77651131153107 0.12401258945465 0
vt 1.10215616226196 0.91558766365051 0
vt 1.10203731060028 0.91255342960358 0
vt 1.95719528198242 0.84106647968292 0
vt 1.95719528198242 0.8323278427124 0
vt 1.95398569107056 0.83244919776916 0
vt 1.95398569107056 0.84106647968292 0
vt 1.77104330062866 0.70646715164185 0
vt 1.65740263462067 0.98076331615448 0
vt 1.35214185714722 0.39964377880096 0
vt 1.35202300548553 0.41105258464813 0
vt 1.35487592220306 0.41105258464813 0
vt 1.35844206809998 0.3781613111496 0
vt 1.9694390296936 0.45183289051056 0
vt 1.95695745944977 0.82820123434067 0
vt 1.95992934703827 0.8323278427124 0
vt 1.34905123710632 0.34247851371765 0
vt 1.95434236526489 0.82079768180847 0
vt 1.36165153980255 0.37100052833557 0
vt 1.36153268814087 0.36383962631226 0
vt 1.95374798774719 0.82820123434067 0
vt 1.65752148628235 0.97748637199402 0
vt 1.35558915138245 0.31893277168274 0
vt 1.35558915138245 0.32670044898987 0
vt 1.35879862308502 0.31881141662598 0
vt 1.75238049030304 0.13335800170898 0
vt 1.11000168323517 0.92165613174438 0
vt 1.11000168323517 0.91862189769745 0
vt 1.73443102836609 0.98234117031097 0
vt 1.74691247940063 0.97967100143433 0
vt 1.73454988002777 0.97930687665939 0
vt 1.73431217670441 0.98537540435791 0
vt 1.3522607088089 0.31893277168274 0
vt 1.63089442253113 0.98112744092941 0
vt 1.63945305347443 0.98112744092941 0
vt 1.63945305347443 0.97772908210754 0
vt 1.63089442253113 0.97809320688248 0
vt 1.11000168323517 0.91231065988541 0
vt 1.1098827123642 0.90915501117706 0
vt 1.1019184589386 0.90939778089523 0
vt 1.7811473608017 0.71569126844406 0
vt 1.79588735103607 0.71544849872589 0
vt 1.79588735103607 0.71241426467896 0
vt 1.72194957733154 0.98828828334808 0
vt 1.71255874633789 0.99107980728149 0
vt 1.72194957733154 0.99132251739502 0
vt 1.3612949848175 0.37828266620636 0
vt 1.96670496463776 0.82820123434067 0
vt 1.35249853134155 0.35000348091125 0
vt 1.1183226108551 0.91534489393234 0
vt 1.11012053489685 0.91534489393234 0
vt 1.9664671421051 0.4400600194931 0
vt 1.9664671421051 0.4517115354538 0
vt 1.81134057044983 0.71532714366913 0
vt 1.78102838993073 0.70598167181015 0
vt 1.62174129486084 0.98428308963776 0
vt 1.63089442253113 0.98416167497635 0
vt 1.62174129486084 0.98112744092941 0
vt 1.79434204101562 0.13044512271881 0
vt 1.79434204101562 0.13347935676575 0
vt 1.18084871768951 0.01975572109222 0
vt 1.18084871768951 0.00276386737823 0
vt 1.17775809764862 0.00276386737823 0
vt 1.17775809764862 0.01975572109222 0
vt 1.96670496463776 0.80817520618439 0
vt 1.1183226108551 0.91206794977188 0
vt 1.12593030929565 0.91194653511047 0
vt 1.12581145763397 0.90866953134537 0
vt 1.11820375919342 0.90891230106354 0
vt 1.13282489776611 0.91182518005371 0
vt 1.13282489776611 0.90842682123184 0
vt 1.63101327419281 0.99035155773163 0
vt 1.63945305347443 0.99035155773163 0
vt 1.63945305347443 0.98731732368469 0
vt 1.63089442253113 0.98731732368469 0
vt 1.73550081253052 0.70598167181015 0
vt 1.72884404659271 0.70658850669861 0
vt 1.85282647609711 0.55936670303345 0
vt 1.85282647609711 0.56227958202362 0
vt 1.12593030929565 0.91510218381882 0
vt 1.82655608654022 0.71532714366913 0
vt 1.81134057044983 0.71836137771606 0
vt 1.8266749382019 0.71836137771606 0
vt 1.709468126297 0.71836137771606 0
vt 1.71469843387604 0.718725502491 0
vt 1.96991443634033 0.40546953678131 0
vt 1.96979558467865 0.41202354431152 0
vt 1.96385204792023 0.3989155292511 0
vt 1.96373319625854 0.40522682666779 0
vt 1.96682381629944 0.40534818172455 0
vt 1.96694266796112 0.39903700351715 0
vt 1.96408975124359 0.87626379728317 0
vt 1.96088027954102 0.87626379728317 0
vt 1.82655608654022 0.70622438192368 0
vt 1.81134057044983 0.70622438192368 0
vt 1.63945305347443 0.98428308963776 0
vt 1.17454862594604 0.01975572109222 0
vt 1.17454862594604 0.00276386737823 0
vt 1.17145800590515 0.00276386737823 0
vt 1.17145800590515 0.01975572109222 0
vt 1.66251409053802 0.97785043716431 0
vt 1.34952676296234 0.3882349729538 0
vt 1.18809986114502 0.9127961397171 0
vt 1.17763924598694 0.91255342960358 0
vt 1.17763924598694 0.91546630859375 0
vt 1.18809986114502 0.91570901870728 0
vt 1.75915622711182 0.9890164732933 0
vt 1.35927414894104 0.34247851371765 0
vt 1.960404753685 0.84094512462616 0
vt 1.72159290313721 0.71860414743423 0
vt 1.79588735103607 0.70938003063202 0
vt 1.79588735103607 0.70622438192368 0
vt 1.76165246963501 0.71860414743423 0
vt 1.78400015830994 0.55390506982803 0
vt 1.7963627576828 0.55378365516663 0
vt 1.7963627576828 0.55074942111969 0
vt 1.78400015830994 0.55087077617645 0
vt 1.61246931552887 0.98428308963776 0
vt 1.61246931552887 0.98124879598618 0
vt 1.77092444896698 0.12413394451141 0
vt 1.76260340213776 0.12401258945465 0
vt 1.77092444896698 0.12716817855835 0
vt 1.9664671421051 0.43022906780243 0
vt 1.97585797309875 0.43047177791595 0
vt 1.97645235061646 0.41991257667542 0
vt 1.97300505638123 0.39915835857391 0
vt 1.97597682476044 0.39915835857391 0
vt 1.79600620269775 0.71848279237747 0
vt 1.2307745218277 0.00591957569122 0
vt 1.2307745218277 0.00276386737823 0
vt 1.2276839017868 0.00276386737823 0
vt 1.2276839017868 0.00591957569122 0
vt 1.72183072566986 0.70974415540695 0
vt 1.72194957733154 0.70683127641678 0
vt 1.95838391780853 0.90320789813995 0
vt 1.9615935087204 0.90308654308319 0
vt 1.70530760288239 0.70962274074554 0
vt 1.70090937614441 0.70962274074554 0
vt 1.70079052448273 0.71229290962219 0
vt 1.17775809764862 0.90964049100876 0
vt 1.79434204101562 0.12413394451141 0
vt 1.78804183006287 0.12413394451141 0
vt 1.78816068172455 0.12728953361511 0
vt 1.79434204101562 0.12728953361511 0
vt 1.09680700302124 0.92165613174438 0
vt 1.85282647609711 0.55657517910004 0
vt 1.34905123710632 0.31893277168274 0
vt 1.67000293731689 0.98743867874146 0
vt 1.67012178897858 0.99071568250656 0
vt 1.70982468128204 0.70950138568878 0
vt 1.71481728553772 0.70938003063202 0
vt 1.7149361371994 0.70622438192368 0
vt 1.70970582962036 0.70658850669861 0
vt 1.9664671421051 0.41190218925476 0
vt 1.96622943878174 0.41979122161865 0
vt 1.7963627576828 0.56300777196884 0
vt 1.96183121204376 0.91303890943527 0
vt 1.75903725624084 0.99192935228348 0
vt 1.96468412876129 0.78268748521805 0
vt 1.9676558971405 0.78268748521805 0
vt 1.95624434947968 0.7730992436409 0
vt 1.79434204101562 0.12109971046448 0
vt 1.78816068172455 0.12097823619843 0
vt 1.70530760288239 0.70683127641678 0
vt 1.70090937614441 0.70683127641678 0
vt 1.36284029483795 0.34247851371765 0
vt 1.96729934215546 0.87626379728317 0
vt 1.34928894042969 0.39964377880096 0
vt 1.96729934215546 0.88475966453552 0
vt 1.6821277141571 0.98452579975128 0
vt 1.70495104789734 0.71799731254578 0
vt 1.75939393043518 0.98003512620926 0
vt 1.96492183208466 0.91303890943527 0
vt 1.96515965461731 0.92299121618271 0
vt 1.9682502746582 0.92286986112595 0
vt 1.96801257133484 0.91291749477386 0
vt 1.96991443634033 0.39903700351715 0
vt 1.77116215229034 0.7155699133873 0
vt 1.77116215229034 0.71848279237747 0
vt 1.10215616226196 0.91837918758392 0
vt 1.21888744831085 0.23008990287781 0
vt 1.74215757846832 0.13020241260529 0
vt 1.74215757846832 0.13335800170898 0
vt 1.1329437494278 0.92189890146256 0
vt 1.13995718955994 0.92226302623749 0
vt 1.80052328109741 0.12728953361511 0
vt 1.80052328109741 0.13044512271881 0
vt 1.34917008876801 0.35000348091125 0
vt 1.17775809764862 0.03674745559692 0
vt 1.18084871768951 0.03674745559692 0
vt 1.75238049030304 0.12401258945465 0
vt 1.76260340213776 0.12085688114166 0
vt 1.75249934196472 0.12085688114166 0
vt 1.10215616226196 0.92141342163086 0
vt 1.95517444610596 0.89349830150604 0
vt 1.86114752292633 0.55936670303345 0
vt 1.86114752292633 0.56227958202362 0
vt 1.75000309944153 0.73790198564529 0
vt 1.08622741699219 0.91595178842545 0
vt 1.08610856533051 0.9127961397171 0
vt 1.7811473608017 0.71884685754776 0
vt 1.36426675319672 0.00276386737823 0
vt 1.36117601394653 0.00276386737823 0
vt 1.36117601394653 0.00591957569122 0
vt 1.36426675319672 0.00591957569122 0
vt 1.96337652206421 0.411780834198 0
vt 1.95529329776764 0.90320789813995 0
vt 1.96206891536713 0.92311257123947 0
vt 1.96789360046387 0.77346336841583 0
vt 1.9682502746582 0.76436060667038 0
vt 1.07814419269562 0.00276386737823 0
vt 1.07814419269562 0.00591957569122 0
vt 1.08123481273651 0.00591957569122 0
vt 1.08123481273651 0.00276386737823 0
vt 1.17454862594604 0.03674745559692 0
vt 1.17145800590515 0.03674745559692 0
vt 1.35095310211182 0.77965325117111 0
vt 1.74215757846832 0.1238911151886 0
vt 1.74215757846832 0.12085688114166 0
vt 1.95398569107056 0.82395327091217 0
vt 1.74215757846832 0.12704682350159 0
vt 1.70352458953857 0.99083703756332 0
vt 1.86114752292633 0.55645382404327 0
vt 1.78221714496613 0.1207355260849 0
vt 1.77651131153107 0.12085688114166 0
vt 1.96337652206421 0.4400600194931 0
vt 1.96337652206421 0.4517115354538 0
vt 1.86114752292633 0.55062806606293 0
vt 1.86114752292633 0.5535409450531 0
vt 1.36200821399689 0.31881141662598 0
vt 1.70079052448273 0.7150844335556 0
vt 1.64397013187408 0.98743867874146 0
vt 1.35784769058228 0.4111739397049 0
vt 1.96325767040253 0.43022906780243 0
vt 1.1839394569397 0.01975572109222 0
vt 1.1839394569397 0.00276386737823 0
vt 1.95660090446472 0.76399654150009 0
vt 1.3607006072998 0.4111739397049 0
vt 1.77092444896698 0.12097823619843 0
vt 1.78411912918091 0.56312918663025 0
vt 1.06946659088135 0.00276386737823 0
vt 1.06946659088135 0.00591957569122 0
vt 1.07255733013153 0.00591957569122 0
vt 1.07255733013153 0.00276386737823 0
vt 1.62162244319916 0.97809320688248 0
vt 1.61246931552887 0.97809320688248 0
vt 1.74477279186249 0.70622438192368 0
vt 1.1839394569397 0.03674745559692 0
vt 1.96337652206421 0.46530497074127 0
vt 1.96337652206421 0.47889840602875 0
vt 1.96301996707916 0.41979122161865 0
vt 1.34905123710632 0.41093122959137 0
vt 1.64373242855072 0.99071568250656 0
vt 1.22209703922272 0.00591957569122 0
vt 1.22209703922272 0.00276386737823 0
vt 1.21900629997253 0.00276386737823 0
vt 1.21900629997253 0.00591957569122 0
vt 1.80052328109741 0.13347935676575 0
vt 1.23636150360107 0.00591957569122 0
vt 1.23957097530365 0.00591957569122 0
vt 1.23957097530365 0.00276386737823 0
vt 1.23636150360107 0.00276386737823 0
vt 1.19261693954468 0.00591957569122 0
vt 1.19261693954468 0.00276386737823 0
vt 1.18952631950378 0.00276386737823 0
vt 1.18952631950378 0.00591957569122 0
vt 1.80052328109741 0.12109971046448 0
vt 1.80052328109741 0.12413394451141 0
vt 1.1882187128067 0.90988326072693 0
vt 1.08991241455078 0.00591957569122 0
vt 1.08991241455078 0.00276386737823 0
vt 1.08682179450989 0.00276386737823 0
vt 1.08682179450989 0.00591957569122 0
vt 1.45282566547394 0.15508329868317 0
vt 1.70055282115936 0.71775454282761 0
vt 1.08610856533051 0.90964049100876 0
# 1183 texture coordinates

o model-03
usemtl mat--0000
f 997/1234/1139 986/1233/1138 983/1232/1137 996/1231/1136
f 1077/1238/1143 1078/1237/1142 1089/1236/1141 1090/1235/1140
f 1087/1242/1146 1077/1241/1146 1076/1240/1145 1081/1239/1144
f 1063/1246/1150 1065/1245/1149 1064/1244/1148 1051/1243/1147
f 842/1249/1153 841/1248/1152 828/1247/1151
f 827/1251/1155 842/1249/1153 828/1247/1151 826/1250/1154
f 826/1250/1154 828/1247/1151 832/1252/1156
f 1153/1256/1160 1198/1255/1159 1187/1254/1158 1188/1253/1157
f 851/1260/1164 880/1259/1163 856/1258/1162 855/1257/1161
f 1019/1264/1165 1011/1263/1165 1012/1262/1166 1005/1261/1165
f 829/1267/1169 836/1266/1168 843/1265/1167
f 829/1267/1169 834/1268/1170 828/1247/1151
f 1256/1272/1174 1255/1271/1173 1226/1270/1172 1225/1269/1171
f 838/1275/339 823/1274/339 839/1273/339
f 1059/1279/339 1066/1278/339 1068/1277/339 1062/1276/339
f 1003/1283/1178 1013/1282/1177 1005/1281/1176 1018/1280/1175
f 1139/1287/1182 1141/1286/1181 1140/1285/1180 1137/1284/1179
f 832/1290/1184 833/1289/1184 835/1288/1183
f 831/1293/1185 844/1292/1185 840/1291/1185
f 1035/1297/1189 1047/1296/1188 1033/1295/1187 1040/1294/1186
f 950/1300/1191 944/1299/1191 949/1298/1190
f 1132/1305/1196 1121/1304/1195 1130/1303/1194 1131/1302/1193
f 1093/1309/1200 1092/1308/1199 1106/1307/1198 1107/1306/1197
f 836/1312/1202 829/1311/1201 830/1310/1201
f 1016/1316/1206 1009/1315/1205 1007/1314/1204 1006/1313/1203
f 1173/1320/1210 1174/1319/1209 1150/1318/1208 1151/1317/1207
f 849/1323/1213 848/1322/1212 862/1321/1211
f 846/1327/1217 847/1326/1216 866/1325/1215 845/1324/1214
f 893/1331/1219 886/1330/1218 883/1329/1219 890/1328/1218
f 850/1333/1221 851/1260/1164 861/1332/1220
f 954/1337/1225 955/1336/1224 952/1335/1223 953/1334/1222
f 852/1340/1226 853/1339/1227 854/1338/1226
f 849/1323/1213 865/1341/1228 866/1325/1215
f 853/1339/1227 851/1260/1164 855/1257/1161
f 1198/1255/1159 1199/1343/1230 1186/1342/1229 1187/1254/1158
f 855/1257/1161 856/1258/1162 857/1344/1231
f 1105/1348/1233 1112/1347/1232 1107/1346/1232 1106/1345/1232
f 858/1351/1236 859/1350/1235 860/1349/1234
f 870/1355/1240 877/1354/1239 876/1353/1238 872/1352/1237
f 962/1359/1244 948/1358/1243 943/1357/1242 945/1356/1241
f 854/1362/1247 868/1361/1246 852/1360/1245
f 1222/1366/1251 1224/1365/1250 1223/1364/1249 1221/1363/1248
f 861/1368/1247 852/1360/1245 850/1367/1252
f 824/1371/1184 825/1370/1184 826/1369/1184 832/1290/1184
f 850/1367/1252 862/1373/1247 863/1372/1247
f 849/1376/1253 864/1375/1253 865/1374/1253
f 953/1378/1255 957/1377/1254 945/1356/1241 943/1357/1242
f 942/1381/1258 954/1380/1257 943/1357/1242 959/1379/1256
f 919/1385/1262 920/1384/1261 917/1383/1260 916/1382/1259
f 1015/1387/1264 1016/1316/1206 1006/1313/1203 1014/1386/1263
f 858/1389/1265 860/1388/1265 868/1361/1265
f 1122/1393/1269 1126/1392/1268 1120/1391/1267 1121/1390/1266
f 838/1397/1273 831/1396/1272 840/1395/1271 825/1394/1270
f 875/1398/1274 870/1355/1240 872/1352/1237
f 1025/1402/1278 1045/1401/1277 1042/1400/1276 1024/1399/1275
f 870/1355/1240 878/1403/1279 877/1354/1239
f 874/1406/1282 871/1405/1281 875/1404/1280
f 857/1408/1283 858/1389/1284 868/1361/1283 855/1407/1283
f 872/1411/1287 873/1410/1286 875/1409/1285
f 1309/1415/1291 1320/1414/1290 1319/1413/1289 1318/1412/1288
f 878/1418/1293 870/1417/1292 879/1416/1292
f 914/1422/1295 915/1421/1296 923/1420/1295 922/1419/1294
f 876/1425/1299 877/1424/1298 869/1423/1297
f 946/1428/1302 961/1427/1301 947/1426/1300 945/1356/1241
f 1121/1304/1305 1128/1431/1304 1127/1430/1303 1122/1429/1303
f 933/1435/1307 931/1434/1307 929/1433/1306 941/1432/1306
f 994/1439/1311 980/1438/1310 979/1437/1309 978/1436/1308
f 1094/1443/1315 1096/1442/1314 1095/1441/1313 1116/1440/1312
f 906/1447/1319 899/1446/1318 896/1445/1317 895/1444/1316
f 1412/1451/1323 1413/1450/1322 1424/1449/1321 1420/1448/1320
f 888/1454/1326 889/1453/1325 887/1452/1324
f 846/1457/1328 845/1456/1329 860/1388/1328 859/1455/1327
f 1114/1460/1332 1100/1459/1331 1092/1308/1199 1115/1458/1330
f 884/1462/1334 887/1452/1324 882/1461/1333
f 1055/1466/1338 1070/1465/1337 1054/1464/1336 1053/1463/1335
f 1030/1469/1341 1024/1399/1275 1048/1468/1340 1026/1467/1339
f 1094/1443/1315 1116/1440/1312 1093/1309/1200
f 892/1471/1343 881/1470/1342 883/1329/1219
f 889/1473/1344 888/1472/1344 893/1331/1344
f 905/1476/1347 894/1475/1346 908/1474/1345
f 1115/1480/1350 1116/1479/1349 1095/1478/1348 1101/1477/1348
f 908/1474/1345 895/1444/1316 907/1481/1351
f 1021/1484/369 1022/1483/339 1002/1482/339 1012/1262/339
f 898/1485/1352 906/1447/1319 895/1444/1316
f 839/1273/1184 823/1274/1184 835/1288/1183 837/1486/1184
f 1025/1490/339 1028/1489/339 1029/1488/369 1032/1487/339
f 947/1494/1355 961/1493/1355 951/1492/1354 960/1491/1353
f 902/1497/1357 903/1496/1356 909/1495/1356
f 909/1495/1356 904/1499/1359 900/1498/1358
f 1155/1503/1363 1197/1502/1362 1156/1501/1361 1154/1500/1360
f 905/1506/339 903/1505/339 894/1504/339
f 1003/1283/1178 1018/1280/1175 1004/1508/1365 1020/1507/1364
f 894/1504/339 906/1510/339 898/1509/339
f 851/1260/1164 853/1339/1227 852/1340/1226 861/1332/1220
f 897/1513/1368 909/1512/1367 907/1511/1366
f 1023/1516/1371 1024/1399/1275 1043/1515/1370 1049/1514/1369
f 907/1511/1366 905/1506/1373 908/1517/1372
f 897/1513/1374 904/1518/1374 909/1512/1374
f 910/1522/1377 922/1521/1377 923/1520/1376 911/1519/1375
f 894/1475/1346 898/1485/1352 895/1444/1316 908/1474/1345
f 931/1526/1381 932/1525/1380 930/1524/1379 929/1523/1378
f 1274/1530/1385 1276/1529/1384 1275/1528/1383 1273/1527/1382
f 1460/1534/1389 1461/1533/1388 1430/1532/1387 1432/1531/1386
f 914/1536/1391 921/1535/1390 919/1385/1262
f 1066/1278/339 1057/1538/339 1067/1537/339 1068/1277/339
f 838/1397/1273 825/1394/1270 824/1540/1272 823/1539/1392
f 1115/1480/1350 1101/1477/1348 1100/1542/1393 1114/1541/1350
f 910/1544/1394 916/1543/1395 922/1419/1394
f 995/1548/1399 999/1547/1398 991/1546/1397 989/1545/1396
f 917/1551/1400 920/1550/1394 918/1549/1394
f 986/1555/1402 997/1554/1401 996/1553/1401 1000/1552/1401
f 1464/1559/1406 1422/1558/1405 1423/1557/1404 1425/1556/1403
f 841/1248/1152 830/1560/1407 829/1267/1169 828/1247/1151
f 923/1420/1295 915/1421/1296 924/1561/1296
f 925/1564/1408 928/1563/1408 926/1562/1408
f 989/1545/1396 991/1546/1397 993/1566/1410 992/1565/1409
f 927/1569/1413 928/1568/1412 925/1567/1411
f 998/1572/1416 988/1571/1415 979/1437/1309 981/1570/1414
f 931/1526/1381 933/1573/1417 932/1525/1380
f 1310/1577/1421 1333/1576/1420 1320/1575/1419 1309/1574/1418
f 1122/1429/1303 1127/1430/1303 1124/1579/1303 1126/1578/1422
f 889/1453/1325 891/1580/1423 882/1461/1333 887/1452/1324
f 1009/1584/1426 1016/1583/1425 1008/1582/1424 1007/1581/1176
f 1039/1586/1428 1044/1585/1427 1026/1467/1339 1033/1295/1187
f 1091/1588/1432 1081/1239/1431 1076/1240/1430 1090/1587/1429
f 936/1591/1435 938/1590/1434 930/1589/1433
f 1005/1261/1165 1012/1262/1166 1004/1593/1436 1018/1592/1165
f 1068/1277/1440 1072/1596/1439 1050/1595/1438 1069/1594/1437
f 1101/1599/1443 1111/1598/1442 1099/1597/1441 1100/1459/1331
f 1125/1601/1445 1123/1600/1444 1120/1391/1267 1126/1392/1268
f 1065/1603/339 1063/1602/339 1062/1276/339 1068/1277/339
f 976/1607/1449 964/1606/1448 963/1605/1447 974/1604/1446
f 959/1379/1256 943/1357/1242 960/1608/1450
f 870/1417/1292 875/1409/1451 879/1416/1292
f 1066/1611/1454 1059/1610/1453 1058/1609/1452
f 882/1461/1333 883/1614/1457 881/1613/1456 892/1612/1455
f 956/1615/1458 954/1380/1257 942/1381/1258
f 954/1380/1257 953/1378/1255 943/1357/1242
f 1127/1619/1462 1128/1618/1461 1119/1617/1460 1118/1616/1459
f 893/1331/1464 890/1328/1463 891/1620/1463 889/1473/1344
f 1234/1624/1468 1233/1623/1467 1250/1622/1466 1249/1621/1465
f 947/1426/1300 962/1359/1244 945/1356/1241
f 989/1545/1396 992/1565/1409 978/1436/1308 979/1437/1309
f 915/1627/1471 914/1536/1391 912/1626/1470 924/1625/1469
f 878/1418/1299 879/1416/1472 869/1423/1297 877/1424/1298
f 923/1520/1474 924/1625/1469 912/1626/1470 911/1628/1473
f 954/1337/1225 956/1629/1475 955/1336/1224
f 980/1633/1478 978/1632/1478 985/1631/1477 982/1630/1476
f 946/1636/1480 958/1635/1480 957/1634/1479
f 959/1637/1481 960/1491/1353 951/1492/1354
f 1084/1639/1483 1088/1638/1482 1077/1241/1146 1087/1242/1146
f 1091/1588/1432 1083/1641/1432 1082/1640/1429 1081/1239/1431
f 944/1299/1354 950/1300/1481 948/1642/1481
f 948/1642/1481 962/1643/1481 947/1494/1355
f 848/1322/1212 849/1323/1213 866/1325/1215 847/1326/1216
f 976/1607/1449 969/1644/1484 964/1606/1448
f 1362/1648/1488 1360/1647/1487 1396/1646/1486 1397/1645/1485
f 903/1505/1489 905/1506/1373 907/1511/1366 909/1512/1367
f 1389/1650/1491 1388/1649/1490 1397/1645/1485 1396/1646/1486
f 868/1361/1495 866/1651/1494 865/1374/1493 864/1375/1492
f 975/1654/1498 967/1653/1497 968/1652/1496
f 1021/1657/1501 1012/1656/1500 1011/1655/1499 1008/1582/1424
f 917/1551/1400 918/1549/1394 922/1419/1394 916/1543/1395
f 973/1660/1504 969/1659/1503 977/1658/1502
f 969/1664/1506 976/1663/1506 974/1662/1505 977/1661/1505
f 970/1667/339 971/1666/369 963/1665/339
f 967/1653/1497 965/1669/1508 972/1668/1507 968/1652/1496
f 1256/1673/1512 1224/1672/1511 1247/1671/1510 1248/1670/1509
f 973/1674/339 977/1661/339 974/1662/339
f 1007/1581/1176 1008/1582/1424 1019/1676/1514 1006/1675/1513
f 1118/1616/1459 1119/1617/1460 1134/1678/1516 1133/1677/1515
f 1291/1682/1520 1290/1681/1519 1295/1680/1518 1294/1679/1517
f 967/1653/1497 975/1654/1498 966/1683/1521 965/1669/1508
f 984/1685/1523 985/1684/1522 983/1232/1137
f 840/1395/1271 827/1251/1155 826/1250/1154 825/1394/1270
f 1117/1689/1527 1132/1688/1526 1131/1687/1525 1129/1686/1524
f 1460/1534/1389 1459/1692/1530 1470/1691/1529 1469/1690/1528
f 987/1693/1531 998/1572/1416 981/1570/1414
f 1044/1695/339 1045/1694/339 1025/1490/339 1032/1487/339
f 902/1497/1357 909/1495/1356 900/1498/1358 901/1696/1532
f 990/1697/1533 995/1548/1399 989/1545/1396
f 1315/1700/1536 1318/1412/1288 1317/1699/1535 1316/1698/1534
f 1062/1702/1538 1063/1246/1150 1051/1243/1147 1061/1701/1537
f 1041/1706/1541 1049/1705/1540 1043/1704/1540 1042/1703/1539
f 993/1709/339 991/1708/339 985/1631/1542 992/1707/339
f 1112/1347/1232 1109/1711/1543 1108/1710/1232 1107/1346/1232
f 984/1712/1544 982/1630/1476 985/1631/1477
f 1080/1716/1548 1083/1715/1547 1091/1714/1546 1085/1713/1545
f 980/1633/1478 994/1717/1478 978/1632/1478
f 978/1632/1478 992/1718/1478 985/1631/1477
f 990/1721/1401 988/1720/1550 995/1719/1549
f 1030/1469/1341 1031/1723/1552 1029/1722/1551 1024/1399/1275
f 855/1407/1283 868/1361/1283 854/1362/1554 853/1724/1553
f 932/1525/1380 938/1726/1556 936/1725/1555 930/1524/1379
f 998/1728/1557 987/1727/1401 986/1555/1402
f 991/1708/1558 999/1729/1558 1000/1552/1558 985/1631/1558
f 1001/1732/1561 1015/1731/1560 1002/1730/1559
f 982/1733/1562 984/1685/1523 983/1232/1137 981/1570/1414
f 1002/1730/1559 1003/1283/1178 1020/1507/1364
f 886/1735/1564 887/1452/1324 884/1462/1334 885/1734/1563
f 1053/1739/465 1071/1738/465 1070/1737/465 1055/1736/465
f 1171/1743/1568 1170/1742/1567 1190/1741/1566 1189/1740/1565
f 848/1322/1212 880/1259/1163 851/1260/1164 850/1333/1221
f 958/1744/1569 946/1428/1302 945/1356/1241 957/1377/1254
f 1429/1747/1572 1431/1746/1571 1430/1532/1387 1428/1745/1570
f 1108/1750/1558 1110/1749/1574 1097/1748/1573 1096/1442/1314
f 1022/1751/1575 1021/1657/1501 1008/1582/1424
f 1072/1755/1579 1067/1754/1578 1056/1753/1577 1071/1752/1576
f 1008/1582/1424 1011/1655/1499 1019/1676/1514
f 1010/1757/465 1006/1313/465 1013/1756/465
f 1010/1757/1206 1014/1386/1263 1006/1313/1203
f 946/1636/1480 957/1634/1479 953/1334/1222 961/1493/1580
f 1358/1761/1584 1356/1760/1583 1394/1759/1582 1395/1758/1581
f 846/1457/1328 859/1455/1327 867/1763/1586 847/1762/1585
f 966/1767/339 975/1766/339 968/1765/339 972/1764/339
f 1105/1348/1233 1106/1345/1232 1104/1769/1587 1103/1768/1232
f 944/1299/1354 948/1642/1481 947/1494/1355 960/1491/1353
f 1117/1689/1527 1124/1770/339 1127/1619/1462 1118/1616/1459
f 969/1659/1503 965/1669/1508 964/1606/1448
f 940/1773/1590 935/1772/1589 934/1771/1588
f 1043/1515/1370 1024/1399/1275 1042/1400/1276
f 876/1353/1238 869/1776/1593 871/1775/1592 872/1352/1237
f 1023/1516/1371 1048/1468/1340 1024/1399/1275
f 1136/1780/339 1137/1779/339 1140/1778/339 1135/1777/339
f 1048/1468/1340 1027/1781/1594 1026/1467/1339
f 1082/1783/1596 1083/1715/1547 1080/1716/1548 1081/1782/1595
f 1098/1786/1599 1099/1597/1441 1103/1785/1598 1102/1784/1597
f 1031/1723/1552 1030/1469/1341 1032/1787/1600
f 1038/1790/339 1046/1789/339 1035/1788/339 1045/1694/339
f 1390/1794/1604 1391/1793/1603 1355/1792/1602 1357/1791/1601
f 1333/1576/1420 1310/1577/1421 1317/1699/1535 1332/1795/1605
f 1034/1796/1606 1040/1294/1186 1033/1295/1187
f 971/1666/369 966/1767/339 972/1764/339 963/1665/339
f 1040/1294/1186 1041/1797/1607 1035/1297/1189
f 1053/1739/465 1052/1799/465 1073/1798/465 1050/1595/465
f 1052/1801/1609 1053/1463/1335 1051/1243/1147 1073/1800/1608
f 943/1357/1242 948/1358/1243 950/1803/1611 949/1802/1610
f 1041/1706/465 1040/1804/465 1049/1705/465
f 1051/1243/1147 1064/1244/1148 1069/1805/1608 1073/1800/1608
f 1048/1808/465 1034/1807/465 1027/1806/465
f 1015/1387/1264 1001/1810/1206 1017/1809/1612 1016/1316/1206
f 918/1549/1613 920/1550/1613 919/1812/1614 921/1811/1613
f 1031/1813/339 1032/1487/339 1029/1488/369
f 856/1258/1162 859/1350/1235 858/1351/1236 857/1344/1231
f 934/1771/1588 935/1772/1589 939/1815/1616 937/1814/1615
f 1012/1262/339 1002/1482/339 1020/1816/369 1004/1593/369
f 988/1720/1550 998/1728/1557 986/1555/1402 1000/1552/1401
f 1035/1788/339 1046/1789/339 1047/1817/339
f 1048/1808/465 1023/1818/465 1049/1705/465
f 1050/1819/1617 1073/1800/1608 1069/1805/1608
f 1015/1731/1560 1014/1820/1618 1003/1283/1178 1002/1730/1559
f 952/1822/1620 942/1381/1258 959/1379/1256 951/1821/1619
f 841/1825/1185 842/1824/1185 827/1823/1185 840/1291/1185
f 1046/1828/1623 1037/1827/1622 1036/1826/1621
f 860/1388/1495 845/1456/1495 866/1651/1494 868/1361/1495
f 1072/1755/1579 1068/1830/1578 1067/1754/1578
f 1067/1754/1578 1057/1831/1625 1056/1753/1577
f 1107/1306/1197 1108/1750/1558 1096/1442/1314 1093/1309/1200
f 1092/1308/1199 1098/1786/1599 1104/1832/339 1106/1307/1198
f 1066/1611/1454 1058/1609/1452 1056/1753/1577 1057/1831/1625
f 1074/1834/1627 1060/1833/1626 1054/1464/1336
f 1060/1833/1626 1061/1701/1537 1051/1243/1147
f 1074/1834/1627 1054/1464/1336 1058/1609/1452 1059/1835/1628
f 1061/1701/1537 1075/1836/1629 1062/1702/1538
f 1056/1753/1577 1058/1609/1452 1054/1464/1336
f 902/1839/339 901/1838/339 899/1837/339 906/1510/339
f 1075/1840/339 1059/1279/339 1062/1276/339
f 892/1612/1455 885/1734/1563 884/1462/1334 882/1461/1333
f 943/1357/1242 949/1802/1610 944/1841/1450 960/1608/1450
f 955/1842/1630 956/1615/1458 942/1381/1258 952/1822/1620
f 891/1580/1423 890/1843/1631 883/1614/1457 882/1461/1333
f 1040/1804/465 1034/1807/465 1048/1808/465 1049/1705/465
f 1014/1820/1618 1010/1844/1632 1013/1282/1177 1003/1283/1178
f 1459/1692/1530 1460/1534/1389 1432/1845/1633
f 913/1847/1637 916/1543/1636 910/1544/1635 911/1846/1634
f 849/1376/1638 862/1373/1247 850/1367/1252 852/1360/1245
f 1079/1849/1642 1088/1638/1641 1084/1639/1640 1086/1848/1639
f 1076/1850/1643 1077/1238/1143 1090/1235/1140
f 1074/1852/1645 1059/1851/1645 1075/1840/1644
f 847/1326/1216 867/1853/1646 880/1259/1163 848/1322/1212
f 844/1292/1185 830/1310/1185 841/1825/1185 840/1291/1185
f 1054/1464/1336 1060/1833/1626 1051/1243/1147 1053/1463/1335
f 964/1606/1448 971/1855/1648 970/1854/1647 963/1605/1447
f 1037/1827/1622 1046/1828/1623 1038/1856/1649 1036/1826/1621
f 1077/1238/1143 1088/1857/1143 1078/1237/1142
f 1087/1859/1651 1085/1713/1545 1084/1858/1650
f 1085/1860/1642 1086/1848/1639 1084/1639/1640
f 941/1861/1652 939/1815/1616 935/1772/1589 940/1773/1590
f 1079/1849/1642 1078/1862/1642 1088/1638/1641
f 988/1571/1415 990/1697/1533 989/1545/1396 979/1437/1309
f 834/1268/1170 829/1267/1169 835/1864/1654 833/1863/1653
f 1089/1865/1655 1091/1588/1432 1090/1587/1429
f 1087/1859/1651 1081/1782/1595 1080/1716/1548 1085/1713/1545
f 1079/1867/1657 1086/1866/1656 1089/1236/1141 1078/1237/1142
f 873/1869/1659 872/1352/1237 871/1775/1592 874/1868/1658
f 1255/1271/1173 1254/1871/1661 1227/1870/1660 1226/1270/1172
f 1071/1752/1576 1056/1753/1577 1054/1464/1336 1070/1465/1337
f 896/1445/1317 897/1872/1662 907/1481/1351 895/1444/1316
f 880/1259/1163 867/1853/1646 859/1350/1235 856/1258/1162
f 886/1330/1218 885/1873/1219 892/1471/1343 883/1329/1219
f 940/1875/1664 933/1435/1307 941/1874/1663
f 1094/1443/1315 1093/1309/1200 1096/1442/1314
f 1039/1586/1428 1033/1295/1187 1036/1826/1621 1038/1856/1649
f 985/1684/1522 1000/1876/1665 996/1231/1136 983/1232/1137
f 1125/1601/1445 1124/1770/339 1117/1689/1527 1123/1600/1444
f 1104/1832/339 1098/1786/1599 1102/1784/1597
f 1092/1308/1199 1100/1459/1331 1099/1597/1441 1098/1786/1599
f 1308/1878/1667 1310/1577/1421 1309/1574/1418 1307/1877/1666
f 1105/1880/1669 1111/1598/1442 1112/1879/1668
f 903/1505/339 902/1839/339 906/1510/339 894/1504/339
f 926/1881/1670 928/1568/1412 927/1569/1413 925/1567/1411
f 1102/1882/1671 1103/1768/1232 1104/1769/1587
f 899/1446/1318 901/1696/1532 900/1498/1358 896/1445/1317
f 1074/1852/1645 1075/1840/1644 1061/1884/1673 1060/1883/1672
f 1039/1885/339 1038/1790/339 1045/1694/339 1044/1695/339
f 1108/1710/1232 1109/1711/1543 1110/1886/1233
f 1112/1347/1232 1113/1887/1674 1109/1711/1543
f 1111/1888/1675 1101/1477/1348 1112/1347/1350
f 904/1499/1359 897/1872/1662 896/1445/1317 900/1498/1358
f 843/1265/1167 837/1889/1676 835/1864/1654 829/1267/1169
f 1086/1866/1656 1085/1713/1545 1091/1714/1546 1089/1236/1141
f 1133/1892/1196 1134/1891/1678 1119/1890/1194 1128/1431/1677
f 1046/1829/1624 1036/1826/1621 1033/1295/1187 1047/1296/1188
f 1024/1399/1275 1029/1722/1551 1028/1893/1679 1025/1402/1278
f 830/1310/1680 844/1292/1681 843/1894/1681 836/1312/1680
f 1129/1686/1524 1130/1895/1682 1117/1689/1527
f 1463/1899/1686 1462/1898/1685 1467/1897/1684 1466/1896/1683
f 848/1322/1212 850/1333/1221 863/1900/1687 862/1321/1211
f 1068/1277/1440 1069/1594/1437 1064/1901/1688 1065/1603/1440
f 1026/1467/1339 1044/1585/1427 1032/1787/1600 1030/1469/1341
f 1123/1600/1444 1117/1689/1527 1120/1391/1267
f 939/1902/1434 941/1432/1689 929/1433/1434 930/1589/1433
f 1125/1903/1303 1126/1578/1422 1124/1579/1303
f 823/1274/1184 824/1371/1184 832/1290/1184 835/1288/1183
f 937/1904/1690 939/1902/1434 930/1589/1433 938/1590/1434
f 1129/1905/1691 1131/1302/1193 1130/1303/1194
f 1097/1748/1573 1113/1906/1692 1095/1441/1313 1096/1442/1314
f 871/1405/1281 869/1423/1694 879/1416/1693 875/1404/1280
f 1109/1907/1695 1113/1906/1692 1097/1748/1573 1110/1749/1574
f 1141/1908/339 1135/1777/339 1140/1778/339
f 1133/1892/1196 1128/1431/1677 1121/1304/1195 1132/1305/1196
f 1136/1780/339 1138/1909/339 1137/1779/339
f 1139/1287/1182 1138/1912/1698 1136/1911/1697 1135/1910/1696
f 1141/1286/1181 1139/1287/1182 1135/1910/1696
f 1118/1616/1459 1133/1677/1515 1132/1688/1526 1117/1689/1527
f 1139/1287/1182 1137/1284/1179 1138/1912/1698
f 1513/1916/1702 1514/1915/1701 1510/1914/1700 1512/1913/1699
f 1333/1576/1420 1335/1918/1704 1334/1917/1703 1320/1575/1419
f 1320/1414/1290 1334/1920/1706 1321/1919/1705 1319/1413/1289
f 1257/1924/1710 1217/1923/1709 1243/1922/1708 1244/1921/1707
f 1517/1928/1714 1504/1927/1713 1505/1926/1712 1506/1925/1711
f 1431/1746/1571 1490/1929/1715 1432/1531/1386 1430/1532/1387
f 1424/1931/1717 1414/1930/1716 1425/1556/1403 1423/1557/1404
f 1270/1935/1721 1271/1934/1720 1262/1933/1719 1260/1932/1718
f 1172/1937/1723 1173/1320/1210 1151/1317/1207 1152/1936/1722
f 1576/1941/1727 1340/1940/1726 1339/1939/1725 1575/1938/1724
f 1169/1943/1729 1170/1742/1567 1156/1501/1361 1157/1942/1728
f 1451/1947/1733 1452/1946/1732 1442/1945/1731 1443/1944/1730
f 1253/1950/1736 1254/1949/1735 1250/1622/1466 1251/1948/1734
f 1289/1953/1739 1290/1681/1519 1277/1952/1738 1278/1951/1737
f 1206/1957/1743 1210/1956/1742 1203/1955/1741 1201/1954/1740
f 1330/1960/1746 1331/1959/1745 1321/1919/1705 1322/1958/1744
f 1306/1962/1748 1308/1878/1667 1307/1877/1666 1305/1961/1747
f 1552/1966/1752 1567/1965/1751 1553/1964/1750 1551/1963/1749
f 1254/1949/1735 1255/1967/1753 1249/1621/1465 1250/1622/1466
f 1304/1969/1755 1276/1968/1754 1294/1679/1517 1295/1680/1518
f 1334/1920/1706 1323/1970/1756 1322/1958/1744 1321/1919/1705
f 1022/1483/339 1017/1809/339 1001/1810/339 1002/1482/339
f 844/1292/1681 839/1273/1681 837/1486/1681 843/1894/1681
f 1462/1898/1685 1463/1899/1686 1426/1971/1757 1428/1745/1570
f 1208/1975/1761 1202/1974/1760 1209/1973/1759 1207/1972/1758
f 1511/1977/1763 1523/1976/1762 1512/1913/1699 1510/1914/1700
f 1230/1979/1765 1253/1950/1736 1251/1948/1734 1252/1978/1764
f 1368/1983/1769 1366/1982/1768 1399/1981/1767 1400/1980/1766
f 1175/1985/1771 1174/1319/1209 1186/1342/1229 1185/1984/1770
f 1368/1989/1775 1408/1988/1774 1369/1987/1773 1367/1986/1772
f 1384/1991/1777 1385/1990/1776 1367/1986/1772 1369/1987/1773
f 1465/1994/1779 1466/1896/1683 1427/1993/1778 1414/1992/1716
f 1328/1998/1783 1329/1997/1782 1324/1996/1781 1326/1995/1780
f 912/1626/1470 914/1536/1391 913/1999/1784 911/1628/1473
f 1490/1929/1715 1433/2000/1785 1432/1531/1386
f 1487/2004/1789 1439/2003/1788 1474/2002/1787 1475/2001/1786
f 1176/2006/1791 1175/1985/1771 1185/1984/1770 1184/2005/1790
f 1508/2010/1795 1524/2009/1794 1509/2008/1793 1507/2007/1792
f 1545/2014/1799 1539/2013/1798 1548/2012/1797 1544/2011/1796
f 1307/2015/1800 1309/1415/1291 1318/1412/1288 1315/1700/1536
f 1413/1450/1322 1465/1994/1779 1414/1992/1716 1424/1449/1321
f 1539/2013/1798 1550/2017/1802 1549/2016/1801 1548/2012/1797
f 1288/2021/1806 1287/2020/1805 1298/2019/1804 1297/2018/1803
f 1454/2025/1810 1455/2024/1809 1438/2023/1808 1440/2022/1807
f 1282/2029/1814 1302/2028/1813 1283/2027/1812 1281/2026/1811
f 1354/2032/1816 1356/2031/1583 1355/1792/1602 1353/2030/1815
f 1499/2036/1819 1497/2035/1818 1579/2034/1817 1578/2033/1817
f 1267/2040/1823 1269/2039/1822 1268/2038/1821 1266/2037/1820
f 1165/2044/1826 1166/2043/1826 1162/2042/1825 1164/2041/1824
f 1577/2048/1830 1415/2047/1829 1411/2046/1828 1410/2045/1827
f 1259/2051/1832 1260/1932/1718 1269/2050/1831 1267/2049/1823
f 1099/1597/1441 1111/1598/1442 1105/1880/1669 1103/1785/1598
f 988/1720/1550 1000/1552/1401 999/1729/1833 995/1719/1549
f 1431/2054/1836 1429/2053/1835 1467/1897/1684 1468/2052/1834
f 1286/2055/1837 1287/2020/1805 1281/2026/1811 1283/2027/1812
f 1178/2059/1841 1177/2058/1840 1183/2057/1839 1180/2056/1838
f 1382/2063/1845 1383/2062/1844 1370/2061/1843 1371/2060/1842
f 1236/2065/1847 1235/2064/1846 1248/1670/1509 1247/1671/1510
f 1323/2067/1849 1334/1917/1703 1335/1918/1704 1336/2066/1848
f 1172/1937/1723 1171/1743/1568 1189/1740/1565 1188/1253/1157
f 1516/2068/1850 1517/1928/1714 1506/1925/1711 1507/2007/1792
f 1364/2072/1854 1366/2071/1853 1365/2070/1852 1363/2069/1851
f 1464/1559/1406 1463/1899/1686 1466/1896/1683 1465/1994/1779
f 1489/2076/1858 1488/2075/1857 1437/2074/1856 1436/2073/1855
f 1416/2078/1860 1417/2077/1859 1415/2047/1829 1577/2048/1830
f 1482/2082/1864 1483/2081/1863 1480/2080/1862 1481/2079/1861
f 1168/2084/1866 1169/1943/1729 1157/1942/1728 1159/2083/1865
f 1439/2086/1788 1487/2085/1867 1440/2022/1807 1438/2023/1808
f 1303/2089/1870 1279/2088/1869 1296/2087/1868 1297/2018/1803
f 1485/2093/1874 1486/2092/1873 1476/2091/1872 1477/2090/1871
f 1458/2095/1876 1459/1692/1530 1432/1845/1633 1434/2094/1875
f 1407/2097/1878 1372/2096/1877 1371/2060/1842 1370/2061/1843
f 1421/2098/1879 1422/1558/1405 1413/1450/1322 1412/1451/1323
f 838/1275/339 839/1273/339 844/1292/369 831/1293/369
f 1391/1793/1603 1392/2099/1880 1353/2030/1815 1355/1792/1602
f 980/1438/1310 982/1733/1562 981/1570/1414 979/1437/1309
f 933/1573/1417 940/1774/1591 934/1771/1588 932/1525/1380
f 1238/2103/1884 1237/2102/1883 1246/2101/1882 1245/2100/1881
f 1379/2107/1887 1380/2106/1886 1375/2105/1885 1377/2104/1885
f 1524/2009/1794 1511/1977/1763 1510/1914/1700 1509/2008/1793
f 1558/2110/1890 1559/2109/1889 1553/1964/1750 1554/2108/1888
f 1408/1988/1774 1407/2097/1878 1370/2061/1843 1369/1987/1773
f 1291/1682/1520 1292/2111/1891 1273/1527/1382 1275/1528/1383
f 1155/2112/1892 1153/1256/1160 1188/1253/1157 1189/1740/1565
f 1200/2115/1895 1201/1954/1740 1208/2114/1894 1570/2113/1893
f 1356/2031/1583 1358/2116/1896 1357/1791/1601 1355/1792/1602
f 1233/1623/1467 1234/1624/1468 1226/1270/1172 1227/1870/1660
f 1501/2120/1900 1492/2119/1899 1502/2118/1898 1500/2117/1897
f 1387/2122/1902 1388/1649/1490 1361/2121/1901 1363/2069/1851
f 1376/2126/1906 1374/2125/1905 1404/2124/1904 1405/2123/1903
f 1452/1946/1732 1451/1947/1733 1478/2127/1907 1477/2090/1871
f 1514/1915/1701 1513/1916/1702 1522/2129/1909 1521/2128/1908
f 1384/1991/1777 1383/2062/1844 1402/2131/1911 1401/2130/1910
f 1484/2134/1914 1445/2133/1913 1444/2132/1912 1443/1944/1730
f 1562/2138/1918 1540/2137/1917 1547/2136/1916 1561/2135/1915
f 1209/1973/1759 1212/2140/1920 1211/2139/1919 1210/1956/1742
f 1486/2092/1873 1487/2004/1789 1475/2001/1786 1476/2091/1872
f 1488/2144/1924 1489/2143/1923 1472/2142/1922 1473/2141/1921
f 1197/1502/1362 1158/2145/1925 1157/1942/1728 1156/1501/1361
f 1389/1650/1491 1390/1794/1604 1357/1791/1601 1359/2146/1926
f 1286/2055/1837 1285/2149/1929 1300/2148/1928 1299/2147/1927
f 1288/2021/1806 1289/1953/1739 1278/1951/1737 1280/2150/1930
f 1514/1915/1701 1515/2151/1931 1509/2008/1793 1510/1914/1700
f 1458/2095/1876 1457/2153/1933 1472/2142/1922 1471/2152/1932
f 1255/1967/1753 1256/1673/1512 1248/1670/1509 1249/1621/1465
f 1260/1932/1718 1262/1933/1719 1261/2154/1934 1269/2050/1831
f 1490/2155/1935 1431/2054/1836 1468/2052/1834 1469/1690/1528
f 919/1385/1262 916/1382/1259 913/1999/1784 914/1536/1391
f 1304/2157/1937 1279/2156/1936 1278/1951/1737 1277/1952/1738
f 1489/2143/1923 1435/2158/1938 1471/2152/1932 1472/2142/1922
f 1358/2116/1896 1360/2159/1939 1359/2146/1926 1357/1791/1601
f 1265/2162/1942 1266/2037/1820 1264/2161/1941 1263/2160/1940
f 1488/2075/1857 1439/2086/1788 1438/2023/1808 1437/2074/1856
f 1567/1965/1751 1566/2163/1943 1554/2108/1888 1553/1964/1750
f 1242/2165/1945 1243/1922/1708 1217/1923/1709 1215/2164/1944
f 1374/2168/1948 1376/2167/1947 1375/2105/1885 1373/2166/1946
f 1381/2169/1949 1382/2063/1845 1371/2060/1842 1373/2166/1946
f 1263/2160/1940 1264/2161/1941 1259/2051/1832 1572/2170/1950
f 1341/2174/1954 1352/2173/1953 1351/2172/1952 1348/2171/1951
f 1213/2177/1957 1215/2176/1956 1214/2175/1955 1212/2140/1920
f 1168/2084/1866 1167/2180/1960 1193/2179/1959 1192/2178/1958
f 1372/2183/1877 1407/2182/1962 1402/2131/1911 1403/2181/1961
f 1279/2156/1936 1303/2184/1963 1280/2150/1930 1278/1951/1737
f 1433/2000/1785 1435/2185/1964 1434/2094/1875 1432/1845/1633
f 1292/2111/1891 1291/1682/1520 1294/1679/1517 1293/2186/1965
f 1095/1478/1348 1113/1887/1966 1112/1347/1350 1101/1477/1348
f 914/1422/1295 922/1419/1294 918/1549/1967 921/1811/1296
f 1241/2188/1969 1240/2187/1968 1243/1922/1708 1242/2165/1945
f 1516/2068/1850 1515/2151/1931 1520/2190/1971 1519/2189/1970
f 1167/2180/1960 1166/2043/1826 1194/2191/1972 1193/2179/1959
f 1463/1899/1686 1464/1559/1406 1425/1556/1403 1426/1971/1757
f 1383/2062/1844 1382/2063/1845 1403/2181/1961 1402/2131/1911
f 1415/2047/1829 1421/2098/1879 1412/1451/1323 1411/2046/1828
f 1158/2145/1925 1160/2192/1973 1159/2083/1865 1157/1942/1728
f 1347/2195/1976 1348/2171/1951 1349/2194/1975 1345/2193/1974
f 1536/2197/1978 1545/2014/1799 1544/2011/1796 1543/2196/1977
f 1529/2201/1981 1581/2200/1980 1582/2199/1979 1527/2198/1979
f 1427/2202/1982 1429/1747/1572 1428/1745/1570 1426/1971/1757
f 1217/2206/1986 1257/2205/1985 1218/2204/1984 1216/2203/1983
f 1257/2205/1985 1220/2208/1988 1219/2207/1987 1218/2204/1984
f 1224/1365/1250 1256/1272/1174 1225/1269/1171 1223/1364/1249
f 1342/2212/1992 1343/2211/1991 1352/2210/1990 1341/2209/1989
f 1331/1959/1745 1330/1960/1746 1336/2066/1848 1335/1918/1704
f 1235/2064/1846 1234/1624/1468 1249/1621/1465 1248/1670/1509
f 1199/2214/1994 1198/2213/1993 1151/1317/1207 1150/1318/1208
f 1305/2216/1996 1307/2015/1800 1315/1700/1536 1313/2215/1995
f 1239/2217/1997 1238/2103/1884 1245/2100/1881 1244/1921/1707
f 1195/2220/1999 1163/2219/1998 1194/2191/1972 1182/2218/1972
f 1147/2222/2001 1145/2221/2000 1183/2057/1839 1184/2005/1790
f 1435/2185/1964 1489/2076/1858 1436/2073/1855 1434/2094/1875
f 1500/2117/1897 1502/2118/1898 1503/2224/2003 1498/2223/2002
f 1579/2228/2007 1491/2227/2006 1501/2226/2005 1578/2225/2004
f 1453/2230/2009 1454/2025/1810 1440/2022/1807 1441/2229/2008
f 1163/2232/2010 1195/2231/1999 1164/2041/1824 1162/2042/1825
f 1348/2171/1951 1351/2172/1952 1350/2233/2011 1349/2194/1975
f 1526/2237/2014 1528/2236/2014 1580/2235/2013 1530/2234/2012
f 1461/1533/1388 1460/1534/1389 1469/1690/1528 1468/2052/1834
f 1362/2238/2015 1364/2072/1854 1363/2069/1851 1361/2121/1901
f 934/1771/1588 937/1814/1615 938/1726/1556 932/1525/1380
f 1282/2239/2016 1303/2089/1870 1297/2018/1803 1298/2019/1804
f 1231/2243/2020 1232/2242/2019 1228/2241/2018 1229/2240/2017
f 1380/2106/1886 1379/2107/1887 1406/2244/2021 1405/2123/1903
f 1292/2111/1891 1271/1934/1720 1272/2245/2022 1273/1527/1382
f 1455/2024/1809 1456/2246/2023 1437/2074/1856 1438/2023/1808
f 1199/1343/1230 1149/2247/2024 1185/1984/1770 1186/1342/1229
f 1461/1533/1388 1462/1898/1685 1428/1745/1570 1430/1532/1387
f 873/1410/1286 874/1406/1286 875/1409/1285
f 1236/2065/1847 1237/2102/1883 1221/1363/1248 1223/1364/1249
f 1027/1781/1594 1034/1796/1606 1033/1295/1187 1026/1467/1339
f 1196/2249/2026 1163/2232/2010 1162/2042/1825 1161/2248/2025
f 1232/2242/2019 1233/1623/1467 1227/1870/1660 1228/2241/2018
f 1182/2218/1972 1194/2191/1972 1166/2043/1826 1165/2044/1826
f 1197/2250/2027 1155/2112/1892 1189/1740/1565 1190/1741/1566
f 1327/2254/2031 1325/2253/2030 1337/2252/2029 1338/2251/2028
f 1515/2151/1931 1516/2068/1850 1507/2007/1792 1509/2008/1793
f 1346/2256/2032 1347/2195/1976 1345/2193/1974 1344/2255/1974
f 1560/2259/2035 1559/2109/1889 1564/2258/2034 1563/2257/2033
f 828/1247/1151 834/1268/1170 833/1863/1653 832/1252/1156
f 1517/1928/1714 1516/2068/1850 1519/2189/1970 1518/2260/2036
f 1149/2247/2024 1147/2222/2001 1184/2005/1790 1185/1984/1770
f 1494/2262/2038 1496/2261/2037 1506/1925/1711 1505/1926/1712
f 1390/1794/1604 1389/1650/1491 1396/1646/1486 1395/1758/1581
f 1345/2193/1974 1349/2194/1975 1342/2212/1992 1340/1940/1726
f 1235/2064/1846 1236/2065/1847 1223/1364/1249 1225/1269/1171
f 1325/2253/2030 1323/2067/1849 1336/2066/1848 1337/2252/2029
f 1578/2264/2005 1501/2120/1900 1500/2117/1897 1499/2263/2039
f 1241/2188/1969 1211/2139/1919 1212/2140/1920 1214/2175/1955
f 1163/2219/1998 1196/2265/2040 1193/2179/1959 1194/2191/1972
f 1556/2269/2041 1583/2268/2041 1557/2267/2041 1555/2266/2041
f 1149/2271/2043 1199/2214/1994 1150/1318/1208 1148/2270/2042
f 1451/1947/1733 1450/2273/2045 1479/2272/2044 1478/2127/1907
f 1330/1960/1746 1329/1997/1782 1337/2252/2029 1336/2066/1848
f 1502/2118/1898 1505/1926/1712 1504/1927/1713 1503/2224/2003
f 1287/2020/1805 1286/2055/1837 1299/2147/1927 1298/2019/1804
f 1178/2059/1841 1179/2276/2048 1143/2275/2047 1142/2274/2046
f 1254/1871/1661 1253/2277/2049 1228/2241/2018 1227/1870/1660
f 1026/2281/2053 1546/2280/2052 1538/2279/2051 1537/2278/2050
f 1465/1994/1779 1413/1450/1322 1422/1558/1405 1464/1559/1406
f 1201/1954/1740 1203/1955/1741 1202/2282/2054 1208/2114/1894
f 1312/2283/2055 1316/1698/1534 1308/1878/1667 1306/1962/1748
f 1572/2170/1950 1259/2051/1832 1267/2049/1823 1258/2284/2056
f 1388/1649/1490 1389/1650/1491 1359/2146/1926 1361/2121/1901
f 1364/2286/2058 1362/1648/1488 1397/1645/1485 1398/2285/2057
f 1145/2290/2062 1147/2289/2061 1146/2288/2060 1144/2287/2059
f 986/1233/1138 987/1693/1531 981/1570/1414 983/1232/1137
f 1503/2224/2003 1504/1927/1713 1495/2292/2064 1493/2291/2063
f 1323/1970/1756 1325/2293/2065 1324/1996/1781 1322/1958/1744
f 1454/2025/1810 1453/2230/2009 1476/2091/1872 1475/2001/1786
f 1560/2259/2035 1561/2135/1915 1549/2016/1801 1551/1963/1749
f 1550/2017/1802 1552/1966/1752 1551/1963/1749 1549/2016/1801
f 1240/2187/1968 1239/2217/1997 1244/1921/1707 1243/1922/1708
f 1414/1930/1716 1427/2202/1982 1426/1971/1757 1425/1556/1403
f 1279/2088/1869 1304/1969/1755 1295/1680/1518 1296/2087/1868
f 1450/2273/2045 1449/2294/2066 1480/2080/1862 1479/2272/2044
f 1378/2295/2067 1376/2126/1906 1405/2123/1903 1406/2244/2021
f 1420/2297/2069 1424/1931/1717 1423/1557/1404 1419/2296/2068
f 1561/2135/1915 1547/2136/1916 1548/2012/1797 1549/2016/1801
f 1215/2176/1956 1217/2206/1986 1216/2203/1983 1214/2175/1955
f 1411/2046/1828 1412/1451/1323 1420/1448/1320 1418/2298/2070
f 1537/2278/2050 1538/2279/2051 1545/2300/2072 1536/2299/2071
f 1142/2274/2046 1143/2275/2047 1569/2302/2074 1181/2301/2073
f 1530/2234/2012 1580/2235/2013 1581/2200/1980 1529/2201/1981
f 1316/1698/1534 1317/1699/1535 1310/1577/1421 1308/1878/1667
f 1492/2119/1899 1494/2262/2038 1505/1926/1712 1502/2118/1898
f 1429/2053/1835 1427/1993/1778 1466/1896/1683 1467/1897/1684
f 961/1493/1580 953/1334/1222 952/1335/1223 951/1492/1480
f 1269/2039/1822 1261/2303/2075 1272/2245/2022 1268/2038/1821
f 1487/2085/1867 1486/2304/2076 1441/2229/2008 1440/2022/1807
f 1302/2305/2077 1282/2239/2016 1298/2019/1804 1299/2147/1927
f 1544/2011/1796 1548/2012/1797 1547/2136/1916 1546/2280/2052
f 1293/2186/1965 1262/1933/1719 1271/1934/1720 1292/2111/1891
f 1276/1529/1384 1304/2157/1937 1277/1952/1738 1275/1528/1383
f 1174/1319/1209 1173/1320/1210 1187/1254/1158 1186/1342/1229
f 1360/1647/1487 1358/1761/1584 1395/1758/1581 1396/1646/1486
f 1456/2246/2023 1457/2153/1933 1436/2073/1855 1437/2074/1856
f 1486/2304/2076 1485/2306/2078 1442/1945/1731 1441/2229/2008
f 1386/2307/2079 1387/2122/1902 1363/2069/1851 1365/2070/1852
f 1180/2056/1838 1183/2057/1839 1145/2221/2000 1181/2308/2080
f 1417/2077/1859 1419/2296/2068 1421/2098/1879 1415/2047/1829
f 1268/2038/1821 1272/2245/2022 1271/1934/1720 1270/1935/1721
f 1173/1320/1210 1172/1937/1723 1188/1253/1157 1187/1254/1158
f 1385/1990/1776 1386/2307/2079 1365/2070/1852 1367/1986/1772
f 1376/2167/1947 1378/2309/2081 1377/2104/1885 1375/2105/1885
f 1380/2106/1886 1381/2169/1949 1373/2166/1946 1375/2105/1885
f 1483/2313/2084 1482/2312/2083 1447/2311/2082 1446/2310/2082
f 1220/2208/1988 1222/1366/1251 1221/1363/1248 1219/2207/1987
f 1160/2192/1973 1196/2249/2026 1161/2248/2025 1159/2083/1865
f 1499/2263/2039 1500/2117/1897 1498/2223/2002 1497/2314/2085
f 1158/2316/2087 1197/2250/2027 1190/1741/1566 1191/2315/2086
f 1210/1956/1742 1211/2139/1919 1204/2317/2088 1203/1955/1741
f 1386/2307/2079 1385/1990/1776 1400/1980/1766 1399/1981/1767
f 1450/2273/2045 1451/1947/1733 1443/1944/1730 1444/2132/1912
f 1053/1739/465 1050/1595/465 1072/1596/465 1071/1738/465
f 1332/1795/1605 1317/1699/1535 1318/1412/1288 1319/1413/1289
f 1093/1309/1200 1116/2318/2089 1115/1458/1330 1092/1308/1199
f 1566/2163/1943 1556/2320/2091 1555/2319/2090 1554/2108/1888
f 1177/2058/1840 1178/2059/1841 1142/2274/2046 1144/2287/2059
f 1222/2322/1251 1220/2321/2092 1245/2100/1881 1246/2101/1882
f 1498/2223/2002 1503/2224/2003 1493/2291/2063 1491/2227/2006
f 1289/1953/1739 1288/2021/1806 1297/2018/1803 1296/2087/1868
f 1542/2324/2094 1543/2196/1977 1026/2281/2053 1541/2323/2093
f 1262/1933/1719 1293/2186/1965 1274/2325/2095 1261/2154/1934
f 1459/1692/1530 1458/2095/1876 1471/2152/1932 1470/1691/1529
f 1527/2198/1979 1525/2327/2097 1533/2326/2096 1529/2201/1981
f 1566/2330/2100 1567/2329/2099 1564/2258/2034 1565/2328/2098
f 1203/1955/1741 1204/2317/2088 1213/2331/2101 1202/2282/2054
f 1171/1743/1568 1172/1937/1723 1152/1936/1722 1154/1500/1360
f 1484/2332/2102 1485/2093/1874 1477/2090/1871 1478/2127/1907
f 1314/2334/2104 1305/2216/1996 1313/2215/1995 1573/2333/2103
f 1169/1943/1729 1168/2084/1866 1192/2178/1958 1191/2315/2086
f 1041/1706/1541 1042/1703/1539 1045/1694/2105 1035/2335/1540
f 1220/2321/2092 1257/1924/1710 1244/1921/1707 1245/2100/1881
f 1457/2153/1933 1458/2095/1876 1434/2094/1875 1436/2073/1855
f 1518/2260/2036 1495/2292/2064 1504/1927/1713 1517/1928/1714
f 1202/1974/1760 1213/2177/1957 1212/2140/1920 1209/1973/1759
f 1571/2337/2107 1207/1972/1758 1206/1957/1743 1205/2336/2106
f 1196/2265/2040 1160/2338/2108 1192/2178/1958 1193/2179/1959
f 1346/2342/2109 1344/2341/2111 1576/2340/2110 1575/2339/2109
f 1366/2071/1853 1368/1989/1775 1367/1986/1772 1365/2070/1852
f 1491/2227/2006 1493/2291/2063 1492/2343/1899 1501/2226/2005
f 1383/2062/1844 1384/1991/1777 1369/1987/1773 1370/2061/1843
f 1445/2344/2112 1484/2332/2102 1478/2127/1907 1479/2272/2044
f 1366/1982/1768 1364/2286/2058 1398/2285/2057 1399/1981/1767
f 1449/2294/2066 1448/2345/2066 1481/2079/1861 1480/2080/1862
f 1232/2242/2019 1231/2243/2020 1252/1978/1764 1251/1948/1734
f 1449/2294/2066 1450/2273/2045 1444/2132/1912 1446/2310/2082
f 1485/2306/2078 1484/2134/1914 1443/1944/1730 1442/1945/1731
f 1331/1959/1745 1332/1795/1605 1319/1413/1289 1321/1919/1705
f 1293/2186/1965 1294/1679/1517 1276/1968/1754 1274/2325/2095
f 1409/2347/2070 1418/2346/2113 1417/2077/1859 1416/2078/1860
f 1571/2351/2117 1205/2350/2116 1200/2349/2115 1570/2348/2114
f 1240/2187/1968 1241/2188/1969 1214/2175/1955 1216/2203/1983
f 1532/2353/2119 1526/2237/2014 1530/2234/2012 1531/2352/2118
f 1224/1672/1511 1222/2322/1251 1246/2101/1882 1247/1671/1510
f 1174/1319/1209 1175/1985/1771 1148/2270/2042 1150/1318/1208
f 973/1674/339 974/1662/339 963/1665/339 972/1764/339
f 868/1361/1246 864/1375/1247 849/1376/1638 852/1360/1245
f 1391/1793/1603 1390/1794/1604 1395/1758/1581 1394/1759/1582
f 1016/1583/1425 1017/2354/2120 1022/1751/1575 1008/1582/1424
f 1360/2159/1939 1362/2238/2015 1361/2121/1901 1359/2146/1926
f 1559/2109/1889 1558/2110/1890 1565/2328/2098 1564/2258/2034
f 1496/2261/2037 1508/2010/1795 1507/2007/1792 1506/1925/1711
f 1170/1742/1567 1169/1943/1729 1191/2315/2086 1190/1741/1566
f 1556/2356/2122 1566/2330/2100 1565/2328/2098 1583/2355/2121
f 1439/2003/1788 1488/2144/1924 1473/2141/1921 1474/2002/1787
f 1013/1282/1177 1006/1675/1513 1019/1676/1514 1005/1281/1176
f 1290/1681/1519 1289/1953/1739 1296/2087/1868 1295/1680/1518
f 1561/2135/1915 1560/2259/2035 1563/2257/2033 1562/2138/1918
f 1433/2357/2123 1490/2155/1935 1469/1690/1528 1470/1691/1529
f 1238/2103/1884 1239/2217/1997 1218/2204/1984 1219/2207/1987
f 1558/2110/1890 1557/2358/2124 1583/2355/2121 1565/2328/2098
f 1408/2359/2125 1368/1983/1769 1400/1980/1766 1401/2130/1910
f 1497/2314/2085 1498/2223/2002 1491/2227/2006 1579/2228/2007
f 1456/2246/2023 1455/2024/1809 1474/2002/1787 1473/2141/1921
f 1573/2333/2103 1313/2215/1995 1312/2283/2055 1311/2360/2126
f 1207/1972/1758 1209/1973/1759 1210/1956/1742 1206/1957/1743
f 1372/2096/1877 1374/2168/1948 1373/2166/1946 1371/2060/1842
f 1540/2137/1917 1562/2138/1918 1550/2362/2127 1539/2361/1798
f 1445/2133/1913 1483/2313/2084 1446/2310/2082 1444/2132/1912
f 1524/2364/1794 1508/2363/2128 1519/2189/1970 1520/2190/1971
f 1448/2345/2066 1449/2294/2066 1446/2310/2082 1447/2311/2082
f 1340/1940/1726 1342/2212/1992 1341/2209/1989 1339/1939/1725
f 1538/2279/2051 1540/2137/1917 1539/2361/1798 1545/2300/2072
f 1170/1742/1567 1171/1743/1568 1154/1500/1360 1156/1501/1361
f 1166/2043/1826 1167/2180/1960 1161/2248/2025 1162/2042/1825
f 1374/2125/1905 1372/2183/1877 1403/2181/1961 1404/2124/1904
f 1574/2366/2129 1306/1962/1748 1305/1961/1747 1314/2365/1747
f 1258/2367/2130 1267/2040/1823 1266/2037/1820 1265/2162/1942
f 1130/1895/1682 1121/1390/1266 1120/1391/1267 1117/1689/1527
f 1237/2102/1883 1238/2103/1884 1219/2207/1987 1221/1363/1248
f 1382/2063/1845 1381/2169/1949 1404/2124/1904 1403/2181/1961
f 965/1669/1508 969/1659/1503 973/1660/1504 972/1668/1507
f 1147/2289/2061 1149/2271/2043 1148/2270/2042 1146/2288/2060
f 1237/2102/1883 1236/2065/1847 1247/1671/1510 1246/2101/1882
f 965/1669/1508 966/1683/1521 971/1855/1648 964/1606/1448
f 1180/2056/1838 1568/2368/2131 1179/2276/2048 1178/2059/1841
f 1453/2230/2009 1452/1946/1732 1477/2090/1871 1476/2091/1872
f 1393/2369/2132 1343/2211/1991 1350/2233/2011 1392/2099/1880
f 1285/2149/1929 1286/2055/1837 1283/2027/1812 1284/2370/2133
f 1242/2165/1945 1204/2317/2088 1211/2139/1919 1241/2188/1969
f 1457/2153/1933 1456/2246/2023 1473/2141/1921 1472/2142/1922
f 1518/2260/2036 1519/2189/1970 1508/2363/2128 1496/2371/2134
f 1527/2198/1979 1582/2199/1979 1528/2373/2136 1526/2372/2135
f 1435/2158/1938 1433/2357/2123 1470/1691/1529 1471/2152/1932
f 1160/2338/2108 1158/2316/2087 1191/2315/2086 1192/2178/1958
f 1410/2045/1827 1411/2046/1828 1418/2298/2070 1409/2374/2137
f 1388/1649/1490 1387/2122/1902 1398/2285/2057 1397/1645/1485
f 1302/2028/1813 1301/2375/2138 1284/2370/2133 1283/2027/1812
f 1462/1898/1685 1461/1533/1388 1468/2052/1834 1467/1897/1684
f 1303/2184/1963 1282/2029/1814 1281/2026/1811 1280/2150/1930
f 1515/2151/1931 1514/1915/1701 1521/2128/1908 1520/2190/1971
f 1205/2336/2106 1206/1957/1743 1201/1954/1740 1200/2115/1895
f 1562/2138/1918 1563/2257/2033 1552/2376/2139 1550/2362/2127
f 1325/2293/2065 1327/2377/2140 1326/1995/1780 1324/1996/1781
f 1573/2381/2141 1311/2380/2141 1574/2379/2141 1314/2378/2141
f 1575/2383/2143 1339/2382/2142 1347/2195/1976 1346/2256/2032
f 1329/1997/1782 1330/1960/1746 1322/1958/1744 1324/1996/1781
f 1392/2099/1880 1391/1793/1603 1394/1759/1582 1393/2369/2132
f 1419/2296/2068 1423/1557/1404 1422/1558/1405 1421/2098/1879
f 1567/2329/2099 1552/2376/2139 1563/2257/2033 1564/2258/2034
f 1239/2217/1997 1240/2187/1968 1216/2203/1983 1218/2204/1984
f 1153/2384/1160 1155/1503/1363 1154/1500/1360 1152/1936/1722
f 1525/2327/2097 1527/2198/1979 1526/2372/2135 1532/2385/2144
f 1233/1623/1467 1232/2242/2019 1251/1948/1734 1250/1622/1466
f 1407/2182/1962 1408/2359/2125 1401/2130/1910 1402/2131/1911
f 1523/2387/2146 1511/2386/2145 1521/2128/1908 1522/2129/1909
f 1455/2024/1809 1454/2025/1810 1475/2001/1786 1474/2002/1787
f 1493/2291/2063 1495/2292/2064 1494/2388/2147 1492/2343/1899
f 1313/2215/1995 1315/1700/1536 1316/1698/1534 1312/2283/2055
f 1311/2360/2126 1312/2283/2055 1306/1962/1748 1574/2366/2129
f 1329/1997/1782 1328/1998/1783 1338/2251/2028 1337/2252/2029
f 1301/2389/2077 1302/2305/2077 1299/2147/1927 1300/2148/1928
f 1495/2292/2064 1518/2260/2036 1496/2371/2134 1494/2388/2147
f 1349/2194/1975 1350/2233/2011 1343/2211/1991 1342/2212/1992
f 1559/2109/1889 1560/2259/2035 1551/1963/1749 1553/1964/1750
f 1483/2081/1863 1445/2344/2112 1479/2272/2044 1480/2080/1862
f 1339/2382/2142 1341/2174/1954 1348/2171/1951 1347/2195/1976
f 1393/2369/2132 1394/1759/1582 1356/1760/1583 1354/2390/2148
f 1528/2394/2152 1582/2393/2151 1581/2392/2150 1580/2391/2149
f 1534/2395/2153 1536/2197/1978 1543/2196/1977 1542/2324/2094
f 1543/2196/1977 1544/2011/1796 1546/2280/2052 1026/2281/2053
f 1264/2161/1941 1270/1935/1721 1260/1932/1718 1259/2051/1832
f 1265/2399/2155 1263/2398/2154 1572/2397/2154 1258/2396/2154
f 1352/2173/1953 1354/2032/1816 1353/2030/1815 1351/2172/1952
f 1177/2058/1840 1176/2006/1791 1184/2005/1790 1183/2057/1839
f 1198/2213/1993 1153/2384/1160 1152/1936/1722 1151/1317/1207
f 1546/2280/2052 1547/2136/1916 1540/2137/1917 1538/2279/2051
f 1261/2303/2075 1274/1530/1385 1273/1527/1382 1272/2245/2022
f 1266/2037/1820 1268/2038/1821 1270/1935/1721 1264/2161/1941
f 1290/1681/1519 1291/1682/1520 1275/1528/1383 1277/1952/1738
f 1568/2403/2156 1569/2402/2156 1143/2401/2156 1179/2400/2156
f 1385/1990/1776 1384/1991/1777 1401/2130/1910 1400/1980/1766
f 1535/2405/2050 1537/2278/2050 1536/2299/2071 1534/2404/2157
f 1253/2277/2049 1230/2406/2158 1229/2240/2017 1228/2241/2018
f 1557/2358/2124 1558/2110/1890 1554/2108/1888 1555/2319/2090
f 1416/2410/2161 1577/2409/2161 1410/2408/2160 1409/2407/2159
f 1387/2122/1902 1386/2307/2079 1399/1981/1767 1398/2285/2057
f 1167/2180/1960 1168/2084/1866 1159/2083/1865 1161/2248/2025
f 893/2411/2162 888/1454/1326 887/1452/1324 886/1735/1564
f 1234/1624/1468 1235/2064/1846 1225/1269/1171 1226/1270/1172
f 1181/2301/2073 1145/2290/2062 1144/2287/2059 1142/2274/2046
f 1204/2317/2088 1242/2165/1945 1215/2164/1944 1213/2331/2101
f 1287/2020/1805 1288/2021/1806 1280/2150/1930 1281/2026/1811
f 1529/2201/1981 1533/2326/2096 1531/2352/2118 1530/2234/2012
f 1181/2308/2080 1569/2412/2163 1568/2368/2131 1180/2056/1838
f 1392/2099/1880 1350/2233/2011 1351/2172/1952 1353/2030/1815
f 1541/2323/2093 1026/2281/2053 1537/2278/2050 1535/2405/2050
f 1343/2211/1991 1393/2369/2132 1354/2390/2148 1352/2210/1990
f 1452/1946/1732 1453/2230/2009 1441/2229/2008 1442/1945/1731
f 1570/2413/2164 1208/1975/1761 1207/1972/1758 1571/2337/2107
f 1511/2386/2145 1524/2364/1794 1520/2190/1971 1521/2128/1908
f 1344/2255/1974 1345/2193/1974 1340/1940/1726 1576/1941/1727
f 1332/1795/1605 1331/1959/1745 1335/1918/1704 1333/1576/1420
f 1175/1985/1771 1176/2006/1791 1146/2288/2060 1148/2270/2042
f 1418/2346/2113 1420/2297/2069 1419/2296/2068 1417/2077/1859
f 1176/2006/1791 1177/2058/1840 1144/2287/2059 1146/2288/2060
f 1381/2169/1949 1380/2106/1886 1405/2123/1903 1404/2124/1904

v 2.49241948127747 0.00016288351617 -0.5139337182045
v 2.24816060066223 -0.00006135056901 -0.41370624303818
v 2.56336688995361 0.00002453468551 0.00563085265458
v 2.30524301528931 -0.00006640954962 0.11142434179783
v 2.29338455200195 -0.00001821605474 0.10942028462887
v 2.10952115058899 0.12837184965611 -0.41381993889809
v 2.60848641395569 0.2616471350193 -0.23378284275532
v 2.47210025787354 0.09194415807724 -0.58311915397644
v 2.09670090675354 0.11241210252047 -0.4466560781002
v 2.44462537765503 -0.00009505027992 0.0543634146452
v 2.23324227333069 0.2814134657383 -0.09679087251425
v 2.38702607154846 -0.00009771264013 0.07795593142509
v 2.52324628829956 -0.00007934802852 -0.42932251095772
v 2.55300688743591 -0.00009348366439 -0.34767058491707
v 2.57196664810181 -0.00002372975905 -0.29566338658333
v 2.63139772415161 0.15815751254559 -0.15577153861523
v 2.12160229682922 -0.00006710165326 -0.36186835169792
v 2.75864267349243 0.70635998249054 -0.44235607981682
v 2.61801052093506 0.68918937444687 -0.27829024195671
v 3.07275176048279 1.30710446834564 -0.1968659311533
v 2.92173194885254 1.03315877914429 -0.01796231977642
v 3.18202495574951 0.00000860812179 -0.32172021269798
v 2.92164850234985 -0.00002257078995 -0.01799387484789
v 2.75004315376282 0.6510546207428 -0.1651017665863
v 2.61797785758972 0.00001369673191 -0.27826845645905
v 2.87833166122437 -0.00000151676147 -0.58204972743988
v 3.18201422691345 1.33544516563416 -0.32165941596031
v 2.927729845047 1.1815150976181 -0.53961741924286
v 3.05377626419067 1.24616074562073 -0.17203940451145
v 2.87830424308777 1.09060847759247 -0.58200573921204
v 3.33140516281128 0.05606622248888 -0.10607603192329
v 3.38054585456848 -0.00659035984427 0.11116398125887
v 3.37663197517395 -0.01251211948693 0.11621767282486
v 3.29449605941772 0.04211159050465 -0.14376001060009
v 3.24611854553223 0.0413917042315 -0.10463492572308
v 3.3680591583252 -0.01265058107674 0.12325572967529
v 3.21619367599487 0.04099906980991 -0.07830373197794
v 3.21334624290466 -0.0125520657748 0.24822777509689
v 2.927410364151 0.03785039111972 0.17779164016247
v 3.03535223007202 0.09016823768616 0.35859084129334
v 3.44940567016602 0.10012499988079 0.0206403657794
v 3.26824569702148 -0.01265906915069 0.20392651855946
v 1.0634605884552 -0.00009308804874 -0.05640541017056
v 0.7896523475647 -0.00004686788452 -0.48226878046989
v 1.10598289966583 0.0006060062442 -0.7303848862648
v 0.76147723197937 -0.00000054849011 -0.52605295181274
v 0.93145060539246 0.30496230721474 -0.2818595468998
v 1.07798659801483 0.02602145448327 -0.03553019091487
v 1.40766441822052 -0.00008065517613 -0.26124867796898
v 1.41429853439331 0.01179611403495 -0.25167495012283
v 1.26765668392181 0.29073840379715 -0.49806547164917
v 1.47190856933594 0.37295427918434 -0.01057125255466
v 1.66892683506012 0.32124257087708 0.08612394332886
v 1.45050001144409 -0.00009791027696 -0.19331932067871
v 1.35892152786255 -0.00003647358608 -0.20877231657505
v 1.01200091838837 -0.00003344486686 0.16839754581451
v 0.99824291467667 0.0000014535774 0.02364958636463
v 0.95997720956802 0.15979972481728 0.16436755657196
v 0.96457988023758 0.14947022497654 0.17781901359558
v 1.00703501701355 0.05494089052081 0.30102044343948
v 1.13854956626892 0.06182981282473 0.314811617136
v 1.64350759983063 0.00592850754037 0.16977977752686
v 1.20345389842987 0.06518801301718 0.32156100869179
v 1.4504086971283 0.07853431254625 0.34689426422119
v 1.67187285423279 0.17073437571526 0.27122950553894
v 1.70972943305969 0.24586950242519 0.1854549497366
v 1.72439205646515 0.27530527114868 0.15180180966854
v 1.64755439758301 0.3387545645237 0.06097162142396
v 1.42694461345673 0.02827654220164 -0.23202084004879
v 1.52055191993713 0.29400596022606 -0.09929620474577
v 1.43989861011505 -0.00008696735313 -0.19508346915245
v 1.4607926607132 0.00033245157101 -0.19200806319714
v 1.70946800708771 0.00176025449764 0.12427468597889
v 1.6842029094696 0.11680118739605 0.22409653663635
v 1.68608450889587 -0.00009189037519 0.1379990875721
v 1.65977168083191 -0.0001260961144 0.15490137040615
v 1.53527367115021 0.04621588438749 0.26874789595604
v 2.05875015258789 0.14783746004105 -0.58627164363861
v 2.1317720413208 0.07488001137972 -0.50382959842682
v 2.19785070419312 0.00844999961555 -0.42922294139862
v 2.20036911964417 -0.00009751447942 -0.42634293437004
v 1.91688740253448 -0.00013901547936 -0.5655477643013
v 1.97392070293427 -0.00012000134302 -0.53673785924912
v 1.98029398918152 -0.00011650956731 -0.67492711544037
v 1.8694760799408 0.48308837413788 0.19912241399288
v 1.93747627735138 0.50295394659042 0.58850544691086
v 1.81714344024658 -0.00004920969877 0.61305457353592
v 1.75323796272278 0.00012479657016 0.21819514036179
v 2.22354769706726 -0.00008387850539 0.54718321561813
v 2.23072338104248 0.029674930498 0.54598093032837
v 2.16213417053223 0.01052841357887 0.15189179778099
v 2.15961670875549 -0.00009037535347 0.15228000283241
v 2.13378071784973 0.05642377212644 0.15647049248219
v 2.6066427230835 0.16143205761909 -1.92349553108215
v 2.58427977561951 0.16241881251335 -1.91702997684479
v 2.06416153907776 0.08263380080462 -1.76663064956665
v 2.38405299186707 0.3271487057209 -1.44278502464294
v 2.00503134727478 -0.00012966842041 -1.73948276042938
v 2.13804531097412 -0.00007139791705 -1.37157356739044
v 2.54174661636353 0.3998863697052 -1.78331971168518
v 2.41601324081421 0.39988911151886 -1.52257251739502
v 2.42579698562622 0.38248014450073 -1.45483684539795
v 2.434490442276 0.39988586306572 -1.47164940834045
v 2.43419313430786 0.39341750741005 -1.45728170871735
v 2.71382403373718 0.27819433808327 -1.53815793991089
v 2.55726504325867 0.39992296695709 -1.74878549575806
v 2.58066344261169 -0.0001544458064 -1.91600549221039
v 2.13880848884583 0.18139135837555 -1.78821969032288
v 2.58876419067383 0.04994958266616 -1.91833734512329
v 2.82642006874084 0.04451509192586 -1.57066607475281
v 2.65882921218872 0.30093276500702 -1.52222955226898
v 2.59494423866272 0.39989614486694 -1.66147911548614
v 2.51078939437866 0.39989683032036 -1.56149864196777
v 2.58069133758545 0.39991638064384 -1.69461619853973
v 2.42691278457642 0.39990755915642 -1.75304687023163
v 2.34149217605591 0.39988997578621 -1.73024082183838
v 2.73808240890503 -0.00012249016436 -1.73301613330841
v 2.84787702560425 -0.00011292458657 -1.57690060138702
v 2.8227972984314 -0.00005432211401 -1.63446652889252
v 2.90644216537476 1.81071817874908 -0.31244489550591
v 2.91707897186279 1.73672616481781 -0.31146129965782
v 2.90376019477844 1.73738515377045 -0.30676960945129
v 2.91575479507446 1.66377258300781 -0.30831572413445
v 2.89903783798218 1.73672497272491 -0.32008829712868
v 2.91235661506653 1.73606598377228 -0.32478001713753
v 2.91103863716125 1.66338062286377 -0.3216567337513
v 2.9104905128479 1.59055531024933 -0.32007420063019
v 2.91020131111145 1.51764714717865 -0.31914767622948
v 2.9099850654602 1.44477009773254 -0.3184839785099
v 2.9095287322998 1.37195765972137 -0.31756982207298
v 2.91430282592773 1.37212133407593 -0.30426630377769
v 2.90880393981934 1.29930651187897 -0.31626856327057
v 2.91359066963196 1.299560546875 -0.30294325947762
v 2.90781998634338 1.22677302360535 -0.31454721093178
v 2.90673351287842 1.15434014797211 -0.31266221404076
v 2.90580701828003 1.08202457427979 -0.31104499101639
v 2.90545272827148 1.00955760478973 -0.31036099791527
v 2.89211821556091 1.00954604148865 -0.30561345815659
v 2.89248847961426 1.08223736286163 -0.306286662817
v 2.89341831207275 1.1546870470047 -0.30791509151459
v 2.89450454711914 1.22711992263794 -0.30980008840561
v 2.89549827575684 1.29960954189301 -0.31148841977119
v 2.89621043205261 1.37217044830322 -0.31281152367592
v 2.89665389060974 1.4448926448822 -0.31374755501747
v 2.89684748649597 1.51772344112396 -0.31446620821953
v 2.89715933799744 1.59067785739899 -0.31533777713776
v 2.89772319793701 1.66372740268707 -0.3169097006321
v 2.9024395942688 1.66411948204041 -0.30356860160828
v 2.91519093513489 1.59072291851044 -0.30674383044243
v 2.90188217163086 1.59089195728302 -0.30195254087448
v 2.90163111686707 1.51784336566925 -0.30112969875336
v 2.90143752098084 1.44501256942749 -0.3004110455513
v 2.90098428726196 1.37233424186707 -0.2995080947876
v 2.90026259422302 1.2998172044754 -0.2982180416584
v 2.89929127693176 1.22737395763397 -0.29647475481033
v 2.89820504188538 1.15494108200073 -0.29458975791931
v 2.89726257324219 1.08240103721619 -0.29298317432404
v 2.89681553840637 1.0095796585083 -0.29227194190025
v 2.91014981269836 1.0095911026001 -0.29701948165894
v 2.91058087348938 1.08218824863434 -0.29774150252342
v 2.91151070594788 1.15463805198669 -0.29936990141869
v 2.91260671615601 1.22702705860138 -0.30122181773186
v 2.9147686958313 1.44488990306854 -0.30514737963676
v 2.91495275497437 1.51776456832886 -0.30589917302132
v 2.88060641288757 1.43207430839539 -0.48287096619606
v 2.87232637405396 1.34292638301849 -0.4771511554718
v 2.88597226142883 1.34399819374084 -0.47362160682678
v 2.87651371955872 1.25686824321747 -0.47005313634872
v 2.89015340805054 1.25767183303833 -0.46650126576424
v 2.87949728965759 1.17261254787445 -0.46491435170174
v 2.89319491386414 1.17318785190582 -0.4614000916481
v 2.88130879402161 1.09019672870636 -0.46188277006149
v 2.87703537940979 1.4334214925766 -0.46921584010124
v 2.88237261772156 1.34503090381622 -0.45999905467033
v 2.86338329315186 1.43208146095276 -0.47272297739983
v 2.86872673034668 1.34395897388458 -0.46352857351303
v 2.87293028831482 1.25767886638641 -0.456353276968
v 2.88663411140442 1.25852262973785 -0.4528614282608
v 2.88959574699402 1.17377436161041 -0.44771096110344
v 2.87597179412842 1.1731950044632 -0.45125210285187
v 2.877681016922 1.09046864509583 -0.44822624325752
v 2.87835645675659 1.00958335399628 -0.44715839624405
v 2.88188457489014 1.00958108901978 -0.46089833974838
v 2.89201927185059 1.00957596302032 -0.44365438818932
v 2.89140462875366 1.09077847003937 -0.44460165500641
v 2.89500999450684 1.09046018123627 -0.45831310749054
v 2.89557957649231 1.0095762014389 -0.45730632543564
v 3.15307760238647 1.5544285774231 -0.33001819252968
v 3.16912293434143 1.52767014503479 -0.33052638173103
v 3.16058325767517 1.55565392971039 -0.34198051691055
v 3.158536195755 1.52300727367401 -0.33868324756622
v 3.15108513832092 1.5475537776947 -0.34871378540993
v 3.14365339279175 1.54632437229156 -0.33677834272385
v 3.13488745689392 1.56212222576141 -0.35097250342369
v 3.11543226242065 1.56600916385651 -0.34866371750832
v 3.09602761268616 1.55938959121704 -0.34421974420547
v 3.07873749732971 1.54242694377899 -0.33934754133224
v 3.06465339660645 1.51548767089844 -0.33501017093658
v 3.07355070114136 1.51327526569366 -0.32428219914436
v 3.05438613891602 1.47951376438141 -0.3317366540432
v 3.06363201141357 1.47822701931 -0.32110634446144
v 3.04766798019409 1.43617427349091 -0.32958659529686
v 3.0569486618042 1.43547022342682 -0.31894609332085
v 3.04359149932861 1.38677334785461 -0.32825660705566
v 3.05286860466003 1.38638126850128 -0.31767141819
v 3.04130721092224 1.33152961730957 -0.32758325338364
v 3.05062246322632 1.33140850067139 -0.3169324696064
v 3.04022002220154 1.26931440830231 -0.32719632983208
v 3.04952573776245 1.2692369222641 -0.31657859683037
v 3.03979682922363 1.1976352930069 -0.32704624533653
v 3.04916667938232 1.19759786128998 -0.31648841500282
v 3.03970742225647 1.11273813247681 -0.32703050971031
v 3.04902577400208 1.11275088787079 -0.31639084219933
v 3.03971815109253 1.00960695743561 -0.32705467939377
v 3.04903650283813 1.00961971282959 -0.31641501188278
v 3.13230419158936 1.55670428276062 -0.33820903301239
v 3.02905893325806 1.00960040092468 -0.31772351264954
v 3.02912187576294 1.11272764205933 -0.31772622466087
v 3.03845119476318 1.0096093416214 -0.30711075663567
v 3.02920174598694 1.19766879081726 -0.31777504086494
v 3.02956390380859 1.26944196224213 -0.31787639856338
v 3.03067970275879 1.3319718837738 -0.31823071837425
v 3.03297352790833 1.38761782646179 -0.31893756985664
v 3.03715181350708 1.43777549266815 -0.32032844424248
v 3.04409003257751 1.48240697383881 -0.32252281904221
v 3.05499672889709 1.52046000957489 -0.32595404982567
v 3.07064533233643 1.55028235912323 -0.33078351616859
v 3.09127521514893 1.57026720046997 -0.33657893538475
v 3.11573886871338 1.57849144935608 -0.34207317233086
v 3.14072060585022 1.57352042198181 -0.34490329027176
v 3.13805103302002 1.56801605224609 -0.33213475346565
v 3.11796236038208 1.55943393707275 -0.3363970220089
v 3.11829137802124 1.57196247577667 -0.32975164055824
v 3.09745121002197 1.56486976146698 -0.32504346966743
v 3.07870745658875 1.54662919044495 -0.31984007358551
v 3.06389403343201 1.51824760437012 -0.31522604823112
v 3.05326223373413 1.48112404346466 -0.31186565756798
v 3.04643249511719 1.43707144260406 -0.30968788266182
v 3.04227304458618 1.38727223873138 -0.30829748511314
v 3.03998231887817 1.33176040649414 -0.30760177969933
v 3.03889226913452 1.26941096782684 -0.30720368027687
v 3.03852033615112 1.19768154621124 -0.30713537335396
v 3.03844046592712 1.1127405166626 -0.30708658695221
v 3.08683180809021 1.53877627849579 -0.32831603288651
v 3.10225486755371 1.55394184589386 -0.33276611566544
v 2.7674298286438 1.58559155464172 -0.04483302682638
v 2.79475116729736 1.61871790885925 -0.07759030163288
v 2.78335785865784 1.62687873840332 -0.07950574159622
v 2.81446957588196 1.63964200019836 -0.10002937912941
v 2.80381798744202 1.64854753017426 -0.10277415812016
v 2.82883095741272 1.64961802959442 -0.11443907767534
v 2.82051157951355 1.65986382961273 -0.11947746574879
v 2.75961232185364 1.6013355255127 -0.03529294207692
v 2.78722429275513 1.63479292392731 -0.06844893842936
v 2.77123260498047 1.59346580505371 -0.03371638059616
v 2.79860806465149 1.62667596340179 -0.06656657159328
v 2.81872320175171 1.6479297876358 -0.08934328705072
v 2.80806183815002 1.65687906742096 -0.09212107211351
v 2.82582068443298 1.66882765293121 -0.10989788919687
v 2.83414006233215 1.6585818529129 -0.10485950112343
v 2.84705591201782 1.66010534763336 -0.11556916683912
v 2.83949327468872 1.65099263191223 -0.12327336519957
v 2.85913586616516 1.65374207496643 -0.12351317703724
v 2.87105107307434 1.63999795913696 -0.12991026043892
v 2.85947394371033 1.63384008407593 -0.1350554972887
v 2.88219833374023 1.61929559707642 -0.13486990332603
v 2.8918936252594 1.59227359294891 -0.13875506818295
v 2.89975833892822 1.55944168567657 -0.14153085649014
v 2.88655400276184 1.55714690685272 -0.14596535265446
v 2.9056282043457 1.52106428146362 -0.14345675706863
v 2.89222121238708 1.51958608627319 -0.14787775278091
v 2.90962147712708 1.47726535797119 -0.14468576014042
v 2.91206192970276 1.42793226242065 -0.14546200633049
v 2.89861583709717 1.4274867773056 -0.14991243183613
v 2.91337585449219 1.37237083911896 -0.14589074254036
v 2.89995527267456 1.37210595607758 -0.15029744803905
v 2.91405272483826 1.30804324150085 -0.14609567821026
v 2.91424250602722 1.23058438301086 -0.14617258310318
v 2.91432857513428 1.13382422924042 -0.14623430371284
v 2.91431999206543 1.00959408283234 -0.14620672166348
v 2.9009153842926 1.00955355167389 -0.15060272812843
v 2.91870474815369 1.0095716714859 -0.15966050326824
v 2.91873574256897 1.13384819030762 -0.15963314473629
v 2.91864967346191 1.23060834407806 -0.15957142412663
v 2.91843724250793 1.30802083015442 -0.15954945981503
v 2.91776371002197 1.37248253822327 -0.15935564041138
v 2.91646552085876 1.4282683134079 -0.15891617536545
v 2.9139575958252 1.47787344455719 -0.15813544392586
v 2.9099223613739 1.52212512493134 -0.15685817599297
v 2.90393018722534 1.56113696098328 -0.15490129590034
v 2.89589834213257 1.59492194652557 -0.15203514695168
v 2.88574051856995 1.62335884571075 -0.14801879227161
v 2.87349009513855 1.64596927165985 -0.14246188104153
v 2.85916113853455 1.66232776641846 -0.13480408489704
v 2.84294891357422 1.67063009738922 -0.12401509284973
v 2.83538627624512 1.6615172624588 -0.13171929121017
v 2.84913873672485 1.64582407474518 -0.12957587838173
v 2.84917378425598 1.65436577796936 -0.14083372056484
v 2.86189031600952 1.63976490497589 -0.14766204357147
v 2.87320756912231 1.61868989467621 -0.15278986096382
v 2.88292217254639 1.59158003330231 -0.15660881996155
v 2.89071607589722 1.55888617038727 -0.15936894714832
v 2.89658904075623 1.52064299583435 -0.16130596399307
v 2.9005856513977 1.47697806358337 -0.16254618763924
v 2.90302896499634 1.42777907848358 -0.1633336097002
v 2.90435576438904 1.37230789661407 -0.1637404859066
v 2.90495896339416 1.30798423290253 -0.16391859948635
v 2.90523529052734 1.23061180114746 -0.16400045156479
v 2.90525722503662 1.13381159305573 -0.16400223970413
v 2.9053225517273 1.00957763195038 -0.16400152444839
v 2.90087270736694 1.13383400440216 -0.15054851770401
v 2.90083789825439 1.23054385185242 -0.15056858956814
v 2.90056157112122 1.30791628360748 -0.15048669278622
v 2.8961660861969 1.47641777992249 -0.14910271763802
v 2.87891745567322 1.58893167972565 -0.14332866668701
v 2.8697292804718 1.61466634273529 -0.13970091938972
v 2.64719343185425 1.19960379600525 -0.3654922246933
v 2.65766024589539 1.2068943977356 -0.37159559130669
v 2.67968916893005 1.17629873752594 -0.35994720458984
v 2.68536901473999 1.13261449337006 -0.34439674019814
v 2.69808459281921 1.13645756244659 -0.34933641552925
v 2.70068073272705 1.0862090587616 -0.33462649583817
v 2.65930390357971 1.21439015865326 -0.35968834161758
v 2.6226921081543 1.22635328769684 -0.36636993288994
v 2.64882731437683 1.20714342594147 -0.35361802577972
v 2.67063784599304 1.17672860622406 -0.34213617444038
v 2.66768050193787 1.17100584506989 -0.35469254851341
v 2.68264627456665 1.1820216178894 -0.34739077091217
v 2.7016270160675 1.14091873168945 -0.33636754751205
v 2.68897533416748 1.1371157169342 -0.33148786425591
v 2.70455408096313 1.08989882469177 -0.32155513763428
v 2.71785092353821 1.03646004199982 -0.31215032935143
v 2.71379089355469 1.03339958190918 -0.32536673545837
v 2.72917246818542 0.9781773686409 -0.3033227622509
v 2.73887991905212 0.91606658697128 -0.29514816403389
v 2.73472285270691 0.91385596990585 -0.30852583050728
v 2.74688267707825 0.85083442926407 -0.28797948360443
v 2.75308632850647 0.78305345773697 -0.28215843439102
v 2.75718235969543 0.7131649851799 -0.27813783288002
v 2.75866270065308 0.64129203557968 -0.27664020657539
v 2.77206206321716 0.64127379655838 -0.28097584843636
v 2.77060055732727 0.71350520849228 -0.28247392177582
v 2.76652336120605 0.78375214338303 -0.28649500012398
v 2.76032590866089 0.85180127620697 -0.29233840107918
v 2.75223636627197 0.91739332675934 -0.29956868290901
v 2.74253797531128 0.97990638017654 -0.30777677893639
v 2.73103642463684 1.03864049911499 -0.31670522689819
v 2.71757555007935 1.09275507926941 -0.32620015740395
v 2.71369242668152 1.08910918235779 -0.33930453658104
v 2.72699904441834 1.03562653064728 -0.32986667752266
v 2.73840379714966 0.97729605436325 -0.3210329413414
v 2.74807929992676 0.91518276929855 -0.3129463493824
v 2.75609469413757 0.85004079341888 -0.30575576424599
v 2.76224064826965 0.78248804807663 -0.29989710450172
v 2.76632022857666 0.71282142400742 -0.29595378041267
v 2.76782941818237 0.64126306772232 -0.294423609972
v 2.75432419776916 0.64128267765045 -0.29014906287193
v 2.75282835960388 0.71248507499695 -0.29159080982208
v 2.74880337715149 0.78178936243057 -0.29556056857109
v 2.7426609992981 0.84903001785278 -0.30136379599571
v 2.72511196136475 0.97556310892105 -0.31660574674606
v 2.12053775787354 0.34318563342094 -1.45287549495697
v 2.14957094192505 0.333347260952 -1.47671163082123
v 2.18354463577271 0.31374034285545 -1.49153196811676
v 2.17980813980103 0.32324999570847 -1.50133907794952
v 2.2343590259552 0.31726983189583 -1.5236941576004
v 2.1578676700592 0.34304106235504 -1.47052216529846
v 2.16224145889282 0.33335039019585 -1.46123647689819
v 2.12491154670715 0.33349487185478 -1.44358968734741
v 2.1539671421051 0.32370299100876 -1.46737098693848
v 2.19011545181274 0.32386368513107 -1.48417150974274
v 2.18632769584656 0.33342376351357 -1.49389696121216
v 2.23784136772156 0.32779172062874 -1.51499211788177
v 2.24065518379211 0.31846979260445 -1.50475895404816
v 2.23707675933838 0.30790540575981 -1.51348912715912
v 2.31597256660461 0.31687411665916 -1.52382135391235
v 2.31345796585083 0.30625718832016 -1.53283953666687
v 2.39203643798828 0.31519520282745 -1.5431193113327
v 2.38953471183777 0.30466860532761 -1.55211555957794
v 2.38963603973389 0.32459029555321 -1.55337691307068
v 2.31354975700378 0.32622280716896 -1.53413391113281
v 2.31110882759094 0.3156019449234 -1.54317891597748
v 2.38711190223694 0.3140172958374 -1.5624281167984
v 2.14898180961609 0.49653679132462 -1.63195073604584
v 2.15305233001709 0.48150071501732 -1.64820075035095
v 2.16697645187378 0.48360282182693 -1.64658522605896
v 2.16290593147278 0.49863877892494 -1.63033509254456
v 2.1545934677124 0.46304300427437 -1.63644826412201
v 2.15579533576965 0.46563842892647 -1.65029239654541
v 2.15434193611145 0.45082050561905 -1.65371751785278
v 2.16989326477051 0.46578684449196 -1.6490615606308
v 2.16572284698486 0.48150381445885 -1.63272571563721
v 2.16869139671326 0.46319141983986 -1.6352174282074
v 2.15183115005493 0.47940430045128 -1.6342533826828
v 2.16748285293579 0.44560334086418 -1.65386700630188
v 2.16600275039673 0.44156789779663 -1.64034605026245
v 2.15285205841064 0.44682893157005 -1.64022958278656
v 2.14809679985046 0.41815704107285 -1.65137350559235
v 2.1367347240448 0.42645692825317 -1.65000903606415
v 2.13212394714355 0.39805436134338 -1.66102600097656
v 2.12779688835144 0.38253378868103 -1.6655740737915
v 2.11374378204346 0.38206684589386 -1.66686451435089
v 2.13370871543884 0.3673235476017 -1.66641426086426
v 2.1204948425293 0.36267167329788 -1.66823410987854
v 2.1385498046875 0.35196730494499 -1.66741585731506
v 2.19097805023193 0.33946061134338 -1.66892302036285
v 2.18799614906311 0.32590633630753 -1.67144584655762
v 2.26235842704773 0.32685163617134 -1.67076909542084
v 2.33392810821533 0.31419357657433 -1.67254793643951
v 2.33403038978577 0.31673979759216 -1.68641686439514
v 2.26246047019958 0.32939785718918 -1.68463814258575
v 2.33151960372925 0.30303040146828 -1.68900167942047
v 2.19115376472473 0.34200277924538 -1.68281877040863
v 2.13943433761597 0.35412076115608 -1.68137693405151
v 2.13512587547302 0.3687815964222 -1.68041956424713
v 2.12898588180542 0.38503906130791 -1.67944025993347
v 2.13366198539734 0.40227288007736 -1.67441523075104
v 2.14998745918274 0.4229542016983 -1.6645690202713
v 2.13863492012024 0.43121021986008 -1.6631715297699
v 2.1193962097168 0.40416732430458 -1.66056227684021
v 2.12093424797058 0.4083859026432 -1.67395150661469
v 2.11493277549744 0.38457202911377 -1.68073058128357
v 2.1219117641449 0.36412978172302 -1.68223941326141
v 2.13004517555237 0.34378564357758 -1.68358075618744
v 2.18814945220947 0.32840219140053 -1.68539655208588
v 2.25997233390808 0.31573483347893 -1.68716788291931
v 2.33144974708557 0.30048683285713 -1.67504477500916
v 2.25987982749939 0.31314489245415 -1.67326593399048
v 2.12907743453979 0.3416799902916 -1.66962587833405
v 2.42632079124451 0.41493353247643 -0.2770488858223
v 2.41851258277893 0.38110518455505 -0.28548124432564
v 2.41106271743774 0.38270482420921 -0.27355068922043
v 2.41444087028503 0.34527105093002 -0.2755628824234
v 2.46007370948792 0.30521419644356 -0.29948589205742
v 2.41535615921021 0.4192815721035 -0.28480687737465
v 2.43716263771057 0.44699215888977 -0.29998525977135
v 2.42189812660217 0.41494140028954 -0.2965312898159
v 2.44813704490662 0.44260028004646 -0.29219418764114
v 2.43287229537964 0.41054952144623 -0.28874024748802
v 2.40671014785767 0.38302078843117 -0.29311534762383
v 2.39926028251648 0.38462042808533 -0.28118479251862
v 2.40323805809021 0.34176281094551 -0.28351244330406
v 2.40997886657715 0.34631180763245 -0.29507476091385
v 2.42118144035339 0.34982004761696 -0.28712522983551
v 2.45039486885071 0.29924693703651 -0.30794632434845
v 2.49162912368774 0.25106862187386 -0.32093596458435
v 2.50819754600525 0.21878810226917 -0.31782194972038
v 2.51801776885986 0.22447928786278 -0.30939289927483
v 2.5112476348877 0.19634337723255 -0.30662712454796
v 2.52108716964722 0.20194686949253 -0.29813197255135
v 2.51400351524353 0.17545659840107 -0.29600757360458
v 2.52376937866211 0.18106400966644 -0.28748553991318
v 2.5039541721344 0.17892970144749 -0.28666120767593
v 2.50120782852173 0.19977264106274 -0.29724770784378
v 2.4989447593689 0.21900846064091 -0.30719164013863
v 2.4850070476532 0.24578584730625 -0.30962929129601
v 2.44532895088196 0.29191908240318 -0.29689317941666
v 2.45497560501099 0.2978837788105 -0.28852078318596
v 2.50136876106262 0.25694167613983 -0.31252428889275
v 2.49474692344666 0.25165891647339 -0.3012176156044
v 2.50869131088257 0.22470358014107 -0.29873576760292
v 2.51104736328125 0.20537611842155 -0.28875258564949
v 2.51379370689392 0.1845331788063 -0.27816605567932
v 2.04679799079895 0.03142116218805 -1.40977823734283
v 2.07082080841064 0.04214454814792 -1.43177270889282
v 2.05892252922058 0.04980663955212 -1.43109679222107
v 2.06671595573425 0.06497866660357 -1.44844448566437
v 2.05250954627991 0.03940591961145 -1.3996399641037
v 2.05175566673279 0.01277972850949 -1.37829279899597
v 2.06411695480347 0.03141267597675 -1.3999171257019
v 2.04611778259277 0.00479103671387 -1.38845777511597
v 2.05840539932251 0.0234278421849 -1.41005539894104
v 2.07664084434509 0.05029682815075 -1.42182040214539
v 2.06475234031677 0.05791509523988 -1.42111146450043
v 2.07286024093628 0.07414945214987 -1.43958830833435
v 2.08559775352478 0.06915973871946 -1.44317483901978
v 2.07944369316101 0.06003285199404 -1.45206391811371
v 2.08186292648315 0.08292101323605 -1.45750296115875
v 2.07581996917725 0.07293000817299 -1.46550118923187
v 2.08075642585754 0.10026861727238 -1.47593629360199
v 2.07240509986877 0.08448969572783 -1.47748136520386
v 2.07524943351746 0.09252868592739 -1.48646831512451
v 2.08954405784607 0.1054407954216 -1.48266303539276
v 2.09820532798767 0.11118309944868 -1.48981952667236
v 2.13444042205811 0.11187340319157 -1.50255620479584
v 2.18187308311462 0.11104266345501 -1.51787102222443
v 2.17798542976379 0.104178160429 -1.52959883213043
v 2.22952699661255 0.11020012944937 -1.53326654434204
v 2.22762751579285 0.12256272137165 -1.53982841968536
v 2.1799738407135 0.12340530753136 -1.52443301677704
v 2.13217258453369 0.12425570935011 -1.50898385047913
v 2.0922155380249 0.12301026284695 -1.49466753005981
v 2.0805995464325 0.11602621525526 -1.48556232452393
v 2.06966924667358 0.10905317217112 -1.47664391994476
v 2.06574535369873 0.09844129532576 -1.4647319316864
v 2.06939101219177 0.08562538772821 -1.45147550106049
v 2.06335783004761 0.07559055089951 -1.45944082736969
v 2.05962038040161 0.08918289095163 -1.47352182865143
v 2.06418466567993 0.10135962814093 -1.48712086677551
v 2.0759174823761 0.10898314416409 -1.49691736698151
v 2.08789539337158 0.11612547934055 -1.50620114803314
v 2.12821102142334 0.11739513278008 -1.52068483829498
v 2.17607617378235 0.11658462136984 -1.53619384765625
v 2.22373008728027 0.1157420873642 -1.55158936977386
v 2.22562956809998 0.10337945073843 -1.54502737522125
v 2.13047885894775 0.10501282662153 -1.51425719261169
v 2.09378886222839 0.10425578802824 -1.50138127803802
v 2.08486199378967 0.09839776903391 -1.49401819705963
v 2.73967003822327 0.06197987869382 -1.67047810554504
v 2.7722897529602 0.06413415074348 -1.6784234046936
v 2.80476212501526 0.06629621982574 -1.68631505966187
v 2.83960103988647 0.06266807019711 -1.69627976417542
v 2.88028836250305 0.03775222226977 -1.70016944408417
v 2.74144601821899 0.07198622077703 -1.66064178943634
v 2.77406573295593 0.07414045929909 -1.6685870885849
v 2.74438762664795 0.061956346035 -1.65110313892364
v 2.77702975273132 0.06415694206953 -1.65899348258972
v 2.7427077293396 0.05199250206351 -1.66091132164001
v 2.7753176689148 0.05419057235122 -1.66888976097107
v 2.80979681015015 0.06630331277847 -1.66699254512787
v 2.80708193778992 0.05629525333643 -1.6766494512558
v 2.80744481086731 0.07630172371864 -1.67674612998962
v 2.84471297264099 0.07237485051155 -1.68735003471375
v 2.8456130027771 0.06253629922867 -1.67724025249481
v 2.8405237197876 0.05287590250373 -1.68611490726471
v 2.88681364059448 0.04702837765217 -1.69166171550751
v 2.92703986167908 0.03179332613945 -1.70581126213074
v 2.92386031150818 0.02176246978343 -1.71536195278168
v 2.95563650131226 0.03845375031233 -1.71167755126953
v 2.95823407173157 0.02959500066936 -1.72231090068817
v 2.97928833961487 0.05625123158097 -1.71345341205597
v 2.98411250114441 0.04873282462358 -1.72437381744385
v 3.00336956977844 0.07434617727995 -1.71524310112
v 2.97224903106689 0.06475931406021 -1.72230219841003
v 2.94992351531982 0.04771371930838 -1.72067093849182
v 2.92499232292175 0.04173221811652 -1.71563923358917
v 2.88670802116394 0.05659928917885 -1.70207762718201
v 2.8802661895752 0.04727533832192 -1.7105792760849
v 2.92176151275635 0.03175168484449 -1.72510814666748
v 2.95258522033691 0.03889490291476 -1.73136425018311
v 2.97705078125 0.05719451978803 -1.73327744007111
v 3.00817131996155 0.06678137928247 -1.72621834278107
v 2.56250548362732 0.30067965388298 -1.78347861766815
v 2.56047058105469 0.31070873141289 -1.79328465461731
v 2.59217977523804 0.30995348095894 -1.800776720047
v 2.62389850616455 0.30915436148643 -1.80823588371277
v 2.6604106426239 0.29900577664375 -1.80645596981049
v 2.6580171585083 0.30901074409485 -1.8160947561264
v 2.56296467781067 0.32072857022285 -1.78354716300964
v 2.59474730491638 0.31996938586235 -1.79106616973877
v 2.56506323814392 0.31073930859566 -1.77380096912384
v 2.59678196907043 0.30994030833244 -1.78126013278961
v 2.59423685073853 0.29997077584267 -1.79091584682465
v 2.62849092483521 0.30918505787849 -1.7887521982193
v 2.62609338760376 0.29920759797096 -1.79846155643463
v 2.62638258934021 0.31921809911728 -1.79853141307831
v 2.6600878238678 0.31900125741959 -1.8063657283783
v 2.66243982315063 0.30900281667709 -1.79661226272583
v 2.70329666137695 0.31052565574646 -1.80574464797974
v 2.7015209197998 0.30051931738853 -1.81558096408844
v 2.74444842338562 0.31203272938728 -1.81498456001282
v 2.74129152297974 0.30204832553864 -1.82448029518127
v 2.77199363708496 0.30663287639618 -1.82242918014526
v 2.78515315055847 0.29440659284592 -1.82793080806732
v 2.77545428276062 0.28736135363579 -1.835369348526
v 2.79810738563538 0.28241649270058 -1.83334112167358
v 2.78757190704346 0.27609154582024 -1.84042537212372
v 2.81180810928345 0.26300778985024 -1.84043920040131
v 2.82570838928223 0.24141463637352 -1.8480476140976
v 2.81423354148865 0.23635664582253 -1.85468029975891
v 2.83952236175537 0.21973513066769 -1.85565102100372
v 2.84343981742859 0.22644516825676 -1.86746883392334
v 2.82961320877075 0.24803441762924 -1.8598872423172
v 2.81565499305725 0.26985591650009 -1.8522412776947
v 2.80134844779968 0.28992918133736 -1.84483623504639
v 2.78792285919189 0.30248576402664 -1.83919453620911
v 2.77305173873901 0.31588172912598 -1.83304953575134
v 2.74274086952209 0.3220486342907 -1.82481002807617
v 2.70079731941223 0.32053193449974 -1.8154444694519
v 2.69894790649414 0.31052955985069 -1.82525396347046
v 2.73965740203857 0.31206023693085 -1.83433270454407
v 2.76584029197693 0.30704063177109 -1.84143710136414
v 2.77822399139404 0.29544052481651 -1.84663319587708
v 2.79088664054871 0.28360021114349 -1.85194718837738
v 2.80431175231934 0.26456567645073 -1.85893833637238
v 2.81815099716187 0.2430666834116 -1.86649799346924
v 2.83196496963501 0.22138717770576 -1.87410140037537
v 2.80047750473022 0.25780788064003 -1.84711444377899
v 2.76473093032837 0.29784214496613 -1.83073484897614
v 1.64987862110138 0.23183506727219 0.06784918159246
v 1.68400323390961 0.25108969211578 0.05900347605348
v 1.72503888607025 0.26137989759445 0.05872102081776
v 1.71814739704132 0.27025663852692 0.05022387579083
v 1.75229167938232 0.28654432296753 0.04025891050696
v 1.79344379901886 0.2852375805378 0.03556516394019
v 1.64771413803101 0.24064439535141 0.07876008749008
v 1.68191242218018 0.25989508628845 0.06988751143217
v 1.65483963489532 0.23184609413147 0.08719851821661
v 1.68904769420624 0.25105294585228 0.07835899293423
v 1.6569527387619 0.22308711707592 0.07636944949627
v 1.69115114212036 0.24233780801296 0.06749687343836
v 1.72333252429962 0.27038994431496 0.06948148459196
v 1.71636736392975 0.27927061915398 0.06101116538048
v 1.75227963924408 0.29632142186165 0.05050436779857
v 1.75849866867065 0.28707775473595 0.05927675962448
v 1.75843703746796 0.2773046195507 0.0490581728518
v 1.79493737220764 0.29538467526436 0.04529482126236
v 1.83069694042206 0.30350264906883 0.03154392167926
v 1.85070514678955 0.3169686794281 0.02499790862203
v 1.85594952106476 0.3113686144352 0.01311221346259
v 1.85581743717194 0.33627843856812 0.0254045650363
v 1.86107993125916 0.35571438074112 0.02574635855854
v 1.85812318325043 0.36770728230476 0.02850653231144
v 1.85230660438538 0.37778270244598 0.03219712525606
v 1.84644198417664 0.38804253935814 0.0359583646059
v 1.8524386882782 0.39531153440475 0.02540047839284
v 1.83549797534943 0.3848629295826 0.02752206102014
v 1.84144604206085 0.37455525994301 0.02376702427864
v 1.84669816493988 0.36554926633835 0.02043784037232
v 1.84912145137787 0.35678941011429 0.01826602034271
v 1.84413313865662 0.33955165743828 0.01812557317317
v 1.84030091762543 0.32306203246117 0.01760319620371
v 1.82374453544617 0.31247356534004 0.02309553138912
v 1.78930115699768 0.3047748208046 0.03626333549619
v 1.78791356086731 0.29462632536888 0.02659479901195
v 1.83115720748901 0.29397019743919 0.02111499384046
v 1.8241822719574 0.30289471149445 0.01261166390032
v 1.84553551673889 0.31750583648682 0.00568444654346
v 1.85117888450623 0.33786988258362 0.00601659528911
v 1.85658848285675 0.35815545916557 0.00640738615766
v 1.85337793827057 0.37142637372017 0.00943224877119
v 1.84738171100616 0.38191843032837 0.01325793098658
v 1.84151709079742 0.39217829704285 0.0170191694051
v 1.85830330848694 0.38505166769028 0.02163925766945
v 1.86480295658112 0.37358438968658 0.01750095188618
v 1.86859834194183 0.35703009366989 0.01380592770875
v 1.86284065246582 0.33455023169518 0.01324064098299
v 1.51468515396118 0.10712915658951 -0.06277260929346
v 1.56752395629883 0.11849220842123 -0.06848512589931
v 1.56084072589874 0.12767823040485 -0.07691541314125
v 1.61363792419434 0.13904775679111 -0.0825130790472
v 1.60701858997345 0.148273691535 -0.0910032466054
v 1.65612018108368 0.15676589310169 -0.09575750678778
v 1.65036261081696 0.16630956530571 -0.10445562750101
v 1.6851646900177 0.16240495443344 -0.10621489584446
v 1.51379585266113 0.11632933467627 -0.05209401249886
v 1.56004762649536 0.13692085444927 -0.06620875000954
v 1.52047920227051 0.10714331269264 -0.04366376250982
v 1.56673097610474 0.12773483991623 -0.05777850374579
v 1.52134585380554 0.09789674729109 -0.05439725145698
v 1.61299228668213 0.14828252792358 -0.07186014205217
v 1.60637307167053 0.15750846266747 -0.08035035431385
v 1.65084433555603 0.17597788572311 -0.09421718865633
v 1.65669798851013 0.1664766818285 -0.08549100905657
v 1.68678045272827 0.1723288744688 -0.09634677320719
v 1.71754193305969 0.17837001383305 -0.10743352025747
v 1.74425780773163 0.18510371446609 -0.12375164031982
v 1.75776267051697 0.19212180376053 -0.14719623327255
v 1.75211107730865 0.18092216551304 -0.15371412038803
v 1.77056288719177 0.19877046346664 -0.17045356333256
v 1.77665865421295 0.19168916344643 -0.19838415086269
v 1.76772582530975 0.18141631782055 -0.1945239007473
v 1.77545595169067 0.17180402576923 -0.22770327329636
v 1.76643323898315 0.16298943758011 -0.22131767868996
v 1.77409934997559 0.15333724021912 -0.25443711876869
v 1.7652233839035 0.14290578663349 -0.25108626484871
v 1.78109657764435 0.14838519692421 -0.28112494945526
v 1.77332520484924 0.13666364550591 -0.28282046318054
v 1.79271805286407 0.14968284964561 -0.30981758236885
v 1.78558170795441 0.13795439898968 -0.31321409344673
v 1.80368113517761 0.15059934556484 -0.33750537037849
v 1.79843211174011 0.13962119817734 -0.34478849172592
v 1.8112975358963 0.15795312821865 -0.34569811820984
v 1.80944359302521 0.14994432032108 -0.35718929767609
v 1.81942617893219 0.16768139600754 -0.35145580768585
v 1.81865000724792 0.16080638766289 -0.36382919549942
v 1.82805991172791 0.17790697515011 -0.35773700475693
v 1.81665468215942 0.18546317517757 -0.36120364069939
v 1.80798876285553 0.17523507773876 -0.35501047968864
v 1.79987299442291 0.16559705138206 -0.349230915308
v 1.79255402088165 0.15839649736881 -0.34139269590378
v 1.78168666362762 0.15755726397038 -0.31391271948814
v 1.77010667324066 0.15625312924385 -0.28533491492271
v 1.76324343681335 0.16114191710949 -0.25895860791206
v 1.76457405090332 0.17946302890778 -0.23250445723534
v 1.76578044891357 0.19944743812084 -0.20296061038971
v 1.75960505008698 0.20664094388485 -0.174575522542
v 1.74662566184998 0.19996279478073 -0.15111657977104
v 1.73484754562378 0.19368082284927 -0.12993085384369
v 1.71143543720245 0.18784564733505 -0.11593122035265
v 1.68170213699341 0.18206149339676 -0.10527591407299
v 1.68007338047028 0.17204733192921 -0.11516587436199
v 1.71525681018829 0.16821329295635 -0.11703754961491
v 1.70914053916931 0.17773278057575 -0.12556831538677
v 1.73035037517548 0.18295736610889 -0.1379436403513
v 1.74100649356842 0.18876570463181 -0.15754652023315
v 1.75226140022278 0.19494487345219 -0.17739777266979
v 1.75683772563934 0.1892184317112 -0.19913339614868
v 1.75557386875153 0.17069484293461 -0.22606390714645
v 1.75434505939484 0.15066404640675 -0.25566270947456
v 1.76233530044556 0.14453157782555 -0.28703045845032
v 1.77455031871796 0.14582881331444 -0.31730923056602
v 1.78732740879059 0.14746472239494 -0.34862089157104
v 1.79810225963593 0.15754047036171 -0.36071586608887
v 1.80724489688873 0.16836261749268 -0.3672958612442
v 1.8273800611496 0.1710744202137 -0.37008231878281
v 1.76322877407074 0.18703053891659 -0.17324271798134
v 1.73976063728333 0.17438021302223 -0.13176445662975
v 2.91493368148804 1.80850803852081 -0.33038336038589
v 2.90162396430969 1.80956935882568 -0.32572519779205
v 2.91973900794983 1.80956673622131 -0.31712499260902
v 2.86697673797607 1.43078064918518 -0.48632320761681
v 3.14911794662476 1.52767634391785 -0.32915857434273
v 3.15971422195435 1.53229534626007 -0.32096868753433
v 2.75580978393555 1.59346127510071 -0.04640968516469
v 2.62349486351013 1.21706688404083 -0.37704348564148
v 2.63125538825989 1.22633516788483 -0.38443210721016
v 2.63035655021667 1.23557913303375 -0.37378662824631
v 2.13320851325989 0.34318873286247 -1.43740034103394
v 2.12881231307983 0.35283306241035 -1.44674098491669
v 2.15021276473999 0.49858939647675 -1.64586520195007
v 2.16412711143494 0.50073528289795 -1.644282579422
v 2.44159507751465 0.44694045186043 -0.28046977519989
v 2.4306206703186 0.45133230090141 -0.28826084733009
v 2.03442692756653 0.01283203903586 -1.38818693161011
v 2.04013848304749 0.02081684581935 -1.37804865837097
v 2.99630761146545 0.082807905972 -1.72414672374725
v 3.00110936164856 0.07524310797453 -1.73512196540833
v 2.82806015014648 0.21476739645004 -1.86226189136505
v 1.81590116024017 0.17863458395004 -0.37352213263512
# 730 vertices

vn 0.30469724535942 -0.3578864634037 0.8826532959938
vn 0.30469045042992 -0.35794097185135 0.88263356685638
vn 0.30469384789467 -0.35791370272636 0.88264346122742
vn 0.30472561717033 -0.35788306593895 0.88264489173889
vn 0.02268815040588 -0.83677399158478 -0.54707819223404
vn -0.2836297750473 -0.69713670015335 -0.65844857692719
vn -0.52214598655701 -0.66330790519714 -0.53608411550522
vn 0.92930328845978 0.26103746891022 -0.26125621795654
vn 0.92929571866989 0.26103532314301 -0.26128530502319
vn 0.92929571866989 0.2611603140831 -0.2611603140831
vn 0.92930328845978 0.26100617647171 -0.26128745079041
vn 0.33838641643524 -0.80724602937698 -0.48357883095741
vn 0.87939691543579 -0.47126176953316 0.0676266849041
vn 0.28509873151779 -0.80913919210434 -0.51382148265839
vn 0.03400098159909 -0.79074156284332 -0.61120510101318
vn -0.17250560224056 -0.77515012025833 -0.60776972770691
vn 0.04915671795607 0.66478759050369 -0.74541336297989
vn 0.08859469741583 0.6474444270134 -0.75694561004639
vn 0.47266647219658 -0.49260437488556 0.73070329427719
vn 0.48835617303848 -0.51245051622391 0.70633047819138
vn 0.49067240953445 -0.51864206790924 0.70017927885056
vn 0.48839563131332 -0.51239657402039 0.70634227991104
vn -0.08312720805407 0.60073471069336 -0.79511487483978
vn -0.08662790805101 0.59270739555359 -0.80074560642242
vn 0.93006193637848 0.34723019599915 0.1200664639473
vn 0.86970227956772 0.45044514536858 0.2017846852541
vn 0.00159375404473 0.97172123193741 0.23612560331821
vn 0.00193754315842 0.9718029499054 0.23578651249409
vn 0.00181252916809 0.97176563739777 0.23594129085541
vn 0 0 1
vn -0.97563362121582 -0.14665754139423 0.16318893432617
vn -0.97564899921417 -0.1466911137104 0.16306652128696
vn -0.97563308477402 -0.1466262191534 0.16322010755539
vn -0.9756435751915 -0.14665904641151 0.16312810778618
vn 0 0 1
vn -0.81567400693893 0.45854118466377 0.35272642970085
vn -0.38548013567924 0.50257730484009 0.77383530139923
vn -0.46400979161263 0.50932323932648 0.72476530075073
vn -0.81565183401108 0.45857760310173 0.35273036360741
vn 0.05287688225508 -0.78702807426453 -0.61464691162109
vn 0.18625663220882 0.61245930194855 -0.768246114254
vn 0.18637910485268 0.61251348257065 -0.76817321777344
vn 0.18646961450577 0.61250275373459 -0.76815974712372
vn 0.18634447455406 0.61250233650208 -0.76819044351578
vn 0.998883664608 0.03771907836199 0.02843774668872
vn 0.5776789188385 -0.79706251621246 0.17600691318512
vn 0.77145105600357 -0.42666375637054 0.47203955054283
vn 0.93046444654465 0.13547265529633 -0.34041610360146
vn 0.69439399242401 0.55304634571075 -0.4603875875473
vn 0.93047851324081 0.13547016680241 -0.34037855267525
vn -0.01321903150529 0.62991970777512 0.77654778957367
vn 0.71204513311386 0.44450867176056 -0.54351055622101
vn 0.71326798200607 0.4380110502243 -0.54717004299164
vn 0.70415198802948 -0.41014069318771 0.57961595058441
vn 0.70411437749863 -0.41016831994057 0.57964199781418
vn 0.15569244325161 0.76218044757843 -0.62836366891861
vn 0.22141364216805 0.7009608745575 -0.67796009778976
vn 0.9921407699585 -0.01503148954362 0.12422072142363
vn 0.88027685880661 0.25313273072243 0.40129348635674
vn -0.48998594284058 0.51933068037033 -0.70014953613281
vn -0.48998075723648 0.51938772201538 -0.700110912323
vn -0.48998558521271 0.51920533180237 -0.70024281740189
vn -0.87019890546799 -0.33547315001488 0.36084848642349
vn -0.87020027637482 -0.33553618192673 0.36078655719757
vn -0.27728942036629 0.43485659360886 -0.85674405097961
vn -0.18231828510761 0.12484771758318 -0.97528105974197
vn 0.63564825057983 0.76774686574936 -0.08072171360254
vn 0.8884682059288 0.45776581764221 -0.03278238326311
vn -0.87020939588547 -0.33550843596458 0.36079034209251
vn 0.86872428655624 0.33929559588432 -0.36082774400711
vn 0.86868834495544 0.3393562734127 -0.36085709929466
vn 0.8687150478363 0.3393232524395 -0.36082392930984
vn 0.3528191447258 -0.25447353720665 -0.90042316913605
vn 0.3528219461441 -0.25444430112839 -0.90043032169342
vn 0.35281762480736 -0.25437867641449 -0.900450527668
vn 0.24937838315964 0.33697333931923 0.90788733959198
vn 0.24841107428074 0.34250667691231 0.90608006715775
vn 0.9762008190155 0.14293944835663 -0.16309598088264
vn 0.97618561983109 0.14300429821014 -0.16312991082668
vn 0.97618997097015 0.14297369122505 -0.16313064098358
vn 0.73548883199692 -0.45857501029968 -0.49876362085342
vn 0.73546576499939 -0.45867389440536 -0.49870669841766
vn 0.74439603090286 -0.45235651731491 -0.49117013812065
vn -0.01318793185055 -0.65005248785019 -0.75977486371994
vn 0.26169875264168 -0.63405847549438 -0.72765624523163
vn 0.27372604608536 -0.63239181041718 -0.7246755361557
vn -0.00368760502897 0.61298620700836 -0.79008501768112
vn 0.1146277859807 0.66979748010635 -0.73364281654358
vn 0.701524913311 0.46951666474342 0.53611278533936
vn 0.8817977309227 0.26034861803055 0.39325734972954
vn -0.02068807184696 -0.64986163377762 -0.75977092981338
vn -0.02071888744831 -0.64987927675247 -0.75975495576859
vn -0.01362517848611 -0.64991474151611 -0.75988495349884
vn -0.06578283011913 -0.61632734537125 0.78473770618439
vn -0.06590672582388 -0.61641061306 0.78466182947159
vn -0.06581430137157 -0.61636060476303 0.78470891714096
vn -0.17981687188148 -0.79739439487457 -0.57604521512985
vn -0.33282181620598 -0.88708728551865 -0.3198527097702
vn -0.11100142449141 -0.73854070901871 -0.66500848531723
vn 0.77152997255325 -0.42657905817032 0.47198706865311
vn 0.76542443037033 -0.43322902917862 0.47585505247116
vn -0.35532009601593 0.25084912776947 0.90045672655106
vn -0.35541757941246 0.25078925490379 0.90043497085571
vn -0.35535019636154 0.25081703066826 0.90045380592346
vn 0.30466210842133 -0.3579443693161 0.8826419711113
vn 0.49063792824745 -0.51863867044449 0.70020592212677
vn 0.49069890379906 -0.51866829395294 0.70014125108719
vn -0.45432507991791 0.88755577802658 -0.07637710869312
vn -0.70604312419891 0.6859490275383 0.1760029643774
vn -0.14625234901905 0.89876443147659 0.41331914067268
vn -0.14100395143032 0.90327537059784 0.40523013472557
vn -0.14650267362595 0.89876639842987 0.41322627663612
vn 0.77354580163956 -0.23069185018539 0.59026110172272
vn 0.71590203046799 -0.22266465425491 0.6617437005043
vn 0.22025644779205 -0.82446163892746 -0.52129656076431
vn 0.12797246873379 -0.865931391716 -0.48351404070854
vn 0.04912615567446 -0.78458100557327 -0.61807709932327
vn 0.04903288930655 -0.78455746173859 -0.6181144118309
vn 0.049062859267 -0.78456825017929 -0.61809831857681
vn -0.19622309505939 -0.0696265399456 0.97808414697647
vn -0.19631449878216 -0.06953196227551 0.97807258367538
vn 0.27200815081596 0.95424741506577 0.12419122457504
vn 0.27194219827652 0.95426642894745 0.12418963760138
vn -0.97564405202866 -0.14669036865234 0.16309693455696
vn -0.91720402240753 0.39625710248947 0.0414382442832
vn -0.89044791460037 0.44438019394875 0.09812615066767
vn -0.89907562732697 0.43778768181801 0.0022187824361
vn -0.91801577806473 0.39653804898262 0.00215628719889
vn 0.24797828495502 0.45207986235619 -0.85681420564651
vn 0.3453194797039 0.34650701284409 -0.87217390537262
vn 0.86443221569061 0.38098022341728 0.32804110646248
vn 0.46766957640648 0.78964745998383 0.39716753363609
vn 0.06403399258852 -0.78347110748291 -0.61812025308609
vn 0.05471906810999 -0.79753589630127 -0.60078471899033
vn -0.96488785743713 0.26112845540047 -0.02834412828088
vn -0.96488529443741 0.26112776994705 -0.02843780256808
vn -0.96488696336746 0.26112821698189 -0.02837535180151
vn 0.8609014749527 0.50426548719406 -0.06756457686424
vn 0.89844816923141 0.4235987663269 -0.11556386947632
vn 0.46988061070442 0.85407274961472 0.22309641540051
vn -0.35547497868538 0.2507543861866 0.90042197704315
vn -0.35537749528885 0.25081425905228 0.90044379234314
vn 0.06600155681372 0.6162645816803 -0.78476858139038
vn 0.06606286764145 0.61631590127945 -0.78472316265106
vn 0.06600029021502 0.61628395318985 -0.78475350141525
vn 0.79355520009994 -0.55354797840118 -0.25269511342049
vn 0.94195544719696 0.26838010549545 -0.2017225921154
vn -0.81571412086487 0.45851495862007 0.35266774892807
vn -0.81567126512527 0.45857095718384 0.35269397497177
vn 0.87103372812271 0.4159848690033 0.26126012206078
vn 0.86906409263611 0.42264094948769 0.25710347294807
vn 0.56751257181168 0.81695556640625 -0.10253351181746
vn 0.69270622730255 0.67545574903488 -0.2528193295002
vn 0.94195157289505 0.26844149827957 -0.20165924727917
vn 0.94195741415024 0.26834943890572 -0.2017542719841
vn 0.76460921764374 -0.30960002541542 -0.56526148319244
vn 0.05478167161345 0.90344440937042 -0.42519074678421
vn 0.05465694889426 0.90348035097122 -0.42513045668602
vn -0.90467631816864 -0.1316279321909 -0.40525898337364
vn -0.90467232465744 -0.13156482577324 -0.40528845787048
vn -0.81931763887405 0.45200282335281 0.35272097587585
vn -0.81564909219742 0.45860734581947 0.35269793868065
vn -0.49147632718086 -0.77085560560226 -0.40525624155998
vn 0.04900145530701 -0.78458577394485 -0.61808091402054
vn 0.04906380549073 -0.78458338975906 -0.61807900667191
vn -0.07731482386589 -0.95743495225906 -0.27810207009315
vn -0.07915706187487 -0.95604109764099 -0.28234666585922
vn -0.08100266009569 -0.95465636253357 -0.28647816181183
vn -0.08109579235315 -0.95464915037155 -0.28647598624229
vn -0.65992641448975 -0.01506296079606 0.75117921829224
vn -0.71008175611496 -0.24060025811195 0.66173666715622
vn -0.71865230798721 -0.31854337453842 0.61811727285385
vn -0.66329872608185 -0.01128154806793 0.74826967716217
vn 0.21475858986378 -0.91544282436371 0.34035736322403
vn 0.2148816883564 -0.91540348529816 0.34038558602333
vn 0.21434944868088 -0.91558688879013 0.34022778272629
vn 0.21431963145733 -0.91559302806854 0.34023007750511
vn -0.08106475323439 -0.95465153455734 -0.28647673130035
vn -0.35544767975807 0.25075715780258 0.90043199062347
vn -0.03381310775876 -0.39378833770752 0.91857904195786
vn -0.18600384891033 -0.08356422930956 0.97898906469345
vn -0.30450934171677 -0.94193512201309 -0.14153559505939
vn -0.65777009725571 -0.72449088096619 -0.20603755116463
vn 0.21484959125519 -0.91539990901947 0.34041550755501
vn 0.21503457427025 -0.91535794734955 0.34041151404381
vn 0.05278136953712 -0.78700178861618 -0.61468881368637
vn -0.18569111824036 -0.60560554265976 0.77379631996155
vn -0.18750248849392 -0.60863310098648 0.77097898721695
vn -0.18916109204292 -0.61157816648483 0.76823842525482
vn 0.21466371417046 -0.91550064086914 0.34026184678078
vn 0.21494129300117 -0.91539120674133 0.34038099646568
vn -0.75563943386078 0.29113054275513 0.58673000335693
vn -0.74985826015472 0.55972963571548 0.35272559523582
vn -0.53901708126068 0.83308887481689 -0.1241914331913
vn -0.05072010308504 0.78705227375031 0.61479765176773
vn -0.05084494128823 0.78714346885681 0.61467063426971
vn -0.37782782316208 0.87037909030914 0.31573155522346
vn -0.7522280216217 0.61360132694244 0.24009671807289
vn -0.88077104091644 0.42638519406319 0.20600491762161
vn -0.83755320310593 0.52276372909546 0.158816665411
vn 0.70654690265656 0.43044704198837 0.56169992685318
vn 0.87104839086533 0.41597694158554 0.26122388243675
vn 0.75398707389832 0.43210422992706 0.49476200342178
vn 0.81198978424072 0.37313467264175 0.44882410764694
vn 0.81201183795929 0.37313044071198 0.44878780841827
vn 0.81205469369888 0.3731045126915 0.44873172044754
vn 0.38347965478897 -0.56882870197296 0.72758316993713
vn 0.30497801303864 -0.60364323854446 0.73661607503891
vn 0.687744140625 -0.39701464772224 -0.60777246952057
vn 0.60710561275482 -0.44482117891312 -0.65845036506653
vn 0.32353895902634 -0.76145565509796 -0.5617008805275
vn 0.22710190713406 -0.77727794647217 -0.58673989772797
vn 0.00753139518201 0.60588663816452 -0.79551529884338
vn 0.01321896072477 0.64332276582718 -0.76548093557358
vn 0.71335804462433 0.45119652152061 -0.53622943162918
vn 0.71348923444748 0.45116919279099 -0.53607791662216
vn 0.70130574703217 -0.41001430153847 0.58314538002014
vn -0.63102108240128 0.14237976074219 -0.76258796453476
vn -0.64576417207718 0.20109815895557 -0.73657870292664
vn 0.74555546045303 0.40573194622993 -0.52870470285416
vn 0.74708443880081 0.4124496281147 -0.52129656076431
vn 0.0529067479074 -0.7870386838913 -0.614630818367
vn 0.18622289597988 0.61248236894608 -0.7682358622551
vn -0.21359790861607 0.9157053232193 -0.34038162231445
vn -0.21360176801682 0.9156905412674 -0.34041902422905
vn -0.21338075399399 0.91574341058731 -0.34041541814804
vn -0.21344040334225 0.91573119163513 -0.34041088819504
vn -0.39410126209259 -0.8836105465889 0.25281730294228
vn -0.01887562870979 -0.85318464040756 -0.52126735448837
vn 0.21493901312351 -0.91538143157959 0.34040865302086
vn -0.14831632375717 0.89661687612534 0.41722950339317
vn -0.14828354120255 0.89663887023926 0.41719391942024
vn -0.1482221186161 0.89667665958405 0.4171344935894
vn 0.87332439422607 0.4163806438446 0.25284719467163
vn 0.87108278274536 0.41588467359543 0.26125609874725
vn 0.16534848511219 0.06640814244747 -0.98399686813354
vn 0.30100813508034 0.94605672359467 0.1198782324791
vn -0.06581395119429 -0.61632603406906 0.78473609685898
vn -0.06587687134743 -0.61639255285263 0.78467857837677
vn -0.05081431567669 0.78709065914154 0.61474078893662
vn -0.05090673267841 0.78719490766525 0.61459958553314
vn -0.65774810314178 -0.72450107336044 -0.20607170462608
vn -0.30444499850273 -0.94196075201035 -0.14150348305702
vn -0.08265948295593 -0.71530920267105 0.69390207529068
vn -0.1515351831913 -0.69773685932159 0.70014315843582
vn 0.46122977137566 -0.72336101531982 -0.51382476091385
vn -0.00750031182542 -0.76956325769424 -0.63852655887604
vn 0.74192005395889 0.41235142946243 -0.52869737148285
vn 0.74340188503265 0.41904637217522 -0.52130007743835
vn 0.66723364591599 -0.3481952548027 0.65845221281052
vn 0.66489273309708 -0.31338337063789 0.67801809310913
vn 0.71455079317093 0.43132430315018 -0.55079627037048
vn 0.71227961778641 0.41111081838608 -0.56889861822128
vn -0.70758330821991 0.40419942140579 -0.57961082458496
vn -0.70381903648376 0.41069132089615 -0.57963037490845
vn -0.27184620499611 -0.95428985357285 -0.12421986460686
vn -0.10700204223394 0.59985518455505 -0.7929213643074
vn -0.11628647893667 0.60180824995041 -0.79012924432755
vn 0.98904603719711 0.14284588396549 -0.03718805685639
vn 0.98611694574356 0.165347635746 -0.01528160925955
vn 0.40573284029961 -0.68255496025085 0.60786479711533
vn 0.20100720226765 -0.71624439954758 0.66827392578125
vn 0.21572482585907 -0.4642630815506 -0.8590242266655
vn 0.38982403278351 -0.48188924789429 -0.78474199771881
vn -0.17272447049618 0.50948566198349 -0.84296536445618
vn -0.17659720778465 0.53129160404205 -0.82857871055603
vn 0.98393326997757 0.1430351883173 -0.10684669017792
vn 0.98392778635025 0.14309687912464 -0.10681483894587
vn 0.71345001459122 0.45116412639618 -0.53613436222076
vn 0.71204733848572 0.44454127550125 -0.5434809923172
vn -0.70405155420303 0.41076186299324 -0.57929795980453
vn -0.70377314090729 0.41079476475716 -0.57961285114288
vn 0.05106360092759 0.61776334047318 -0.78470438718796
vn 0.05097080767155 0.61771243810654 -0.78475046157837
vn -0.43604609370232 0.72005569934845 0.53979957103729
vn 0.12159674614668 -0.6077024936676 0.78480058908463
vn 0.12153352797031 -0.60776144266129 0.78476470708847
vn 0.99158650636673 0.1129402294755 -0.06325153261423
vn 0.99150055646896 0.11353489011526 -0.06353328377008
vn 0.71324288845062 0.43804606795311 -0.54717475175858
vn -0.70098501443863 0.41057202219963 -0.58313858509064
vn -0.70379424095154 0.41072633862495 -0.57963567972183
vn 0.14115978777409 0.15303508937359 0.97808700799942
vn 0.1413152217865 0.15312793850899 0.97804999351501
vn 0.14118973910809 0.1530649214983 0.97807800769806
vn -0.70914781093597 -0.45360833406448 0.53976738452911
vn -0.71308034658432 -0.44729244709015 0.53985726833344
vn -0.70099782943726 0.41057953238487 -0.5831179022789
vn -0.70086371898651 0.41073042154312 -0.58317285776138
vn -0.40722694993019 -0.55982375144958 0.72163951396942
vn -0.40781807899475 -0.57097661495209 0.71250975131989
vn -0.91580647230148 0.23166263103485 -0.32807150483131
vn -0.91753423213959 0.25725960731506 -0.30323004722595
vn -0.40538188815117 -0.5765722990036 0.70938700437546
vn 0.91401016712189 -0.2386589050293 0.32806614041328
vn 0.91314554214478 -0.22419254481792 0.34044516086578
vn -0.7118359208107 -0.45373368263245 0.53611135482788
vn -0.71051442623138 -0.4471028149128 0.54338598251343
vn 0.69744694232941 -0.41647440195084 0.58319538831711
vn 0.69745963811874 -0.41648197174072 0.58317476511002
vn 0.40109816193581 0.57941257953644 -0.70950776338577
vn 0.40129670500755 0.57936608791351 -0.70943349599838
vn 0.91512680053711 -0.20941381156445 0.34451243281364
vn 0.91340410709381 -0.21675691008568 0.34454223513603
vn -0.08269029855728 -0.7679009437561 0.63520896434784
vn -0.08093975484371 -0.76536506414413 0.63848656415939
vn 0.80110961198807 0.33085030317307 0.49875989556313
vn 0.80352002382278 0.3307269513607 0.49494978785515
vn -0.39913746714592 -0.5808619260788 0.70942842960358
vn -0.40532064437866 -0.57657408714294 0.70942050218582
vn 0.91340774297714 -0.21678903698921 0.34451234340668
vn 0.91511690616608 -0.20941156148911 0.34453997015953
vn -0.71161383390427 -0.440574914217 0.54726547002792
vn 0.70132303237915 -0.40991240739822 0.58319622278214
vn 0.71474033594131 0.44466969370842 -0.53982877731323
vn -0.70098125934601 0.41053858399391 -0.58316665887833
vn -0.23622664809227 -0.64399027824402 0.72764933109283
vn -0.23616287112236 -0.64401811361313 0.72764539718628
vn -0.63169860839844 0.67041802406311 0.38922560214996
vn -0.63256919384003 0.66725707054138 0.39322289824486
vn -0.70099025964737 0.41051259636879 -0.58317410945892
vn 0.12337682396173 -0.60394638776779 0.78741788864136
vn 0.12531554698944 -0.60001456737518 0.79011297225952
vn 0.99050372838974 0.12797327339649 -0.05025177076459
vn 0.98282390832901 0.150470495224 -0.10684499144554
vn 0.17191137373447 -0.50976514816284 0.84296262264252
vn 0.17518889904022 -0.50072276592255 0.84769427776337
vn 0.69845920801163 -0.40979400277138 0.58670574426651
vn 0.694615483284 -0.41623175144196 0.58673709630966
vn 0.7147775888443 0.44464215636253 -0.53980207443237
vn 0.69842654466629 -0.40976190567017 0.58676701784134
vn 0.12162753194571 -0.60770016908646 0.78479760885239
vn -0.99141275882721 -0.11675076186657 0.05890663713217
vn -0.99074906110764 -0.12425380200148 0.05456417053938
vn -0.24434950947762 0.71792316436768 0.65182787179947
vn -0.2443500161171 0.71789342164993 0.65186047554016
vn -0.24438437819481 0.71790260076523 0.65183752775192
vn -0.24437889456749 0.717917740345 0.65182292461395
vn -0.02818832173944 -0.81183612346649 0.58320450782776
vn -0.02821954898536 -0.81183540821075 0.58320397138596
vn -0.04512576386333 0.58319735527039 0.81107616424561
vn -0.04509489610791 0.58323353528976 0.81105184555054
vn -0.71167850494385 -0.44070127606392 0.54707962274551
vn 0.23338520526886 0.64484065771103 -0.72781306505203
vn 0.22953739762306 0.64301717281342 -0.73064458370209
vn 0.6318661570549 -0.66789865493774 -0.39326393604279
vn 0.63189268112183 -0.66789370775223 -0.39322975277901
vn 0.02268788032234 0.81201362609863 -0.58319729566574
vn 0.02265705913305 0.81202900409698 -0.58317708969116
vn 0.69746869802475 -0.41645613312721 0.58318239450455
vn -0.13984797894955 -0.56432950496674 0.81361830234528
vn -0.22928427159786 -0.32203549146652 0.91854333877563
vn -0.88782835006714 -0.08297023177147 -0.45263311266899
vn -0.77307945489883 -0.34478881955147 -0.53241789340973
vn -0.71167373657227 -0.44063583016396 0.54713851213455
vn 0.70414823293686 -0.41010728478432 0.57964408397675
vn -0.71178650856018 -0.45375338196754 0.5361602306366
vn 0.7013019323349 -0.40998083353043 0.58317345380783
vn 0.70132678747177 -0.40994587540627 0.58316814899445
vn -0.50582993030548 0.51261138916016 -0.69380515813828
vn -0.50335699319839 0.52748262882233 -0.68439304828644
vn -0.55404633283615 0.43041798472404 0.71258193254471
vn -0.56767243146896 0.41238677501678 0.71252030134201
vn 0.10712791979313 0.6174231171608 -0.77930247783661
vn 0.10722266882658 0.61739754676819 -0.77930968999863
vn -0.11634571105242 0.78557568788528 0.60772895812988
vn -0.1163793951273 0.78556090593338 0.60774165391922
vn 0.7041392326355 -0.41013327240944 0.57963669300079
vn 0.04153214395046 -0.67823332548141 0.73367202281952
vn 0.04897073656321 -0.66808956861496 0.74246764183044
vn 0.76579761505127 0.4928230047226 0.41313380002975
vn 0.78186821937561 0.48048380017281 0.39726242423058
vn -0.53574275970459 0.28320017457008 -0.79547303915024
vn -0.71155565977097 0.22678902745247 -0.66502279043198
vn 0.22019490599632 -0.82449644804001 -0.52126747369766
vn 0.33988437056541 -0.66173702478409 -0.66826844215393
vn -0.9812975525856 -0.15397131443024 0.11553317308426
vn -0.98128223419189 -0.15406756103039 0.11553505063057
vn -0.17265927791595 0.50947773456573 -0.84298354387283
vn -0.16894318163395 0.50298571586609 -0.84762227535248
vn 0.69460272789001 -0.41622412204742 0.58675760030746
vn 0.698446393013 -0.40978649258614 0.58672624826431
vn -0.71289855241776 -0.43404561281204 0.55079942941666
vn -0.71435934305191 -0.40719640254974 0.56910616159439
vn 0.89683693647385 -0.19478656351566 0.39716705679893
vn -0.0848141014576 0.97486209869385 0.20603512227535
vn -0.18919229507446 0.87742847204208 0.44082367420197
vn -0.03203160315752 0.78544616699219 0.61810058355331
vn -0.06234506517649 0.78901660442352 0.6112003326416
vn -0.1216904297471 -0.62507748603821 0.77101850509644
vn -0.11803488433361 -0.61889404058456 0.77655518054962
vn -0.78349393606186 -0.47782787680626 -0.39726278185844
vn -0.76551854610443 -0.49644953012466 -0.40929117798805
vn -0.64048689603806 0.47838851809502 0.60076701641083
vn -0.68835461139679 0.39597499370575 0.6077595949173
vn 0.98393654823303 0.14303566515446 -0.10681580007076
vn 0.98392993211746 0.14312845468521 -0.10675257444382
vn 0.17653298377991 -0.58700573444366 0.79010146856308
vn 0.17475351691246 -0.57669907808304 0.7980472445488
vn 0.38953873515129 0.5489793419838 -0.73951423168182
vn 0.392449259758 0.56645447015762 -0.72464674711227
vn 0.91375482082367 -0.26079154014587 0.31151229143143
vn 0.91116678714752 -0.30403476953506 0.27809697389603
vn -0.98127514123917 -0.15406645834446 0.11559671163559
vn -0.7251443862915 -0.44110554456711 0.528764128685
vn -0.72755217552185 -0.42804354429245 0.53614038228989
vn 0.67441457509995 -0.38216099143028 0.6317577958107
vn 0.71514636278152 -0.14231675863266 0.6843329668045
vn 0.59985142946243 -0.3188790678978 0.73382180929184
vn -0.34659799933434 0.72041511535645 0.60072612762451
vn -0.14115877449512 0.82501477003098 0.5471972823143
vn 0.00378131703474 0.8148894906044 -0.57960402965546
vn 0.05850112065673 -0.57841730117798 -0.81364059448242
vn 0.04153160378337 -0.58347374200821 -0.8110693693161
vn 0.12734791636467 -0.59601950645447 0.79280722141266
vn -0.72872674465179 -0.42141088843346 0.53978717327118
vn 0.64382809400558 -0.44632330536842 0.62151503562927
vn 0.67745637893677 -0.40919890999794 0.6112357378006
vn 0.52348583936691 -0.36260557174683 -0.77102512121201
vn 0.49473440647125 -0.37344932556152 -0.78471231460571
vn 0.39666900038719 0.57879990339279 -0.71249169111252
vn 0.39916741847992 0.57320356369019 -0.71561378240585
vn -0.9164365530014 0.21691343188286 -0.33629238605499
vn -0.2311917245388 0.80448347330093 -0.54713499546051
vn 0.21581999957561 -0.4642661511898 -0.85899865627289
vn 0.01887504756451 -0.64993911981583 0.75975185632706
vn 0.05275052413344 -0.70900702476501 0.70322567224503
vn 0.8387895822525 -0.4494107067585 -0.30734679102898
vn 0.4351344704628 -0.7233595252037 -0.5361053943634
vn -0.20391170680523 -0.24366277456284 0.94818168878555
vn -0.31815853714943 -0.28497079014778 0.90419399738312
vn -0.49482262134552 0.84207969903946 0.21459813416004
vn -0.05646995827556 0.93248867988586 0.35675764083862
vn 0.05837653577328 0.53470158576965 -0.84302216768265
vn 0.21297207474709 0.55638366937637 -0.80316877365112
vn -0.83532708883286 0.48591470718384 0.25712949037552
vn -0.42020371556282 0.74274736642838 0.52130138874054
vn 0.37557688355446 0.2560410797596 -0.89072161912918
vn -0.84993398189545 -0.36376187205315 -0.38116869330406
vn -0.94138193130493 -0.09425069391727 -0.32390865683556
vn -0.12687604129314 -0.24981455504894 0.95994538068771
vn -0.007625174243 -0.80717462301254 0.59026348590851
vn -0.24819028377533 0.61519438028336 0.74828964471817
vn -0.05828273668885 0.5926713347435 0.80333292484283
vn 0.24175594747066 0.60713994503021 -0.75692480802536
vn -0.70108491182327 -0.47014001011848 -0.53614211082458
vn 0.55557984113693 -0.4902965426445 0.67152094841003
vn 0.39298474788666 -0.33960756659508 -0.85453480482101
vn -0.60366916656494 0.05278237909079 -0.79548573493958
vn 0.75079107284546 0.41969299316406 -0.51006919145584
vn -0.9118646979332 -0.39963418245316 0.09378340095282
vn -0.9019216299057 -0.39244416356087 0.18034681677818
vn -0.31782326102257 0.66605389118195 -0.6748041510582
vn -0.32838672399521 0.56873911619186 -0.7541207075119
vn 0.17960016429424 -0.55295723676682 0.81362283229828
vn -0.08478412032127 0.78696411848068 0.61114573478699
vn 0.12394066154957 0.61076557636261 -0.78205120563507
vn 0.12762886285782 0.61698746681213 -0.77655482292175
vn -0.12546987831593 -0.61741179227829 0.77656936645508
vn -0.12550429999828 -0.61745864152908 0.77652657032013
vn -0.91322213411331 0.37879559397697 0.15013068914413
vn -0.91101235151291 0.38238018751144 0.15440833568573
vn 0.70131474733353 -0.40998831391335 0.58315283060074
vn 0.32947701215744 -0.56820178031921 0.75405019521713
vn 0.32788571715355 -0.57286244630814 0.75121206045151
vn -0.91280764341354 -0.39641770720482 0.09815908223391
vn 0.04153265804052 -0.58348852396011 -0.81105870008469
vn 0.04156355932355 -0.58345234394073 -0.81108313798904
vn 0.04156385362148 -0.58348774909973 -0.81105762720108
vn -0.12206683307886 0.60767787694931 -0.7847466468811
vn -0.12015884369612 0.60466927289963 -0.78736072778702
vn -0.99141818284988 -0.11668889969587 0.05893820524216
vn -0.99114459753036 -0.11672105640173 0.06331374496222
vn -0.08293908089399 -0.97679990530014 -0.19744126498699
vn -0.08297111839056 -0.97677785158157 -0.19753687083721
vn -0.08293806016445 -0.9767878651619 -0.19750133156776
vn -0.08290753513575 -0.9767963886261 -0.19747181236744
vn -0.17315979301929 0.5549800992012 -0.81364166736603
vn -0.17681759595871 0.57601660490036 -0.79808551073074
vn 0.98393768072128 0.14300456643105 -0.10684716701508
vn 0.74551981687546 0.40576079487801 -0.52873283624649
vn 0.65470260381699 -0.24363063275814 0.71554780006409
vn 0.64920490980148 -0.20063038170338 0.73367595672607
vn -0.41691938042641 -0.53664189577103 0.73361682891846
vn 0.91377484798431 -0.26072585582733 0.31150847673416
vn 0.54924017190933 -0.42142269015312 -0.72162187099457
vn 0.47201082110405 -0.49332383275032 -0.73064178228378
vn -0.48422792553902 0.56854200363159 -0.66504383087158
vn 0.32950872182846 -0.56826502084732 0.75398868322372
vn 0.18747365474701 -0.6015157699585 0.77655160427094
vn -0.12794114649296 -0.78374099731445 -0.60776728391647
vn -0.19088068604469 -0.82224321365356 -0.5361722111702
vn -0.03012526221573 -0.58413010835648 0.8111007809639
vn -0.00946898106486 -0.80198836326599 -0.59726458787918
vn -0.10668911039829 -0.57872748374939 0.80851221084595
vn 0.00387510401197 -0.54901474714279 0.83580368757248
vn -0.39138889312744 -0.72330695390701 -0.56889522075653
vn -0.02262558974326 -0.78845804929733 -0.61467224359512
vn 0.2596016228199 -0.62798780202866 -0.73364728689194
vn -0.13894201815128 -0.73968029022217 -0.65845894813538
vn -0.26447197794914 0.71375870704651 -0.64853918552399
vn -0.41488528251648 0.64820349216461 -0.63851577043533
vn -0.46275931596756 -0.78635966777802 -0.40925824642181
vn 0.05462526902556 -0.94162970781326 -0.33218914270401
vn -0.84992426633835 -0.36378899216652 -0.38116434216499
vn -0.12481673061848 -0.24616459012032 0.96115750074387
vn -0.15706571936607 -0.22700467705727 0.96114474534988
vn 0.95773035287857 0.12034521251917 0.26128441095352
vn 0.21219450235367 -0.56020593643188 0.8007138967514
vn 0.28619110584259 -0.54591315984726 0.78744745254517
vn 0.11781552433968 0.78258264064789 0.61129695177078
vn 0.51773881912231 0.72355931997299 0.45651769638062
vn -0.4035986661911 0.68391454219818 -0.60775738954544
vn -0.60882955789566 0.53004610538483 -0.59023529291153
vn 0.39301115274429 -0.33960339426994 -0.85452431440353
vn 0.3897916674614 -0.48191910982132 -0.78473973274231
vn -0.03581361100078 -0.74014800786972 0.67148959636688
vn 0.88030189275742 0.2530996799469 0.40125942230225
vn -0.03578181564808 0.67866694927216 -0.73357403278351
vn 0.00384382088669 0.68595016002655 -0.72763842344284
vn -0.68513840436935 -0.56129217147827 -0.46425905823708
vn -0.76554125547409 -0.4964439868927 -0.40925535559654
vn 0.19716167449951 0.06684558838606 -0.97808945178986
vn -0.72385913133621 -0.44754076004028 0.52510493993759
vn 0.67150753736496 -0.40869209170341 0.6181007027626
vn 0.08278293907642 0.76517182588577 -0.63848179578781
vn 0.08297081291676 0.76517522335052 -0.63845336437225
vn -0.80239230394363 -0.32772582769394 -0.4987607896328
vn -0.80230140686035 -0.32794573903084 -0.49876254796982
vn 0.19716003537178 0.06697003543377 -0.97808122634888
vn -0.64414823055267 -0.76015239953995 -0.08509681373835
vn -0.64418178796768 -0.76012390851974 -0.08509711921215
vn -0.27197110652924 -0.95425832271576 -0.12418857961893
vn -0.91420519351959 0.2134103924036 -0.3445066511631
vn 0.62010210752487 -0.55866378545761 -0.55078864097595
vn 0.6201536655426 -0.55861955881119 -0.55077546834946
vn 0.62011277675629 -0.55867338180542 -0.55076688528061
vn 0.62012356519699 -0.5586519241333 -0.55077654123306
vn -0.51945579051971 0.69939959049225 0.49092349410057
vn -0.49276047945023 0.70773380994797 0.50626075267792
vn -0.09022051095963 -0.60273051261902 0.79282796382904
vn -0.09750205278397 -0.61554419994354 0.78204774856567
vn -0.41920375823975 -0.50567591190338 0.75402921438217
vn -0.91473734378815 0.30047485232353 -0.27013048529625
vn -0.90653860569 0.36840924620628 -0.20606416463852
vn 0.96491533517838 -0.2610337138176 0.02828151546419
vn 0.96492040157318 -0.26103508472443 0.0280941631645
vn 0.96492826938629 -0.26100596785545 0.02809439226985
vn -0.87397134304047 -0.24235314130783 -0.42123508453369
vn 0.14897279441357 -0.56564033031464 0.81108450889587
vn 0.16884718835354 -0.56373023986816 0.80851644277573
vn 0.75262004137039 0.58227026462555 0.30744820833206
vn 0.74382948875427 0.49188622832298 -0.45251032710075
vn 0.75064784288406 0.46617045998573 -0.46820175647736
vn 0.43491265177727 0.30391073226929 0.8476374745369
vn 0.34373128414154 0.43270328640938 0.83343666791916
vn 0.43506923317909 -0.72335493564606 -0.53616452217102
vn 0.8387685418129 -0.44944742321968 -0.30735051631927
vn 0.37958061695099 -0.64987474679947 0.6584689617157
vn 0.3892243206501 -0.84757459163666 0.36072388291359
vn -0.87288826704025 -0.32841125130653 0.36084923148155
vn -0.90189874172211 -0.39251032471657 0.18031725287437
vn -0.72982412576675 -0.41475659608841 0.54344612360001
vn -0.72977304458618 -0.41479435563087 0.54348593950272
vn 0.10909615457058 0.65763944387436 -0.74539142847061
vn 0.02609386853874 0.77462857961655 0.63187789916992
vn -0.33875396847725 -0.17018949985504 0.92535465955734
vn 0.93805664777756 0.14284761250019 0.31566479802132
vn 0.94127756357193 -0.06034551933408 0.33219721913338
vn 0.48382431268692 -0.85814595222473 -0.1717541962862
vn -0.12200459837914 0.60764783620834 -0.78477954864502
vn -0.10331416130066 0.59363448619843 -0.79807531833649
vn -0.9776736497879 -0.20984748005867 -0.01087519340217
vn -0.98476958274841 -0.17275343835354 0.01962538994849
vn -0.72332984209061 -0.42122885584831 0.54713815450668
vn -0.64578646421432 0.20106412470341 -0.73656845092773
vn -0.63098722696304 0.14237916469574 -0.76261609792709
vn 0.36194938421249 -0.76774394512177 -0.52873611450195
vn 0.25629046559334 -0.78405946493149 -0.56530159711838
vn -0.00381259131245 0.58492022752762 -0.8110818862915
vn 0.0132814636454 0.63326025009155 -0.77382498979568
vn -0.5500208735466 -0.08284689486027 -0.83103156089783
vn 0.75220334529877 0.43929052352905 -0.49113535881042
vn -0.88558292388916 -0.27135002613068 -0.37697747349739
vn -0.27522400021553 0.66216892004013 0.6969820857048
vn -0.48332539200783 0.50863856077194 0.71251904964447
vn 0.57829678058624 -0.14222256839275 -0.80333405733109
vn 0.48891308903694 -0.20609663426876 -0.8476368188858
vn -0.81120640039444 0.13531565666199 -0.56888824701309
vn -0.8189485669136 -0.07546977698803 -0.56888270378113
vn 0.34410440921783 0.49035894870758 -0.80071234703064
vn 0.28888073563576 0.46244668960571 -0.83826667070389
vn -0.75282394886017 0.6569162607193 0.0414381287992
vn -0.8663826584816 0.48781684041023 -0.1068447008729
vn 0.22588160634041 0.44685685634613 -0.86561912298203
vn 0.73836666345596 -0.67439597845078 -0.00218756776303
vn 0.48380041122437 -0.85815894603729 -0.17175680398941
vn 0.04909498244524 -0.78458219766617 -0.61807805299759
vn -0.70573747158051 -0.42713633179665 0.56523376703262
vn -0.71783065795898 -0.42107316851616 0.55445152521133
vn -0.60370403528214 0.05278269574046 -0.7954592704773
vn -0.55004268884659 -0.08284546434879 -0.83101725578308
vn -0.09406337141991 0.59159928560257 -0.80072617530823
vn 0.96149694919586 0.2684141099453 0.05897047743201
vn -0.00562517251819 -0.60601854324341 0.79543060064316
vn 0.08828286826611 -0.5924796462059 0.80073344707489
vn 0.25650826096535 -0.79424428939819 -0.5507989525795
vn 0.22713154554367 -0.77727246284485 -0.58673572540283
vn 0.3736606836319 0.52394372224808 -0.76541537046432
vn 0.89692479372025 -0.38175788521767 0.22312961518764
vn 0.74189376831055 0.41235417127609 -0.52873212099075
vn -0.655890583992 0.24050571024418 -0.71551698446274
vn -0.66511207818985 0.27600762248039 -0.69386285543442
vn 0.06790877878666 -0.78587299585342 -0.61464786529541
vn 0.08665734529495 -0.78669738769531 -0.61122637987137
vn -0.04340755939484 0.67817664146423 -0.7336158156395
vn -0.78346049785614 -0.47785773873329 -0.39729288220406
vn 0.1053459122777 0.56816798448563 -0.81614178419113
vn 0.10515780746937 0.56816470623016 -0.81616830825806
vn -0.02071902900934 0.82213604450226 0.56891387701035
vn -0.02081294357777 0.82217383384705 0.56885588169098
vn -0.10881663113832 -0.61711716651916 0.77931082248688
vn -0.99115896224976 -0.11653156578541 0.06343767791986
vn -0.991146504879 -0.11672128736973 0.06328262388706
vn 0.28857287764549 -0.4495787024498 0.84534293413162
vn -0.12206384539604 0.60766297578812 -0.7847586274147
vn -0.99115210771561 -0.1166906952858 0.06325173377991
vn -0.99200814962387 -0.10915714502335 0.06328176707029
vn 0.73943394422531 0.37110766768456 0.56170856952667
vn 0.73945671319962 0.37107214331627 0.56170207262039
vn 0.7395281791687 0.37101411819458 0.56164634227753
vn -0.0244380813092 0.7857374548912 0.61807721853256
vn -0.11619115620852 -0.615738093853 0.77933704853058
vn -0.94218122959137 0.06768929213285 -0.32819619774818
vn -0.66772955656052 0.31438010931015 -0.67476093769073
vn 0.66092246770859 -0.27928811311722 0.69654840230942
vn -0.49789008498192 0.36916744709015 0.78474253416061
vn -0.49463286995888 0.35006806254387 0.79548138380051
vn -0.87141817808151 -0.44713109731674 -0.20175275206566
vn -0.93002158403397 -0.34741428494453 -0.11984653025866
vn -0.25769433379173 0.7810206413269 0.56885880231857
vn 0.27560329437256 -0.94581401348114 0.17169345915318
vn -0.88007950782776 -0.17622216045856 0.44091475009918
vn -0.52785843610764 -0.69826942682266 -0.48351344466209
vn -0.13153418898582 0.68282777070999 -0.71864104270935
vn 0.005687717814 0.64352464675903 -0.7654042840004
vn 0.98183012008667 -0.18762837350368 0.02837551012635
vn 0.90803402662277 -0.03762641176581 0.41720312833786
vn 0.95999145507812 -0.0753767862916 0.26969385147095
vn -0.06415766477585 -0.99533438682556 -0.07206407934427
vn 0.05471910908818 -0.98047518730164 -0.18887622654438
vn -0.24790951609612 -0.60466420650482 0.75691616535187
vn -0.24394084513187 -0.68710321187973 0.68438440561295
vn -0.9848198890686 0.17247003316879 -0.0195938963443
vn -0.52785044908524 -0.69825887680054 -0.48353737592697
vn -0.13894166052341 -0.73970973491669 -0.65842598676682
vn 0.17203791439533 0.75865441560745 0.62836807966232
vn -0.0339383110404 0.77992480993271 0.62495237588882
vn 0.26503995060921 -0.6695219874382 0.69389778375626
vn 0.28422111272812 -0.89938241243362 0.33215901255608
vn 0.88039404153824 0.28238108754158 -0.38100823760033
vn 0.86565113067627 0.44385716319084 -0.23160074651241
vn 0.0564377643168 -0.63769048452377 0.76822239160538
vn -0.68516904115677 -0.56122922897339 -0.46428990364075
vn -0.23225808143616 0.77577704191208 0.58670789003372
vn -0.24275784194469 0.7448365688324 0.62152004241943
vn -0.07915815711021 0.57963895797729 -0.81101953983307
vn -0.67901754379272 0.37960356473923 -0.62835997343063
vn -0.67349338531494 0.34232503175735 -0.65514898300171
vn 0.06790747493505 -0.7858579158783 -0.61466729640961
vn 0.03400084748864 -0.78533202409744 -0.61814039945602
vn -0.67348682880402 0.34229043126106 -0.65517383813858
vn 0.79634916782379 0.41401907801628 0.44092655181885
vn 0.1127524971962 -0.78604865074158 -0.60779470205307
vn 0.11303167790174 -0.78606551885605 -0.60772103071213
vn -0.07165738940239 0.85932612419128 0.506383061409
vn -0.0716577321291 0.85936152935028 0.50632297992706
vn -0.07168995589018 0.85937321186066 0.50629860162735
vn 0.0225316490978 -0.82210832834244 -0.56888508796692
vn 0.02265658788383 -0.82210600376129 -0.56888347864151
vn 0.43833118677139 -0.71868687868118 -0.53977304697037
vn 0.42526137828827 -0.7264569401741 -0.53982692956924
vn 0.04906347021461 0.62132483720779 -0.78201550245285
vn -0.02456326596439 0.78568077087402 0.61814427375793
vn -0.11634589731693 -0.61576133966446 0.77929556369782
vn 0.99097180366516 0.12037536501884 -0.05903142690659
vn 0.4947338104248 -0.37338638305664 -0.7847426533699
vn 0.05843863263726 0.96792495250702 0.24434846639633
vn 0.06443789601326 0.99531865119934 0.07203169167042
vn 0.09415858238935 0.6161402463913 -0.78198808431625
vn 0.07537572085857 0.6255059838295 -0.77656990289688
vn 0.88126510381699 0.18006558716297 -0.43697625398636
vn -0.57660043239594 0.13447031378746 0.80588442087173
vn -0.4668889939785 0.21897532045841 0.85677564144135
vn -0.74839478731155 0.13903492689133 -0.64851713180542
vn -0.39206856489182 0.43885052204132 -0.80851250886917
vn -0.59804666042328 0.32272705435753 -0.73361259698868
vn -0.26334714889526 0.68632143735886 0.67794626951218
vn 0.01681295596063 0.62626695632935 -0.77942734956741
vn 0.07912555336952 0.52084743976593 -0.84997475147247
vn 0.01503174658865 0.80708914995193 0.59023821353912
vn 0.28741392493248 0.74311363697052 0.60429745912552
vn -0.05093889310956 -0.96158879995346 -0.26972612738609
vn 0.01131272874773 -0.70779550075531 0.7063267827034
vn -0.11631551384926 -0.6792363524437 0.72464382648468
vn -0.97721666097641 0.20622490346432 0.05018899589777
vn -0.98695892095566 0.04528223350644 -0.15447211265564
vn 0.5525113940239 0.08990810066462 0.82864207029343
vn 0.60708218812943 -0.05253295227885 0.79290068149567
vn 0.63446134328842 -0.14194284379482 0.75980985164642
vn 0.08122070878744 0.71542346477509 -0.69395422935486
vn -0.01696899347007 0.65329056978226 -0.75691705942154
vn 0.60867947340012 0.60455429553986 0.51383209228516
vn 0.38153663277626 0.69344729185104 0.61119610071182
vn 0.2284721583128 0.56125837564468 -0.79548066854477
vn -0.00753134954721 -0.76960390806198 -0.63847720623016
vn 0.4612021446228 -0.72339797019958 -0.51379758119583
vn 0.9921470284462 -0.01512533612549 0.12415901571512
vn 0.97460329532623 -0.21718961000443 -0.05456303060055
vn -0.53351283073425 0.45094835758209 0.71554851531982
vn -0.62423712015152 0.24316340684891 0.74242812395096
vn -0.68876433372498 -0.42585262656212 0.58673095703125
vn -0.42763611674309 -0.30135157704353 -0.85224092006683
vn -0.38894259929657 -0.37162986397743 0.84297978878021
vn -0.41920530796051 -0.44717526435852 0.79012733697891
vn 0.13962748646736 -0.5717601776123 0.80845189094543
vn -0.6181378364563 -0.59810620546341 -0.5100731253624
vn 0.91278225183487 0.39646917581558 -0.09818760305643
vn 0.94315218925476 0.31163397431374 -0.11553458124399
vn -0.98886972665787 -0.14287874102592 0.04150108993053
vn -0.98476487398148 -0.17278385162354 0.01959404535592
vn -0.72986352443695 -0.41476121544838 0.5433896780014
vn -0.71340364217758 -0.39373457431793 0.57967954874039
vn -0.7103596329689 0.40438401699066 -0.57607531547546
vn 0.49470445513725 -0.37341904640198 -0.78474563360214
vn 0.52345716953278 -0.36263865232468 -0.77102905511856
vn -0.66279572248459 0.41247773170471 -0.62495112419128
vn -0.643419444561 0.44691541790962 -0.62151271104813
vn -0.0882213562727 -0.58895492553711 0.80333626270294
vn -0.17493894696236 0.58744233846664 -0.79013150930405
vn 0.74108624458313 0.43217009305954 -0.51382899284363
vn -0.67896246910095 0.37963896989822 -0.62839812040329
vn -0.98887097835541 -0.14287893474102 0.04146989062428
vn 0.71213781833649 0.39081951975822 -0.58319795131683
vn 0.74330711364746 0.43279632925987 -0.51008021831512
vn -0.678013920784 0.40303951501846 -0.61470013856888
vn 0.49192553758621 -0.71365296840668 -0.49870705604553
vn 0.51653665304184 -0.70141363143921 -0.49113014340401
vn -0.17094060778618 0.97686153650284 -0.12853360176086
vn -0.17091028392315 0.97686672210693 -0.12853428721428
vn -0.17084960639477 0.97687715291977 -0.12853565812111
vn 0.68497949838638 0.5516961812973 0.4758512377739
vn -0.87798237800598 -0.47785118222237 0.02837544120848
vn 0.97762095928192 0.20981833338737 0.01528167538345
vn 0.13103361427784 -0.58813560009003 0.79807686805725
vn 0.13603512942791 -0.57939153909683 0.80361676216125
vn -0.66774368286133 0.31438672542572 -0.67474395036697
vn -0.66513526439667 0.27597299218178 -0.6938544511795
vn -0.3378247320652 0.51961261034012 -0.78477847576141
vn 0.60711401700974 -0.44479611515999 -0.65845954418182
vn -0.91063416004181 0.1688766926527 -0.37712877988815
vn -0.74852418899536 0.30900996923447 -0.5867063999176
vn 0.27132329344749 -0.85956543684006 -0.43304845690727
vn 0.0546564720571 -0.9804727435112 -0.18890701234341
vn -0.65584027767181 0.2405101954937 -0.71556156873703
vn 0.61311799287796 -0.4314858019352 0.6617448925972
vn -0.44926595687866 0.72280693054199 0.52508115768433
vn -0.88010597229004 -0.17625243961811 0.44084984064102
vn -0.93408852815628 -0.1501916795969 0.32391527295113
vn -0.36922532320023 0.87557810544968 -0.31150552630424
vn -0.27600473165512 0.94645369052887 -0.16747161746025
vn 0.03396927565336 -0.78538715839386 -0.61807209253311
vn 0.12203586101532 0.61467945575714 -0.77927941083908
vn -0.11278262734413 0.60597616434097 -0.78744715452194
vn -0.10119088739157 -0.56886279582977 0.81618350744247
vn 0.01318787131459 0.83933609724045 0.54345279932022
vn -0.38831859827042 0.48307010531425 0.78476232290268
vn -0.27197006344795 -0.95425462722778 -0.1242193505168
vn -0.36260160803795 0.74367237091064 0.56166845560074
vn -0.04709513485432 -0.55792266130447 0.82855558395386
vn -0.96049892902374 -0.27197730541229 -0.05890810117126
vn 0.33651006221771 0.17466147243977 -0.92534011602402
vn 0.34091103076935 0.17497120797634 -0.92366915941238
vn -0.94103127717972 0.06406462937593 -0.33219853043556
vn -0.19100262224674 -0.82226127386093 -0.53610110282898
vn -0.19103445112705 -0.8222324848175 -0.53613394498825
vn -0.32844629883766 0.56879645586014 -0.75405144691467
vn -0.32844236493111 0.568852186203 -0.7540111541748
vn 0.19253842532635 0.82187438011169 0.53614497184753
vn 0.19256679713726 0.82189333438873 0.53610569238663
vn 0.00725016789511 -0.58488857746124 0.81108123064041
vn 0.25637808442116 -0.78404062986374 -0.56528800725937
vn -0.11637645959854 -0.66953963041306 0.73360288143158
vn 0.00375011772849 -0.65017664432526 0.75977385044098
vn -0.61817854642868 -0.5980840921402 -0.510049700737
vn 0.91095584630966 -0.38247644901276 -0.15450310707092
vn 0.98184078931808 -0.18756790459156 0.02840706892312
vn -0.12797117233276 -0.78376483917236 -0.60773020982742
vn -0.00940637104213 -0.8019477725029 -0.59732013940811
vn 0.03212565556169 0.55894899368286 -0.82857948541641
vn -0.19466359913349 0.54783320426941 -0.81362450122833
vn 0.91317015886307 -0.22419092059135 0.34038019180298
vn 0.91400074958801 -0.23872710764408 0.32804274559021
vn -0.96048897504807 -0.27200573682785 -0.05893874168396
vn 0.43826347589493 -0.71870958805084 -0.53979784250259
vn 0.02262535318732 -0.82210659980774 -0.56888389587402
vn -0.04340656101704 0.67816108465195 -0.73363029956818
vn -0.78351771831512 -0.47779205441475 -0.3972589969635
vn 0.80338442325592 0.33087885379791 0.49506831169128
vn 0.80111789703369 0.33082246780396 0.4987650513649
vn -0.30266785621643 0.60483568906784 -0.73659080266953
vn -0.3055123090744 0.59983664751053 -0.73949861526489
vn 0.68776059150696 -0.39700612425804 -0.60775941610336
vn 0.68771058320999 -0.39707583189011 -0.60777044296265
vn -0.5928561091423 0.55160528421402 0.58673101663589
vn -0.59289747476578 0.55158346891403 0.58670973777771
vn -0.592917740345 0.55157321691513 0.58669883012772
vn 0.45385435223579 -0.53104364871979 0.71554797887802
vn 0.3772928416729 -0.54561054706573 0.74830424785614
vn 0.25963163375854 -0.62801605463028 -0.73361247777939
vn 0.47197926044464 -0.49335473775864 -0.73064130544662
vn 0.25647711753845 -0.79427587985992 -0.55076795816422
vn 0.56557780504227 -0.41001108288765 -0.71555060148239
vn 0.40760606527328 -0.47148302197456 0.78202366828918
vn 0.35195058584213 -0.71777665615082 -0.60077238082886
vn 0.35038176178932 -0.79039019346237 -0.50250965356827
vn 0.19866254925728 0.45948332548141 -0.86568367481232
vn -0.13347284495831 -0.93368482589722 -0.33229142427444
vn -0.2716683447361 0.87478893995285 -0.40117409825325
vn 0.94746470451355 0.15041057765484 -0.28228935599327
vn 0.86866933107376 0.33938011527061 -0.36088043451309
vn 0.86870521306992 0.33931943774223 -0.36085110902786
vn -0.87799626588821 -0.47782748937607 0.02834464050829
vn -0.99200332164764 -0.10921911150217 0.06325021386147
vn 0.12747141718864 0.61695045232773 -0.77661007642746
vn 0.12944038212299 0.61313861608505 -0.77929854393005
vn 0.91099172830582 -0.38241589069366 -0.15444140136242
vn 0.38807207345963 0.68986076116562 0.61114007234573
vn 0.38806656002998 0.68978852033615 0.61122512817383
vn 0.38807302713394 0.68983119726181 0.61117285490036
vn -0.10137701779604 -0.56898003816605 0.81607866287231
vn -0.12553443014622 -0.6174219250679 0.7765508890152
vn 0.08669049292803 -0.78668332099915 -0.61123979091644
vn 0.81197160482407 0.3732031583786 0.44880011677742
vn 0.81200307607651 0.37317204475403 0.44876897335052
vn -0.97766655683517 -0.20987722277641 -0.01093761529773
vn 0.85358780622482 -0.50373369455338 0.13281643390656
vn -0.95672768354416 -0.2830026447773 0.06768812984228
vn -0.93407469987869 -0.15022070705891 0.32394170761108
vn 0.73839646577835 -0.67436337471008 -0.00215631281026
vn -0.2135061621666 0.91571396589279 -0.34041607379913
vn 0.51657885313034 -0.70139718055725 -0.49110928177834
vn 0.51650577783585 -0.70141416788101 -0.49116179347038
vn 0.09418857842684 0.61606949567795 -0.78204017877579
vn -0.71309566497803 -0.44728249311447 0.53984528779984
vn -0.70104521512985 0.41038319468498 -0.58319914340973
vn -0.08859473466873 0.63063198328018 -0.7710086107254
vn 0.11465922743082 0.61610972881317 -0.77927023172379
vn 0.11459695547819 0.61607974767685 -0.77930307388306
vn -0.75665283203125 -0.57027095556259 -0.31979301571846
vn -0.32844585180283 0.56917077302933 -0.75376915931702
vn 0.63179445266724 -0.66795146465302 -0.39328947663307
vn -0.64343190193176 0.44692409038544 -0.62149357795715
vn -0.49785509705544 0.36922717094421 0.78473663330078
vn 0.88180488348007 0.26031947135925 0.39326056838036
vn 0.85357081890106 -0.50375491380692 0.13284505903721
vn 0.02653176896274 -0.78567159175873 -0.61807459592819
vn 0.32963183522224 -0.56819927692413 0.7539843916893
vn 0.76801651716232 -0.10518977046013 0.63173234462738
vn 0.8196137547493 0.06781415641308 0.56888884305954
vn -0.45923316478729 0.75014859437942 0.47579619288445
vn -0.39141538739204 -0.72329813241959 -0.56888824701309
vn 0.11272143572569 0.67339104413986 -0.73064243793488
vn -0.75664687156677 -0.5702977180481 -0.31975924968719
vn 0.30503594875336 -0.60366553068161 0.73657381534576
vn 0.68776518106461 -0.3970400094986 -0.60773211717606
vn 0.032031647861 0.83160412311554 0.55444437265396
vn 0.03200098499656 0.83161932229996 0.55442333221436
vn 0.03206342086196 0.8316176533699 0.5544221997261
vn 0.03203220292926 0.83161848783493 0.55442273616791
vn -0.17662912607193 0.53132486343384 -0.8285505771637
vn -0.39916375279427 -0.58085471391678 0.70941954851151
vn 0.9151229262352 -0.20938166975975 0.34454223513603
vn 0.99157160520554 0.11300104111433 -0.06337558478117
vn -0.95964920520782 0.0791894942522 -0.2698193192482
vn -0.89888954162598 0.03021923825145 -0.4371320605278
vn 0.33991900086403 -0.66168105602264 -0.66830629110336
vn 0.02281275764108 -0.8221030831337 -0.56888145208359
vn 0.38295191526413 0.35088822245598 -0.85453218221664
vn -0.33873072266579 -0.1702872812748 0.92534518241882
vn 0.40128779411316 0.57935321331024 -0.70944905281067
vn -0.91420561075211 0.21300423145294 -0.34475684165955
vn -0.91424083709717 0.21325515210629 -0.34450832009315
vn 0.69843035936356 -0.40979543328285 0.58673906326294
vn -0.1731625944376 0.55505162477493 -0.81359231472015
vn -0.00003125069634 0.9707715511322 0.24000532925129
vn 0.00184380682185 0.97177988290787 0.23588226735592
vn -0.01131279021502 -0.62654733657837 0.77930122613907
vn 0.69139784574509 -0.4166387617588 0.59023827314377
vn 0.91097646951675 -0.38244074583054 -0.15447005629539
vn 0.94129264354706 -0.06031322851777 0.33216026425362
vn 0.94128823280334 -0.06050245836377 0.33213847875595
vn 0.49066445231438 -0.51866489648819 0.70016795396805
vn 0.54919874668121 -0.42144611477852 -0.721639752388
vn -0.76395034790039 0.14653371274471 -0.62841683626175
vn -0.05093779414892 -0.96159929037094 -0.26968902349472
vn 0.80418127775192 -0.17209909856319 0.56892389059067
vn 0.63221120834351 -0.25779089331627 -0.73065233230591
vn 0.10531379282475 0.8581355214119 0.50250613689423
vn -0.03565642237663 -0.58037775754929 0.81356638669968
vn 0.0585638359189 -0.57845067977905 -0.8136123418808
vn -0.2180999815464 0.82505476474762 0.52126485109329
vn 0.05465803667903 -0.94162452220917 -0.33219835162163
vn 0.27131599187851 -0.85957360267639 -0.43303683400154
vn 0.02640685252845 -0.7856742143631 -0.61807662248611
vn -0.28257125616074 -0.74499183893204 -0.60426872968674
vn 0.70148700475693 0.46954345703125 0.53613895177841
vn 0.79636061191559 0.41400876641274 0.44091555476189
vn -0.1724743694067 -0.77518153190613 -0.60773855447769
vn 0.48892602324486 -0.20610208809376 -0.84762805700302
vn -0.42760655283928 -0.30138400197029 -0.85224425792694
vn -0.09746973216534 -0.61559993028641 0.78200787305832
vn 0.51657092571259 -0.70138639211655 -0.49113300442696
vn -0.92555195093155 -0.033875759691 0.37710216641426
vn -0.92550885677338 -0.03406282514334 0.37719109654427
vn -0.92553359270096 -0.03396998345852 0.37713870406151
vn -0.94137561321259 -0.09428444504738 -0.3239172399044
vn 0.63223505020142 -0.25775662064552 -0.73064380884171
vn 0.97461158037186 -0.21716021001339 -0.05453224480152
vn 0.49470385909081 -0.37335610389709 -0.78477597236633
vn -0.68832570314407 0.39607009291649 0.60773038864136
vn 0.94126778841019 -0.06034488976002 0.33222502470016
vn 0.11303230375051 -0.78603863716125 -0.60775572061539
vn 0.11290889978409 -0.78604972362518 -0.60776430368423
vn 0.50379168987274 -0.51441687345505 0.69395190477371
vn 0.56559902429581 -0.41000384092331 -0.7155379652977
vn 0.02637576311827 -0.78564769029617 -0.6181116104126
vn 0.02640699036419 -0.78564709424973 -0.61811113357544
vn -0.05093839019537 -0.61769831180573 0.78476375341415
vn -0.05643833428621 -0.61379033327103 0.78744918107986
vn 0.42525887489319 -0.72648394107819 -0.53979253768921
vn 0.49191787838936 -0.7136418223381 -0.49873051047325
vn -0.40063101053238 0.62335306406021 -0.67151004076004
vn -0.0640957057476 -0.99534285068512 -0.07200219482183
vn 0.78187024593353 0.48045378923416 0.39729470014572
vn -0.5196128487587 0.69915068149567 0.49111181497574
vn -0.17494425177574 0.5873664021492 -0.7901868224144
vn -0.42623355984688 0.72315013408661 0.54348766803741
vn -0.32103863358498 0.75173598527908 0.57604444026947
vn -0.04165755584836 -0.57642430067062 0.81608802080154
vn 0.32354098558426 -0.76142913103104 -0.5617356300354
vn -0.87139844894409 -0.44716829061508 -0.20175543427467
vn 0.3519726395607 -0.7177267074585 -0.60081917047501
vn 0.04146967455745 -0.678202688694 0.73370391130447
vn 0.65674006938934 0.6940850019455 0.29485332965851
vn 0.65674608945847 0.69409143924713 0.29482477903366
vn 0.65670448541641 0.69398665428162 0.29516386985779
vn 0.6567742228508 0.69402557611465 0.29491713643074
vn 0.35038489103317 -0.79036605358124 -0.50254547595978
vn -0.78348422050476 -0.4778219461441 -0.39728909730911
vn 0.17600467801094 -0.53157657384872 0.8285219669342
vn -0.05078280717134 -0.61773765087128 0.78474283218384
vn 0.43823081254959 -0.71870732307434 -0.53982734680176
vn -0.46272885799408 -0.78636091947556 -0.40929019451141
vn -0.02262515574694 -0.78844290971756 -0.61469167470932
vn 0.91278260946274 0.39648288488388 -0.09812850505114
vn 0.57829421758652 -0.14225317537785 -0.8033304810524
vn -0.67803978919983 0.40309882164001 -0.61463272571564
vn -0.87287098169327 -0.32841649651527 0.36088624596596
vn 0.16725517809391 -0.97749906778336 0.1285352408886
vn 0.1673172712326 -0.97749668359756 0.128472417593
vn 0.16721969842911 -0.97750556468964 0.12853199243546
vn 0.16731391847134 -0.97747707366943 0.12862609326839
vn -0.19094410538673 -0.82224720716476 -0.53614354133606
vn -0.34125789999962 -0.42538484930992 -0.83820688724518
vn -0.48998317122459 0.51929652690887 -0.70017683506012
vn -0.169004753232 0.50292038917542 -0.8476487994194
vn 0.8969355225563 -0.38173118233681 0.22313226759434
vn -0.99075949192047 -0.12415744364262 0.05459427088499
vn -0.68269491195679 -0.41591078042984 0.60078775882721
vn -0.34125801920891 -0.42532250285149 -0.83823847770691
vn -0.95671653747559 -0.28303983807564 0.06768955290318
vn -0.58032816648483 -0.81414699554443 0.01959427818656
vn -0.5803274512291 -0.81414598226547 0.01965675503016
vn -0.58027052879334 -0.8141850233078 0.01971944794059
vn 0.69141566753387 -0.41653689742088 0.5902892947197
vn -0.66643983125687 0.68112742900848 -0.30318859219551
vn -0.66645401716232 0.6811106801033 -0.30319502949715
vn -0.66641461849213 0.68116480112076 -0.30316007137299
vn 0.91513574123383 -0.20943994820118 0.34447279572487
# 990 normals

vt 1.28529179096222 0.49228012561798 0
vt 1.28771984577179 0.49216341972351 0
vt 1.25906801223755 0.46917057037354 0
vt 1.28395628929138 0.49111306667328 0
vt 1.61879408359528 0.50266778469086 0
vt 1.53660213947296 0.55904114246368 0
vt 1.57970130443573 0.63548946380615 0
vt 1.60811030864716 0.63303846120834 0
vt 1.65703690052032 0.13863372802734 0
vt 1.6338484287262 0.15287292003632 0
vt 1.61053848266602 0.16851282119751 0
vt 1.62996339797974 0.20387744903564 0
vt 1.91162526607513 0.15859198570251 0
vt 1.86439836025238 0.17563235759735 0
vt 1.88564443588257 0.21718287467957 0
vt 1.01662027835846 0.01538264751434 0
vt 1.02390468120575 0.0154994726181 0
vt 1.02402603626251 0.01258158683777 0
vt 1.01662027835846 0.0124648809433 0
vt 1.03810918331146 0.13431525230408 0
vt 1.00277996063232 0.12824606895447 0
vt 1.08788561820984 0.19267272949219 0
vt 1.04478645324707 0.14727067947388 0
vt 1.98653280735016 0.44396018981934 0
vt 1.9864114522934 0.45014607906342 0
vt 1.98944652080536 0.45014607906342 0
vt 1.98944652080536 0.44396018981934 0
vt 1.99721658229828 0.66653567552567 0
vt 1.99721658229828 0.58133369684219 0
vt 1.98896098136902 0.66653567552567 0
vt 1.77662181854248 0.36109256744385 0
vt 1.83598935604095 0.43590688705444 0
vt 1.81365072727203 0.36972939968109 0
vt 1.52822518348694 0.40392696857452 0
vt 1.57945847511292 0.32245981693268 0
vt 1.55748403072357 0.25628244876862 0
vt 1.54510056972504 0.24962973594666 0
vt 1.75974643230438 0.36237633228302 0
vt 1.75319051742554 0.43614029884338 0
vt 1.67694747447968 0.26013398170471 0
vt 1.66456413269043 0.2582665681839 0
vt 1.66067910194397 0.25920033454895 0
vt 1.659707903862 0.26305186748505 0
vt 1.88515877723694 0.22897112369537 0
vt 1.9399129152298 0.26655340194702 0
vt 1.95217490196228 0.15859198570251 0
vt 1.93894171714783 0.15859198570251 0
vt 1.73048758506775 0.49881625175476 0
vt 1.73170161247253 0.49017930030823 0
vt 1.69090926647186 0.49671530723572 0
vt 1.72138214111328 0.545618891716 0
vt 1.8027241230011 0.545618891716 0
vt 1.78706276416779 0.52192574739456 0
vt 1.54813575744629 0.20562815666199 0
vt 1.5483785867691 0.18415260314941 0
vt 1.46485126018524 0.22383570671082 0
vt 1.54485774040222 0.20702874660492 0
vt 1.85177218914032 0.51749062538147 0
vt 1.81012988090515 0.45913314819336 0
vt 1.83562517166138 0.5410670042038 0
vt 1.60896015167236 0.43695724010468 0
vt 1.6117525100708 0.49228012561798 0
vt 1.61867260932922 0.44302642345428 0
vt 1.73267292976379 0.13489890098572 0
vt 1.70013606548309 0.11680805683136 0
vt 1.75901794433594 0.19360649585724 0
vt 1.77565062046051 0.17609930038452 0
vt 1.16522121429443 0.0422271490097 0
vt 1.16582822799683 0.00441145896912 0
vt 1.11969399452209 0.00277745723724 0
vt 1.97694170475006 0.82538479566574 0
vt 1.97694170475006 0.81009513139725 0
vt 1.9739066362381 0.81009513139725 0
vt 1.9739066362381 0.82538479566574 0
vt 1.331547498703 0.9297279715538 0
vt 1.33130466938019 0.926693379879 0
vt 1.32826948165894 0.92657667398453 0
vt 1.32863366603851 0.93007814884186 0
vt 1.25821816921234 0.41256380081177 0
vt 1.25821816921234 0.1804176568985 0
vt 1.21912550926208 0.26223492622375 0
vt 1.73097324371338 0.36809539794922 0
vt 1.08788561820984 0.41256380081177 0
vt 1.13608384132385 0.27402317523956 0
vt 1.15987932682037 0.25348126888275 0
vt 1.16437137126923 0.25429832935333 0
vt 1.16437137126923 0.25068008899689 0
vt 1.16012215614319 0.25044667720795 0
vt 1.17311263084412 0.41256380081177 0
vt 1.17311263084412 0.26585304737091 0
vt 1.34332382678986 0.12824606895447 0
vt 1.27205848693848 0.16104304790497 0
vt 1.08521461486816 0.56861174106598 0
vt 1.08472907543182 0.57082933187485 0
vt 1.08436489105225 0.57293021678925 0
vt 1.09541273117065 0.56697773933411 0
vt 1.68058967590332 0.23679101467133 0
vt 1.66468548774719 0.19769155979156 0
vt 1.69965040683746 0.42073392868042 0
vt 1.6396758556366 0.24496114253998 0
vt 1.63566946983337 0.24834585189819 0
vt 1.63396978378296 0.31499004364014 0
vt 1.95278191566467 0.27624070644379 0
vt 1.99539542198181 0.30086755752563 0
vt 1.98993217945099 0.26818740367889 0
vt 1.73522233963013 0.36611127853394 0
vt 1.73267292976379 0.36809539794922 0
vt 1.94088411331177 0.2922306060791 0
vt 1.99575972557068 0.30273497104645 0
vt 1.94149124622345 0.27892518043518 0
vt 1.94913971424103 0.13863372802734 0
vt 1.93614935874939 0.13910055160522 0
vt 1.93627071380615 0.1422518491745 0
vt 1.94938254356384 0.14155161380768 0
vt 1.94088411331177 0.30075085163116 0
vt 1.99430274963379 0.33238065242767 0
vt 1.99563825130463 0.30506932735443 0
vt 1.3705188035965 0.37404787540436 0
vt 1.52324748039246 0.41151344776154 0
vt 1.48682570457458 0.33086335659027 0
vt 1.37731754779816 0.36599457263947 0
vt 1.94088411331177 0.38291823863983 0
vt 1.98507595062256 0.39622378349304 0
vt 1.9936957359314 0.34732019901276 0
vt 1.62984204292297 0.46765327453613 0
vt 1.63846182823181 0.45621526241302 0
vt 1.26319587230682 0.52869522571564 0
vt 1.22932362556458 0.56651091575623 0
vt 1.24947702884674 0.56149214506149 0
vt 1.25336194038391 0.55227166414261 0
vt 1.32996916770935 0.48959577083588 0
vt 1.37270402908325 0.46438527107239 0
vt 1.31503617763519 0.49052941799164 0
vt 1.00277996063232 0.41256380081177 0
vt 1.72344601154327 0.26153457164764 0
vt 1.7748007774353 0.32222640514374 0
vt 1.76423847675323 0.29958367347717 0
vt 1.27387964725494 0.41898310184479 0
vt 1.2606463432312 0.41956675052643 0
vt 1.26003932952881 0.43112146854401 0
vt 1.03203880786896 0.87790650129318 0
vt 1.03203880786896 0.88479268550873 0
vt 1.0348311662674 0.88455927371979 0
vt 1.03507399559021 0.87802320718765 0
vt 1.64101135730743 0.8738214969635 0
vt 1.63797616958618 0.95879000425339 0
vt 1.64902412891388 0.95879000425339 0
vt 1.21014142036438 0.24752879142761 0
vt 1.1943587064743 0.24752879142761 0
vt 1.1943587064743 0.25056338310242 0
vt 1.21014142036438 0.25056338310242 0
vt 1.53465974330902 0.42073392868042 0
vt 1.03373849391937 0.03148937225342 0
vt 1.11423075199127 0.12182676792145 0
vt 1.01297807693481 0.79375499486923 0
vt 1.01334238052368 0.78908640146256 0
vt 1.01055002212524 0.78896969556808 0
vt 1.01030719280243 0.79363828897476 0
vt 1.54157984256744 0.54013329744339 0
vt 1.54097282886505 0.54223418235779 0
vt 1.61563754081726 0.49683201313019 0
vt 1.34890854358673 0.31382298469543 0
vt 1.45052528381348 0.26807069778442 0
vt 1.34890854358673 0.15894210338593 0
vt 1.53138172626495 0.45808267593384 0
vt 1.57605910301208 0.42925405502319 0
vt 1.52725386619568 0.42575263977051 0
vt 1.19156634807587 0.43707394599915 0
vt 1.14094007015228 0.43847453594208 0
vt 1.13778352737427 0.44057548046112 0
vt 1.20249283313751 0.44571089744568 0
vt 1.49071073532104 0.50943726301193 0
vt 1.38375198841095 0.46496891975403 0
vt 1.37950277328491 0.47488963603973 0
vt 1.46958601474762 0.52589410543442 0
vt 1.61053848266602 0.49239683151245 0
vt 1.58552885055542 0.43042123317719 0
vt 1.72211050987244 0.26176810264587 0
vt 1.65897941589355 0.28219318389893 0
vt 1.70462810993195 0.21846675872803 0
vt 1.71579742431641 0.22220170497894 0
vt 1.7224748134613 0.22441923618317 0
vt 1.75804674625397 0.19383990764618 0
vt 1.86051344871521 0.50185078382492 0
vt 1.53113889694214 0.45983338356018 0
vt 1.5268896818161 0.53756558895111 0
vt 1.54206550121307 0.53756558895111 0
vt 1.76059627532959 0.19769155979156 0
vt 1.7230818271637 0.24507784843445 0
vt 1.61065983772278 0.6658353805542 0
vt 1.6132093667984 0.66326761245728 0
vt 1.6928516626358 0.37463140487671 0
vt 1.78111386299133 0.34626972675323 0
vt 1.63542664051056 0.63934105634689 0
vt 1.88370192050934 0.26667010784149 0
vt 1.88443040847778 0.24741208553314 0
vt 1.65691554546356 0.55005407333374 0
vt 1.64137554168701 0.53091281652451 0
vt 1.6457462310791 0.60000813007355 0
vt 1.62182915210724 0.5065193772316 0
vt 1.16959178447723 0.41956675052643 0
vt 1.92279469966888 0.79527229070663 0
vt 1.94246244430542 0.77904891967773 0
vt 1.94319093227386 0.77718144655228 0
vt 1.88952946662903 0.77718144655228 0
vt 1.24389231204987 0.47874128818512 0
vt 1.1824609041214 0.55600655078888 0
vt 1.29621827602386 0.50336807966232 0
vt 1.26695942878723 0.48947906494141 0
vt 1.27800738811493 0.52414333820343 0
vt 1.64283239841461 0.61319690942764 0
vt 1.22155356407166 0.56837832927704 0
vt 1.16425001621246 0.24659514427185 0
vt 1.17833304405212 0.24729537963867 0
vt 1.17845451831818 0.24426078796387 0
vt 1.16400718688965 0.24309360980988 0
vt 1.0894638299942 0.55157136917114 0
vt 1.30544519424438 0.51002085208893 0
vt 1.30933010578156 0.51433926820755 0
vt 1.65679407119751 0.20586156845093 0
vt 1.65703690052032 0.19220590591431 0
vt 1.52761816978455 0.30705344676971 0
vt 1.52227628231049 0.29584884643555 0
vt 1.90106296539307 0.81312972307205 0
vt 1.87593197822571 0.77729821205139 0
vt 1.86269867420197 0.80064117908478 0
vt 1.49156057834625 0.27157211303711 0
vt 1.49447429180145 0.22710371017456 0
vt 1.46873617172241 0.23737466335297 0
vt 1.4678863286972 0.24997985363007 0
vt 1.05219221115112 0.13046371936798 0
vt 1.02208352088928 0.05226469039917 0
vt 1.65497303009033 0.13863372802734 0
vt 1.69758653640747 0.21753311157227 0
vt 1.68192517757416 0.12287724018097 0
vt 1.66869187355042 0.1834522485733 0
vt 1.3699117898941 0.49694871902466 0
vt 1.37476801872253 0.49834930896759 0
vt 1.90324831008911 0.00499510765076 0
vt 1.98835384845734 0.01444900035858 0
vt 1.98847532272339 0.00289416313171 0
vt 1.03264582157135 0.89506363868713 0
vt 1.03264582157135 0.89809823036194 0
vt 1.03531682491302 0.89821493625641 0
vt 1.0356810092926 0.89529705047607 0
vt 1.02329766750336 0.82036602497101 0
vt 1.02293336391449 0.82701879739761 0
vt 1.02596855163574 0.82713550329208 0
vt 1.02621138095856 0.82048273086548 0
vt 1.97694170475006 0.8717206120491 0
vt 1.97694170475006 0.85631424188614 0
vt 1.9739066362381 0.85631424188614 0
vt 1.9739066362381 0.8717206120491 0
vt 1.9916318655014 0.22336876392364 0
vt 1.99151051044464 0.21146392822266 0
vt 1.98859667778015 0.21158063411713 0
vt 1.98859667778015 0.22336876392364 0
vt 1.36918330192566 0.38560271263123 0
vt 1.37416100502014 0.41454803943634 0
vt 1.78293490409851 0.16594505310059 0
vt 1.48063397407532 0.31732439994812 0
vt 1.42636549472809 0.32187628746033 0
vt 1.15987932682037 0.5732803940773 0
vt 1.97342097759247 0.15882539749146 0
vt 1.97099280357361 0.15859198570251 0
vt 1.30071032047272 0.50546896457672 0
vt 1.36444842815399 0.41886639595032 0
vt 1.28225660324097 0.41886639595032 0
vt 1.68690276145935 0.11062216758728 0
vt 1.50831460952759 0.49566495418549 0
vt 1.17833304405212 0.25336456298828 0
vt 1.17833304405212 0.25032997131348 0
vt 1.47941994667053 0.31452322006226 0
vt 1.41337513923645 0.32362699508667 0
vt 1.46752214431763 0.25756633281708 0
vt 1.46934330463409 0.22932124137878 0
vt 1.51329219341278 0.27250587940216 0
vt 1.51329219341278 0.28406059741974 0
vt 1.16425001621246 0.25721621513367 0
vt 1.17833304405212 0.2567492723465 0
vt 1.04417943954468 0.00604546070099 0
vt 1.05146384239197 0.00627887248993 0
vt 1.05182802677155 0.00324428081512 0
vt 1.04417943954468 0.00277745723724 0
vt 1.98823249340057 0.17178082466125 0
vt 1.98823249340057 0.15742480754852 0
vt 1.98519730567932 0.15754151344299 0
vt 1.98531877994537 0.17178082466125 0
vt 1.97694170475006 0.90288352966309 0
vt 1.97694170475006 0.91852331161499 0
vt 1.97997689247131 0.91852331161499 0
vt 1.97997689247131 0.90288352966309 0
vt 1.1943587064743 0.24437749385834 0
vt 1.9864114522934 0.47465622425079 0
vt 1.98628997802734 0.48504388332367 0
vt 1.9893251657486 0.48504388332367 0
vt 1.9893251657486 0.47465622425079 0
vt 1.79483270645142 0.73002862930298 0
vt 1.79786789417267 0.73014533519745 0
vt 1.79774653911591 0.7268773317337 0
vt 1.79495418071747 0.7268773317337 0
vt 1.60446810722351 0.67050397396088 0
vt 1.58613586425781 0.67050397396088 0
vt 1.58613586425781 0.67353856563568 0
vt 1.60446810722351 0.67353856563568 0
vt 1.9768203496933 0.76387596130371 0
vt 1.97694170475006 0.77928233146667 0
vt 1.97985553741455 0.77928233146667 0
vt 1.97985553741455 0.76387596130371 0
vt 1.02693974971771 0.78850281238556 0
vt 1.02669703960419 0.79935735464096 0
vt 1.02961075305939 0.79947406053543 0
vt 1.02997493743896 0.78850281238556 0
vt 1.99211752414703 0.54678606987 0
vt 1.99211752414703 0.52647763490677 0
vt 1.98920369148254 0.52647763490677 0
vt 1.98908233642578 0.54678606987 0
vt 1.97694170475006 0.79468870162964 0
vt 1.97985553741455 0.81009513139725 0
vt 1.97985553741455 0.79468870162964 0
vt 1.98289060592651 0.85631424188614 0
vt 1.98289060592651 0.8407911658287 0
vt 1.97997689247131 0.8407911658287 0
vt 1.97997689247131 0.85631424188614 0
vt 1.00727200508118 0.84219175577164 0
vt 1.00727200508118 0.85386323928833 0
vt 1.01018571853638 0.85386323928833 0
vt 1.01018571853638 0.84219175577164 0
vt 1.00727200508118 0.86693531274796 0
vt 1.00423681735992 0.85386323928833 0
vt 1.00423681735992 0.86693531274796 0
vt 1.98289060592651 0.76387596130371 0
vt 1.98289060592651 0.77928233146667 0
vt 1.98592579364777 0.77928233146667 0
vt 1.98592579364777 0.76387596130371 0
vt 1.01322090625763 0.88199156522751 0
vt 1.01322090625763 0.89984893798828 0
vt 1.01613461971283 0.89984893798828 0
vt 1.01613461971283 0.88199156522751 0
vt 1.33822476863861 0.9324124455452 0
vt 1.33786058425903 0.93498015403748 0
vt 1.34065294265747 0.93533027172089 0
vt 1.34101712703705 0.93287926912308 0
vt 1.00727200508118 0.89984893798828 0
vt 1.00727200508118 0.88199156522751 0
vt 1.00423681735992 0.88199156522751 0
vt 1.00423681735992 0.89984893798828 0
vt 1.98289060592651 0.79468870162964 0
vt 1.98592579364777 0.79468870162964 0
vt 1.97694170475006 0.8407911658287 0
vt 1.97997689247131 0.82538479566574 0
vt 1.06384718418121 0.00697922706604 0
vt 1.05789828300476 0.00686252117157 0
vt 1.05789828300476 0.00966370105743 0
vt 1.06372582912445 0.00966370105743 0
vt 1.97997689247131 0.8717206120491 0
vt 1.9922388792038 0.49671530723572 0
vt 1.9922388792038 0.48504388332367 0
vt 1.9893251657486 0.49671530723572 0
vt 1.62328600883484 0.67353856563568 0
vt 1.60446810722351 0.67657315731049 0
vt 1.62328600883484 0.67657315731049 0
vt 1.9739066362381 0.90288352966309 0
vt 1.9739066362381 0.91852331161499 0
vt 1.97694170475006 0.88724374771118 0
vt 1.9739066362381 0.88724374771118 0
vt 1.9922388792038 0.51025426387787 0
vt 1.995152592659 0.51025426387787 0
vt 1.99527406692505 0.49671530723572 0
vt 1.39552843570709 0.00581204891205 0
vt 1.39856350421906 0.00581204891205 0
vt 1.39856350421906 0.00277745723724 0
vt 1.39552843570709 0.00277745723724 0
vt 1.82797658443451 0.72909492254257 0
vt 1.81729280948639 0.72944504022598 0
vt 1.81729280948639 0.73247963190079 0
vt 1.82809793949127 0.73212951421738 0
vt 1.98289060592651 0.82538479566574 0
vt 1.9739066362381 0.8407911658287 0
vt 1.06384718418121 0.01234805583954 0
vt 1.05789828300476 0.0124648809433 0
vt 1.05814111232758 0.01526594161987 0
vt 1.06396865844727 0.0151492357254 0
vt 1.81741428375244 0.73551422357559 0
vt 1.82821941375732 0.73516404628754 0
vt 1.9739066362381 0.76387596130371 0
vt 1.9739066362381 0.77928233146667 0
vt 1.92182338237762 0.13303136825562 0
vt 1.91393208503723 0.13303136825562 0
vt 1.91393208503723 0.13664960861206 0
vt 1.92170202732086 0.13641619682312 0
vt 1.98289060592651 0.81009513139725 0
vt 1.98592579364777 0.82538479566574 0
vt 1.98592579364777 0.80997836589813 0
vt 1.98289060592651 0.8717206120491 0
vt 1.98592579364777 0.8717206120491 0
vt 1.98592579364777 0.85631424188614 0
vt 1.98616862297058 0.40112578868866 0
vt 1.98628997802734 0.41361427307129 0
vt 1.98944652080536 0.41349756717682 0
vt 1.98944652080536 0.40112578868866 0
vt 1.00277996063232 0.01258158683777 0
vt 1.00970017910004 0.01258158683777 0
vt 1.00970017910004 0.00966370105743 0
vt 1.00277996063232 0.00966370105743 0
vt 1.98592579364777 0.8407911658287 0
vt 1.54279386997223 0.16185998916626 0
vt 1.53684496879578 0.16197669506073 0
vt 1.53684496879578 0.16501128673553 0
vt 1.54279386997223 0.16501128673553 0
vt 1.02584719657898 0.89202904701233 0
vt 1.0260899066925 0.8849093914032 0
vt 1.02305483818054 0.88502615690231 0
vt 1.02305483818054 0.8921457529068 0
vt 1.62328600883484 0.67960774898529 0
vt 1.60446810722351 0.67949104309082 0
vt 1.60446810722351 0.68252563476562 0
vt 1.62316465377808 0.68252563476562 0
vt 1.98604714870453 0.91852331161499 0
vt 1.98604714870453 0.90288352966309 0
vt 1.98301208019257 0.90288352966309 0
vt 1.98301208019257 0.91852331161499 0
vt 1.03191745281219 0.87113702297211 0
vt 1.02851808071136 0.87125378847122 0
vt 1.02876091003418 0.87790650129318 0
vt 1.49326026439667 0.16489458084106 0
vt 1.50066602230072 0.16489458084106 0
vt 1.50078737735748 0.16185998916626 0
vt 1.49326026439667 0.16185998916626 0
vt 1.54279386997223 0.15859198570251 0
vt 1.53672361373901 0.15882539749146 0
vt 1.02936792373657 0.8951803445816 0
vt 1.02961075305939 0.89833164215088 0
vt 1.5504424571991 0.67342185974121 0
vt 1.53308141231537 0.67342185974121 0
vt 1.53308141231537 0.67645645141602 0
vt 1.5504424571991 0.67645645141602 0
vt 1.01322090625763 0.83168739080429 0
vt 1.01322090625763 0.84219175577164 0
vt 1.01613461971283 0.84219175577164 0
vt 1.01625609397888 0.83168739080429 0
vt 1.53308141231537 0.67949104309082 0
vt 1.5504424571991 0.67949104309082 0
vt 1.98216223716736 0.14271879196167 0
vt 1.98228359222412 0.15754151344299 0
vt 1.98519730567932 0.14271879196167 0
vt 1.03106760978699 0.85176235437393 0
vt 1.03155326843262 0.84651017189026 0
vt 1.02851808071136 0.84627676010132 0
vt 1.02851808071136 0.85164564847946 0
vt 1.80660915374756 0.73574763536453 0
vt 1.80660915374756 0.73878222703934 0
vt 1.81741428375244 0.7385488152504 0
vt 1.99236035346985 0.47465622425079 0
vt 1.98240506649017 0.17178082466125 0
vt 1.76909470558166 0.72921162843704 0
vt 1.77552914619446 0.72944504022598 0
vt 1.77565062046051 0.72652715444565 0
vt 1.76921606063843 0.72629374265671 0
vt 1.01322090625763 0.86693531274796 0
vt 1.01322090625763 0.85386323928833 0
vt 1.01018571853638 0.86693531274796 0
vt 1.79811072349548 0.73574763536453 0
vt 1.79811072349548 0.73866552114487 0
vt 1.33871042728424 0.91070342063904 0
vt 1.33919596672058 0.91700601577759 0
vt 1.34247398376465 0.91700601577759 0
vt 1.34186697006226 0.91035330295563 0
vt 1.00751483440399 0.79784005880356 0
vt 1.00739347934723 0.80239188671112 0
vt 1.01018571853638 0.80239188671112 0
vt 1.01018571853638 0.79784005880356 0
vt 1.33191168308258 0.91058671474457 0
vt 1.33118319511414 0.91688930988312 0
vt 1.33518958091736 0.91688930988312 0
vt 1.33531105518341 0.91082012653351 0
vt 1.01419222354889 0.78255039453506 0
vt 1.01686310768127 0.78955328464508 0
vt 1.01771295070648 0.78395092487335 0
vt 1.00751483440399 0.79352158308029 0
vt 1.80648767948151 0.72967845201492 0
vt 1.79798924922943 0.73306322097778 0
vt 1.80660915374756 0.73259633779526 0
vt 1.92194485664368 0.1395674943924 0
vt 1.93602788448334 0.13618266582489 0
vt 1.79179763793945 0.73002862930298 0
vt 1.79191899299622 0.72664386034012 0
vt 1.99175322055817 0.23410665988922 0
vt 1.9887181520462 0.23410665988922 0
vt 1.13438415527344 0.25488185882568 0
vt 1.13729786872864 0.25488185882568 0
vt 1.1374192237854 0.25231409072876 0
vt 1.13438415527344 0.25243079662323 0
vt 1.56804633140564 0.67949104309082 0
vt 1.56804633140564 0.67645645141602 0
vt 1.50964999198914 0.16501128673553 0
vt 1.50066602230072 0.16792917251587 0
vt 1.50964999198914 0.16792917251587 0
vt 1.9701429605484 0.1326812505722 0
vt 1.9628586769104 0.13279795646667 0
vt 1.96298003196716 0.13571584224701 0
vt 1.9701429605484 0.13548243045807 0
vt 1.9739066362381 0.79468870162964 0
vt 1.13122749328613 0.24752879142761 0
vt 1.13426268100739 0.24752879142761 0
vt 1.13438415527344 0.24507784843445 0
vt 1.13134896755219 0.24507784843445 0
vt 1.82821941375732 0.73819863796234 0
vt 1.82797658443451 0.72606033086777 0
vt 1.81717145442963 0.72641044855118 0
vt 1.98616862297058 0.52647763490677 0
vt 1.98628997802734 0.51025426387787 0
vt 1.98325490951538 0.5101375579834 0
vt 1.98325490951538 0.52647763490677 0
vt 1.40718340873718 0.00581204891205 0
vt 1.40718340873718 0.00277745723724 0
vt 1.40414822101593 0.00277745723724 0
vt 1.40414822101593 0.00581204891205 0
vt 1.56804633140564 0.67050397396088 0
vt 1.5504424571991 0.67038726806641 0
vt 1.56804633140564 0.67353856563568 0
vt 1.98847532272339 0.19885861873627 0
vt 1.98544013500214 0.19885861873627 0
vt 1.98556160926819 0.21158063411713 0
vt 1.00727200508118 0.83168739080429 0
vt 1.00423681735992 0.83168739080429 0
vt 1.00423681735992 0.84219175577164 0
vt 1.98301208019257 0.41361427307129 0
vt 1.98313343524933 0.42213451862335 0
vt 1.9864114522934 0.42190098762512 0
vt 1.67621910572052 0.812195956707 0
vt 1.67646193504334 0.82071614265442 0
vt 1.67961847782135 0.82071614265442 0
vt 1.67913281917572 0.81207925081253 0
vt 1.67621910572052 0.83332139253616 0
vt 1.67925417423248 0.83343809843063 0
vt 1.51826989650726 0.16232693195343 0
vt 1.52385449409485 0.1624436378479 0
vt 1.52385449409485 0.15952575206757 0
vt 1.51839125156403 0.15929234027863 0
vt 1.98337626457214 0.42762005329132 0
vt 1.98337626457214 0.43123817443848 0
vt 1.98677563667297 0.43123817443848 0
vt 1.98665428161621 0.42738664150238 0
vt 1.00411546230316 0.79375499486923 0
vt 1.0039941072464 0.79772329330444 0
vt 1.00387263298035 0.78943657875061 0
vt 1.00739347934723 0.78896969556808 0
vt 1.00678634643555 0.78278380632401 0
vt 1.01042854785919 0.78173333406448 0
vt 1.50867879390717 0.49344730377197 0
vt 1.9922388792038 0.43462300300598 0
vt 1.9922388792038 0.43123817443848 0
vt 1.98944652080536 0.43123817443848 0
vt 1.98944652080536 0.43473970890045 0
vt 1.79495418071747 0.735864341259 0
vt 1.79191899299622 0.73574763536453 0
vt 1.79179763793945 0.73866552114487 0
vt 1.79495418071747 0.73889893293381 0
vt 1.05801975727081 0.00406134128571 0
vt 1.33858895301819 0.9297279715538 0
vt 1.34162414073944 0.93019485473633 0
vt 1.53684496879578 0.16816258430481 0
vt 1.53150308132172 0.16804587841034 0
vt 1.53138172626495 0.17119717597961 0
vt 1.53684496879578 0.17131388187408 0
vt 1.1943587064743 0.25359797477722 0
vt 1.98204076290131 0.12742912769318 0
vt 1.98507595062256 0.12742912769318 0
vt 1.33203303813934 0.9324124455452 0
vt 1.33227586746216 0.93498015403748 0
vt 1.3350682258606 0.93474674224854 0
vt 1.3350682258606 0.93217897415161 0
vt 1.21014142036438 0.25371468067169 0
vt 1.59949052333832 0.00277745723724 0
vt 1.59645533561707 0.00277745723724 0
vt 1.59645533561707 0.00581204891205 0
vt 1.59949052333832 0.00581204891205 0
vt 1.21014142036438 0.24449419975281 0
vt 1.01018571853638 0.88199156522751 0
vt 1.60798895359039 0.00277745723724 0
vt 1.6050751209259 0.00277745723724 0
vt 1.6050751209259 0.00581204891205 0
vt 1.60798895359039 0.00581204891205 0
vt 1.3359180688858 0.87872350215912 0
vt 1.33567523956299 0.88654345273972 0
vt 1.33846759796143 0.88666015863419 0
vt 1.33858895301819 0.87884026765823 0
vt 1.00727200508118 0.82235020399094 0
vt 1.01018571853638 0.83168739080429 0
vt 1.01018571853638 0.82235020399094 0
vt 1.3350682258606 0.92937785387039 0
vt 1.99236035346985 0.44396018981934 0
vt 1.99236035346985 0.43882465362549 0
vt 1.98944652080536 0.43882465362549 0
vt 1.9893251657486 0.26036751270294 0
vt 1.98883950710297 0.25219738483429 0
vt 1.985804438591 0.25231409072876 0
vt 1.98592579364777 0.26095104217529 0
vt 1.32875514030457 0.91023659706116 0
vt 1.32802665233612 0.91677260398865 0
vt 1.13729786872864 0.24764549732208 0
vt 1.14057576656342 0.24764549732208 0
vt 1.14045441150665 0.24519455432892 0
vt 1.1374192237854 0.24531126022339 0
vt 1.98252642154694 0.19897544384003 0
vt 1.9826477766037 0.21158063411713 0
vt 1.51826989650726 0.1678124666214 0
vt 1.51814842224121 0.16501128673553 0
vt 1.90859019756317 0.13338160514832 0
vt 1.91368925571442 0.1296466588974 0
vt 1.90834736824036 0.13046371936798 0
vt 1.00411546230316 0.80239188671112 0
vt 1.98616862297058 0.54678606987 0
vt 1.9864114522934 0.46543574333191 0
vt 1.98337626457214 0.46543574333191 0
vt 1.98337626457214 0.47465622425079 0
vt 1.1943587064743 0.2567492723465 0
vt 1.9826477766037 0.22336876392364 0
vt 1.97961270809174 0.21158063411713 0
vt 1.97961270809174 0.22336876392364 0
vt 1.33009052276611 0.89412993192673 0
vt 1.32972633838654 0.90183311700821 0
vt 1.33264005184174 0.90194982290268 0
vt 1.33288288116455 0.8942466378212 0
vt 1.99187469482422 0.24367725849152 0
vt 1.9887181520462 0.24379396438599 0
vt 1.94901835918427 0.13594925403595 0
vt 1.98944652080536 0.42738664150238 0
vt 1.98944652080536 0.42190098762512 0
vt 1.78536307811737 0.73878222703934 0
vt 1.78900527954102 0.73843210935593 0
vt 1.78888380527496 0.73574763536453 0
vt 1.78499889373779 0.735864341259 0
vt 1.01309955120087 0.8142968416214 0
vt 1.01309955120087 0.80776083469391 0
vt 1.01018571853638 0.80776083469391 0
vt 1.01018571853638 0.81441354751587 0
vt 1.01297807693481 0.80239188671112 0
vt 1.01625609397888 0.80764406919479 0
vt 1.01637744903564 0.80227518081665 0
vt 1.75646841526032 0.95879000425339 0
vt 1.7593822479248 0.87498861551285 0
vt 1.98276925086975 0.24379396438599 0
vt 1.98276925086975 0.23422336578369 0
vt 1.97961270809174 0.23422336578369 0
vt 1.97961270809174 0.24379396438599 0
vt 1.9864114522934 0.45726561546326 0
vt 1.98944652080536 0.45726561546326 0
vt 1.03191745281219 0.82725220918655 0
vt 1.03191745281219 0.83425509929657 0
vt 1.03495264053345 0.83425509929657 0
vt 1.03495264053345 0.82725220918655 0
vt 1.01322090625763 0.82235020399094 0
vt 1.01625609397888 0.82235020399094 0
vt 1.98835384845734 0.18555319309235 0
vt 1.99138903617859 0.19885861873627 0
vt 1.99138903617859 0.18555319309235 0
vt 1.50066602230072 0.17096376419067 0
vt 1.50964999198914 0.17096376419067 0
vt 1.54279386997223 0.16816258430481 0
vt 1.54279386997223 0.17143058776855 0
vt 1.67027020454407 0.84989494085312 0
vt 1.67027020454407 0.86611831188202 0
vt 1.67318391799927 0.86611831188202 0
vt 1.67318391799927 0.84989494085312 0
vt 1.00970017910004 0.0067458152771 0
vt 1.00277996063232 0.0067458152771 0
vt 1.99503123760223 0.54678606987 0
vt 1.995152592659 0.52647763490677 0
vt 1.16000080108643 0.24706196784973 0
vt 1.98604714870453 0.57281351089478 0
vt 1.98313343524933 0.54678606987 0
vt 1.98313343524933 0.57281351089478 0
vt 1.61660873889923 0.00277745723724 0
vt 1.61357355117798 0.00277745723724 0
vt 1.61357355117798 0.00581204891205 0
vt 1.61660873889923 0.00581204891205 0
vt 1.48634004592896 0.16477787494659 0
vt 1.48634004592896 0.16185998916626 0
vt 1.90859019756317 0.13653290271759 0
vt 1.99126768112183 0.17178082466125 0
vt 1.98544013500214 0.18566989898682 0
vt 1.76897323131561 0.73212951421738 0
vt 1.77552914619446 0.73247963190079 0
vt 1.51329219341278 0.22698700428009 0
vt 1.98337626457214 0.44384348392487 0
vt 1.98337626457214 0.45002937316895 0
vt 1.33543241024017 0.90206652879715 0
vt 1.14579629898071 0.24741208553314 0
vt 1.1455534696579 0.24484443664551 0
vt 1.98349761962891 0.43462300300598 0
vt 1.98677563667297 0.43473970890045 0
vt 1.9561812877655 0.13828361034393 0
vt 1.9561812877655 0.1410847902298 0
vt 1.03106760978699 0.85689783096313 0
vt 1.03143179416656 0.86366730928421 0
vt 1.03434550762177 0.86331713199615 0
vt 1.03385996818542 0.85678112506866 0
vt 1.95605993270874 0.13338160514832 0
vt 1.94901835918427 0.13326489925385 0
vt 1.95605993270874 0.13583254814148 0
vt 1.99551689624786 0.43450629711151 0
vt 1.99563825130463 0.43123817443848 0
vt 1.02402603626251 0.00966370105743 0
vt 1.01662027835846 0.00966370105743 0
vt 1.15587294101715 0.24694526195526 0
vt 1.15162372589111 0.24706196784973 0
vt 1.15150237083435 0.25032997131348 0
vt 1.15587294101715 0.25044667720795 0
vt 1.53150308132172 0.1620934009552 0
vt 1.53138172626495 0.15894210338593 0
vt 1.02888226509094 0.82725220918655 0
vt 1.02876091003418 0.83425509929657 0
vt 1.02560436725616 0.83425509929657 0
vt 1.97912704944611 0.14283549785614 0
vt 1.97924840450287 0.15754151344299 0
vt 1.50078737735748 0.15894210338593 0
vt 1.49326026439667 0.15882539749146 0
vt 1.99114620685577 0.15742480754852 0
vt 1.92206621170044 0.14283549785614 0
vt 1.0098215341568 0.00382792949677 0
vt 1.00277996063232 0.00382792949677 0
vt 1.3728255033493 0.00277745723724 0
vt 1.36979031562805 0.00277745723724 0
vt 1.36979031562805 0.00581204891205 0
vt 1.3728255033493 0.00581204891205 0
vt 1.66735649108887 0.84989494085312 0
vt 1.66735649108887 0.86611831188202 0
vt 1.0237832069397 0.79935735464096 0
vt 1.02354037761688 0.81032854318619 0
vt 1.02645421028137 0.81032854318619 0
vt 1.47954142093658 0.16477787494659 0
vt 1.47954142093658 0.16185998916626 0
vt 1.98920369148254 0.51025426387787 0
vt 1.76266014575958 0.72897815704346 0
vt 1.76278150081635 0.72606033086777 0
vt 1.02851808071136 0.85678112506866 0
vt 1.02851808071136 0.86366730928421 0
vt 1.33312571048737 0.87872350215912 0
vt 1.3330043554306 0.88654345273972 0
vt 1.14579629898071 0.25009655952454 0
vt 1.78512024879456 0.7328297495842 0
vt 1.78135669231415 0.73247963190079 0
vt 1.7812352180481 0.73598110675812 0
vt 1.0252400636673 0.84067445993423 0
vt 1.02548289299011 0.84639346599579 0
vt 1.02876091003418 0.84067445993423 0
vt 1.03349566459656 0.01269829273224 0
vt 1.04417943954468 0.01328182220459 0
vt 1.04417943954468 0.0097804069519 0
vt 1.03361713886261 0.00966370105743 0
vt 1.03519535064697 0.87102031707764 0
vt 1.338831782341 0.926693379879 0
vt 1.33858895301819 0.92190808057785 0
vt 1.33518958091736 0.92179137468338 0
vt 1.3350682258606 0.926693379879 0
vt 1.985804438591 0.24379396438599 0
vt 1.98568296432495 0.23410665988922 0
vt 1.98568296432495 0.22336876392364 0
vt 1.52385449409485 0.16769576072693 0
vt 1.52761816978455 0.16804587841034 0
vt 1.52773952484131 0.16501128673553 0
vt 1.52385449409485 0.16501128673553 0
vt 1.05158519744873 0.01304841041565 0
vt 1.04417943954468 0.01643311977386 0
vt 1.05170667171478 0.01596629619598 0
vt 1.34210979938507 0.926693379879 0
vt 1.34162414073944 0.92202478647232 0
vt 1.79191899299622 0.73329663276672 0
vt 1.78888380527496 0.73317992687225 0
vt 1.98276925086975 0.25231409072876 0
vt 1.97961270809174 0.25219738483429 0
vt 1.00739347934723 0.80776083469391 0
vt 1.00727200508118 0.81441354751587 0
vt 1.99236035346985 0.45014607906342 0
vt 1.52737534046173 0.17108047008514 0
vt 1.13426268100739 0.24997985363007 0
vt 1.13729786872864 0.2498631477356 0
vt 1.99527406692505 0.48504388332367 0
vt 1.99527406692505 0.47477293014526 0
vt 1.98240506649017 0.18566989898682 0
vt 1.98301208019257 0.93427985906601 0
vt 1.97997689247131 0.93427985906601 0
vt 1.76860904693604 0.7379652261734 0
vt 1.77504360675812 0.7385488152504 0
vt 1.7754077911377 0.73551422357559 0
vt 1.76885187625885 0.73504734039307 0
vt 1.01662027835846 0.00686252117157 0
vt 1.53308141231537 0.68252563476562 0
vt 1.5504424571991 0.68252563476562 0
vt 1.98811113834381 0.14271879196167 0
vt 1.99114620685577 0.14271879196167 0
vt 1.98337626457214 0.48504388332367 0
vt 1.97694170475006 0.93416315317154 0
vt 1.98811113834381 0.12742912769318 0
vt 1.99114620685577 0.12754583358765 0
vt 1.34113848209381 0.88666015863419 0
vt 1.34138131141663 0.87884026765823 0
vt 1.53150308132172 0.16501128673553 0
vt 1.15963649749756 0.25651586055756 0
vt 1.9893251657486 0.46543574333191 0
vt 1.99236035346985 0.46543574333191 0
vt 1.99236035346985 0.45726561546326 0
vt 1.97936987876892 0.17189753055573 0
vt 1.97949123382568 0.18566989898682 0
vt 1.02633273601532 0.89564722776413 0
vt 1.02354037761688 0.89599734544754 0
vt 1.02584719657898 0.85678112506866 0
vt 1.02572572231293 0.85164564847946 0
vt 1.02269053459167 0.85176235437393 0
vt 1.02269053459167 0.85666441917419 0
vt 1.97949123382568 0.19897544384003 0
vt 1.03264582157135 0.89179557561874 0
vt 1.02912509441376 0.89191234111786 0
vt 1.1455534696579 0.25523197650909 0
vt 1.15101671218872 0.25569891929626 0
vt 1.15125954151154 0.25313115119934 0
vt 1.14567482471466 0.25266432762146 0
vt 1.49326026439667 0.1708470582962 0
vt 1.49326026439667 0.16792917251587 0
vt 1.98628997802734 0.49671530723572 0
vt 1.67609763145447 0.84989494085312 0
vt 1.67318391799927 0.83332139253616 0
vt 1.79495418071747 0.73306322097778 0
vt 1.21014142036438 0.2567492723465 0
vt 1.33555388450623 0.8942466378212 0
vt 1.33822476863861 0.8942466378212 0
vt 1.99539542198181 0.45726561546326 0
vt 1.99551689624786 0.45014607906342 0
vt 1.90336966514587 0.13968420028687 0
vt 1.90859019756317 0.13968420028687 0
vt 1.90349113941193 0.13664960861206 0
vt 1.66711366176605 0.80390918254852 0
vt 1.66711366176605 0.812195956707 0
vt 1.67014873027802 0.812195956707 0
vt 1.67002737522125 0.80390918254852 0
vt 1.67318391799927 0.812195956707 0
vt 1.6730625629425 0.80390918254852 0
vt 1.33822476863861 0.90206652879715 0
vt 1.34113848209381 0.90194982290268 0
vt 1.93614935874939 0.13314807415009 0
vt 1.52761816978455 0.1620934009552 0
vt 1.52737534046173 0.1590588092804 0
vt 1.96273720264435 0.12999677658081 0
vt 1.95593845844269 0.13058042526245 0
vt 1.6669921875 0.82083290815353 0
vt 1.66723501682281 0.83343809843063 0
vt 1.67027020454407 0.83332139253616 0
vt 1.67002737522125 0.82083290815353 0
vt 1.01613461971283 0.86693531274796 0
vt 1.01613461971283 0.85386323928833 0
vt 1.98337626457214 0.45726561546326 0
vt 1.02402603626251 0.78838610649109 0
vt 1.67901146411896 0.84989494085312 0
vt 1.54886424541473 0.16816258430481 0
vt 1.54886424541473 0.17143058776855 0
vt 1.32911932468414 0.93287926912308 0
vt 1.32948350906372 0.93533027172089 0
vt 1.02718257904053 0.90159964561462 0
vt 1.02681839466095 0.89868181943893 0
vt 1.02402603626251 0.89903193712234 0
vt 1.02439022064209 0.90194982290268 0
vt 1.41276800632477 0.00581204891205 0
vt 1.41580319404602 0.00581204891205 0
vt 1.41580319404602 0.00277745723724 0
vt 1.41276800632477 0.00277745723724 0
vt 1.99248170852661 0.42201769351959 0
vt 1.9922388792038 0.42750334739685 0
vt 1.99563825130463 0.42773675918579 0
vt 1.99588108062744 0.42213451862335 0
vt 1.02244782447815 0.83390498161316 0
vt 1.98289060592651 0.40112578868866 0
vt 1.03191745281219 0.8407911658287 0
vt 1.03458833694458 0.84674364328384 0
vt 1.03495264053345 0.8407911658287 0
vt 1.01297807693481 0.79784005880356 0
vt 1.96892893314362 0.26667010784149 0
vt 1.97317814826965 0.15987586975098 0
vt 1.14045441150665 0.25231409072876 0
vt 1.14057576656342 0.24974644184113 0
vt 1.34332382678986 0.41256380081177 0
vt 1.15987932682037 0.2441440820694 0
vt 1.99721658229828 0.67260485887527 0
vt 1.90956139564514 0.67260485887527 0
vt 1.90956139564514 0.75769007205963 0
vt 1.99721658229828 0.75769007205963 0
vt 1.99199604988098 0.57293021678925 0
vt 1.99490988254547 0.57293021678925 0
vt 1.97026443481445 0.1384003162384 0
vt 1.96298003196716 0.13851702213287 0
vt 1.96298003196716 0.14143490791321 0
vt 1.97026443481445 0.14131820201874 0
vt 1.54170119762421 0.00277745723724 0
vt 1.54170119762421 0.00581204891205 0
vt 1.54473638534546 0.00581204891205 0
vt 1.54473638534546 0.00277745723724 0
vt 1.67609763145447 0.86611831188202 0
vt 1.50964999198914 0.16197669506073 0
vt 1.50977146625519 0.1590588092804 0
vt 1.90324831008911 0.1239275932312 0
vt 1.98750412464142 0.12159335613251 0
vt 1.99539542198181 0.46543574333191 0
vt 1.01625609397888 0.8142968416214 0
vt 1.1559944152832 0.24367725849152 0
vt 1.15125954151154 0.2441440820694 0
vt 1.00423681735992 0.80776083469391 0
vt 1.09638404846191 0.46053373813629 0
vt 1.33045482635498 0.87067019939423 0
vt 1.33033335208893 0.87860679626465 0
vt 1.33324718475342 0.8707869052887 0
vt 1.98301208019257 0.88724374771118 0
vt 1.97997689247131 0.88724374771118 0
vt 1.01662027835846 0.00406134128571 0
vt 1.98665428161621 0.43882465362549 0
vt 1.47941994667053 0.1678124666214 0
vt 1.48634004592896 0.1678124666214 0
vt 1.98349761962891 0.43870794773102 0
vt 1.13134896755219 0.25488185882568 0
vt 1.13134896755219 0.25243079662323 0
vt 1.06384718418121 0.00417804718018 0
vt 1.76241731643677 0.73481392860413 0
vt 1.76253879070282 0.73189604282379 0
vt 1.94913971424103 0.13046371936798 0
vt 1.00423681735992 0.81441354751587 0
vt 1.48634004592896 0.1708470582962 0
vt 1.67609763145447 0.80390918254852 0
vt 1.78924810886383 0.73002862930298 0
vt 1.78548443317413 0.72979515790939 0
vt 1.05134236812592 0.0097804069519 0
vt 1.52385449409485 0.17073035240173 0
vt 1.33179020881653 0.92179137468338 0
vt 1.99551689624786 0.43870794773102 0
vt 1.03264582157135 0.90113282203674 0
vt 1.03531682491302 0.90113282203674 0
vt 1.42988634109497 0.00277745723724 0
vt 1.42988634109497 0.00581204891205 0
vt 1.43292140960693 0.00581204891205 0
vt 1.43292140960693 0.00277745723724 0
vt 1.58601438999176 0.67949104309082 0
vt 1.58601438999176 0.68252563476562 0
vt 1.00727200508118 0.9215579032898 0
vt 1.00423681735992 0.9215579032898 0
vt 1.98896098136902 0.57281351089478 0
vt 1.02560436725616 0.86366730928421 0
vt 1.0252400636673 0.87125378847122 0
vt 1.03592383861542 0.8915621638298 0
vt 1.67901146411896 0.86611831188202 0
vt 1.91405344009399 0.14015102386475 0
vt 1.90336966514587 0.13361501693726 0
vt 1.01322090625763 0.9215579032898 0
vt 1.01018571853638 0.89984893798828 0
vt 1.01018571853638 0.9215579032898 0
vt 1.98592579364777 0.88724374771118 0
vt 1.56804633140564 0.68252563476562 0
vt 1.90956139564514 0.66653567552567 0
vt 1.90956139564514 0.58133369684219 0
vt 1.03349566459656 0.0067458152771 0
vt 1.98604714870453 0.93427985906601 0
vt 1.97002160549164 0.12976336479187 0
vt 1.90336966514587 0.14271879196167 0
vt 1.90846872329712 0.14283549785614 0
vt 1.99260306358337 0.41361427307129 0
vt 1.99588108062744 0.41361427307129 0
vt 1.08788561820984 0.49764907360077 0
vt 1.00277996063232 0.49764907360077 0
vt 1.02572572231293 0.87813997268677 0
vt 1.0223263502121 0.87125378847122 0
vt 1.02269053459167 0.87825667858124 0
vt 1.78147804737091 0.72944504022598 0
vt 1.7812352180481 0.73936581611633 0
vt 1.67318391799927 0.82083290815353 0
vt 1.02402603626251 0.00686252117157 0
vt 1.80648767948151 0.72664386034012 0
vt 1.02900373935699 0.8849093914032 0
vt 1.01637744903564 0.79784005880356 0
vt 1.03385996818542 0.8518790602684 0
vt 1.47941994667053 0.17073035240173 0
vt 1.03337430953979 0.01573288440704 0
vt 1.93614935874939 0.13011348247528 0
vt 1.92194485664368 0.12976336479187 0
vt 1.03337430953979 0.00371122360229 0
vt 1.02390468120575 0.00394463539124 0
vt 1.78912663459778 0.72664386034012 0
vt 1.34101712703705 0.8942466378212 0
vt 1.99199604988098 0.25208067893982 0
vt 1.338831782341 0.87090361118317 0
vt 1.34162414073944 0.87090361118317 0
vt 1.37841022014618 0.00277745723724 0
vt 1.37841022014618 0.00581204891205 0
vt 1.38144528865814 0.00581204891205 0
vt 1.38144528865814 0.00277745723724 0
vt 1.00314426422119 0.78383421897888 0
vt 1.78159952163696 0.72664386034012 0
vt 1.32863366603851 0.92179137468338 0
vt 1.76229596138 0.73773181438446 0
vt 1.02997493743896 0.90124952793121 0
vt 1.90336966514587 0.13058042526245 0
vt 1.00277996063232 0.0154994726181 0
vt 1.00970017910004 0.0154994726181 0
vt 1.99260306358337 0.40112578868866 0
vt 1.99588108062744 0.40112578868866 0
vt 1.48646152019501 0.15882539749146 0
vt 1.47954142093658 0.15882539749146 0
vt 1.03264582157135 0.7995907664299 0
vt 1.03228163719177 0.81056195497513 0
vt 1.03519535064697 0.81056195497513 0
vt 1.03555965423584 0.79970747232437 0
vt 1.33021199703217 0.88654345273972 0
vt 1.15575158596039 0.25348126888275 0
vt 1.02256917953491 0.86355060338974 0
vt 1.54886424541473 0.16501128673553 0
vt 1.33603942394257 0.8707869052887 0
vt 1.53308141231537 0.67038726806641 0
vt 1.02936792373657 0.81044524908066 0
vt 1.02912509441376 0.82048273086548 0
vt 1.03191745281219 0.82059943675995 0
vt 1.0348311662674 0.82059943675995 0
vt 1.99551689624786 0.44396018981934 0
vt 1.0223263502121 0.84662687778473 0
vt 1.54886424541473 0.16174328327179 0
vt 1.38703000545502 0.00581204891205 0
vt 1.39006519317627 0.00581204891205 0
vt 1.39006519317627 0.00277745723724 0
vt 1.38703000545502 0.00277745723724 0
vt 1.0217193365097 0.84067445993423 0
vt 1.54886424541473 0.15859198570251 0
vt 1.58601438999176 0.67657315731049 0
vt 1.03288865089417 0.78861951828003 0
vt 1.03592383861542 0.78873628377914 0
vt 1.0164989233017 0.79375499486923 0
vt 1.51826989650726 0.1708470582962 0
vt 1.13122749328613 0.24997985363007 0
vt 1.78560590744019 0.72676056623459 0
vt 1.97900569438934 0.12754583358765 0
vt 1.14033305644989 0.25511527061462 0
vt 1.63797616958618 0.24321031570435 0
vt 1.91393208503723 0.14318561553955 0
vt 1.67901146411896 0.80390918254852 0
vt 1.99260306358337 0.25966715812683 0
vt 1.62316465377808 0.67050397396088 0
vt 1.00423681735992 0.82235020399094 0
vt 1.98337626457214 0.49671530723572 0
vt 1.98240506649017 0.26036751270294 0
vt 1.97912704944611 0.25966715812683 0
vt 1.15550875663757 0.25616574287415 0
vt 1.42126643657684 0.00277745723724 0
vt 1.42126643657684 0.00581204891205 0
vt 1.4243016242981 0.00581204891205 0
vt 1.4243016242981 0.00277745723724 0
vt 1.9739066362381 0.93427985906601 0
vt 1.55032110214233 0.00277745723724 0
vt 1.55032110214233 0.00581204891205 0
vt 1.55323481559753 0.00581204891205 0
vt 1.55323481559753 0.00277745723724 0
vt 1.01613461971283 0.9215579032898 0
# 1056 texture coordinates

o model-04
usemtl mat--0000
f 1615/2417/2168 1624/2416/2167 1619/2415/2166 1616/2414/2165
f 1639/2421/2171 1640/2420/2170 1638/2419/36 1659/2418/2169
f 1667/2425/2175 1661/2424/2174 1662/2423/2173 1664/2422/2172
f 1598/2428/2178 1599/2427/2177 1586/2426/2176
f 2094/2432/2182 2095/2431/2181 2108/2430/2180 2104/2429/2179
f 1612/2436/2186 1604/2435/2185 1610/2434/2184 1603/2433/2183
f 1875/2440/2190 1874/2439/2189 1884/2438/2188 1883/2437/2187
f 1589/2443/2193 1591/2442/2192 1592/2441/2191
f 1586/2446/2194 1599/2445/2194 1593/2444/2194
f 1626/2450/2198 1631/2449/2197 1630/2448/2196 1627/2447/2195
f 1593/2444/2194 1594/2452/2199 1595/2451/2194
f 1685/2456/2203 1687/2455/2202 1686/2454/2201 1684/2453/2200
f 1593/2460/2204 1595/2459/822 1585/2458/36 1597/2457/6
f 1600/2463/1184 1589/2462/1184 1592/2461/1184
f 1591/2466/1681 1584/2465/1681 1585/2464/1681
f 1675/2470/2208 1671/2469/2207 1676/2468/2206 1674/2467/2205
f 1596/2473/1185 1590/2472/1185 1597/2471/1185
f 1649/2476/2211 1656/2475/2210 1650/2474/2209
f 1692/2480/2214 1677/2479/2214 1702/2478/2213 1700/2477/2212
f 1601/2483/2215 1602/2482/2215 1607/2481/2215
f 1716/2487/2219 1745/2486/2218 1717/2485/2217 1715/2484/2216
f 2218/2491/2223 2219/2490/2222 2213/2489/2221 2214/2488/2220
f 1601/2494/2226 1613/2493/2225 1609/2492/2224
f 1594/2452/1184 1589/2462/1184 1600/2463/1184 1588/2495/1184
f 1604/2435/2228 1607/2497/2227 1606/2496/2227
f 1998/2501/2232 1997/2500/2231 2007/2499/2230 2006/2498/2229
f 1607/2497/2227 1602/2503/2227 1608/2502/2233 1606/2496/2227
f 1613/2493/2236 1611/2505/2235 1610/2504/2234
f 1652/2509/2239 1655/2508/2238 1637/2507/2238 1654/2506/2237
f 1687/2455/2202 1694/2511/2241 1696/2510/2240 1686/2454/2201
f 1634/2515/2244 1633/2514/2243 1632/2513/2243 1628/2512/2242
f 1624/2518/2247 1615/2517/2246 1614/2516/2245
f 1588/2520/2194 1587/2519/2194 1595/2451/2194 1594/2452/2199
f 1617/2523/2250 1616/2522/2249 1618/2521/2248
f 2027/2527/2254 2017/2526/2253 2028/2525/2252 2026/2524/2251
f 1619/2530/2257 1625/2529/2256 1620/2528/2255
f 1693/2534/2260 1680/2533/2259 1682/2532/2258 1701/2531/2258
f 1621/2537/2263 1623/2536/2262 1622/2535/2261
f 1649/2476/2211 1648/2539/2265 1657/2538/2264 1656/2475/2210
f 1649/2543/2268 1650/2542/2267 1636/2541/2266 1648/2540/2266
f 1625/2546/2269 1623/2545/2166 1621/2544/2166
f 1604/2435/2185 1606/2496/2271 1605/2547/2270 1610/2434/2184
f 1691/2550/2273 1679/2549/2203 1699/2548/2272
f 1614/2553/2276 1617/2552/2275 1618/2551/2274
f 2251/2557/2280 2253/2556/2279 2252/2555/2278 2250/2554/2277
f 1627/2560/2283 1629/2559/2282 1628/2558/2281
f 1993/2564/2287 1994/2563/2286 1991/2562/2285 1992/2561/2284
f 1629/2565/2288 1627/2447/2195 1630/2448/2196
f 1601/2483/2292 1607/2481/2291 1604/2567/2290 1613/2566/2289
f 1813/2571/2296 1773/2570/2295 1775/2569/2294 1777/2568/2293
f 1658/2574/2298 1659/2418/2169 1654/2573/36 1637/2572/2297
f 1668/2577/2299 1671/2469/2301 1670/2576/2300 1669/2575/2299
f 1635/2580/2304 1651/2579/2303 1653/2578/2302
f 1646/2584/2268 1641/2583/2305 1642/2582/2306 1644/2581/2305
f 1691/2588/2309 1692/2587/2308 1690/2586/2307 1679/2585/947
f 1636/2590/2311 1650/2474/2209 1656/2589/2310
f 1680/2592/2313 1684/2453/2200 1699/2591/2312 1679/2549/2203
f 1677/2596/2317 1683/2595/2316 1689/2594/2315 1697/2593/2314
f 1590/2472/1185 1599/2445/1185 1598/2597/1185 1597/2471/1185
f 1655/2600/2320 1652/2599/2319 1653/2598/2318
f 1698/2602/2322 1683/2595/2316 1677/2596/2317 1678/2601/2321
f 1654/2573/36 1659/2418/2169 1638/2419/36
f 1639/2421/2171 1642/2604/2324 1641/2603/2323 1640/2420/2170
f 1681/2606/2326 1682/2605/2325 1680/2592/2313 1679/2549/2203
f 1642/2604/2324 1639/2421/2171 1643/2607/2327
f 1691/2550/2273 1699/2548/2272 1698/2602/2322 1678/2601/2321
f 1596/2609/2329 1597/2457/6 1585/2458/36 1584/2608/2328
f 1646/2612/2332 1660/2611/2331 1647/2610/2330
f 1639/2421/2171 1659/2418/2169 1645/2613/2333
f 1643/2614/2267 1644/2581/2305 1642/2582/2306
f 1666/2618/2337 1664/2617/2336 1663/2616/2335 1662/2615/2334
f 1648/2540/2266 1636/2541/2266 1635/2620/2267 1647/2619/2267
f 1657/2623/2341 1648/2540/2340 1660/2622/2339 1645/2621/2338
f 1645/2613/2333 1660/2611/2331 1646/2612/2332 1644/2624/2342
f 1636/2541/2266 1651/2625/2343 1635/2620/2267
f 1591/2466/1185 1590/2472/1185 1596/2473/1185 1584/2465/1185
f 2012/2629/2347 1990/2628/2346 1989/2627/2345 1988/2626/2344
f 1638/2630/2238 1652/2509/2239 1654/2506/2237
f 1624/2416/2167 1623/2545/2166 1625/2546/2269 1619/2415/2166
f 1656/2632/2349 1657/2623/2341 1658/2631/2348
f 1667/2425/2350 1664/2422/37 1666/2634/36 1665/2633/36
f 1670/2576/2351 1672/2636/2353 1673/2635/2352 1669/2575/2351
f 1648/2540/2355 1647/2619/2355 1660/2622/2354
f 1667/2639/2358 1665/2638/2357 1661/2637/2356
f 1697/2643/2360 1689/2642/2359 1698/2641/842 1696/2640/800
f 1611/2645/2364 1612/2644/2363 1603/2433/2362 1610/2434/2361
f 1663/2646/2173 1664/2422/2172 1662/2423/2173
f 1688/2649/2367 1693/2648/2366 1697/2593/2314 1695/2647/2365
f 1678/2651/2307 1677/2650/947 1692/2587/2308 1691/2588/2309
f 1674/2654/2370 1676/2653/2369 1673/2652/2368
f 2257/2658/2374 2259/2657/2373 2258/2656/2372 2256/2655/2371
f 1694/2511/2241 1688/2649/2367 1695/2647/2365 1696/2510/2240
f 2227/2662/2378 2275/2661/2377 2228/2660/2376 2226/2659/2375
f 1747/2666/2381 1746/2665/2381 1712/2664/2380 1711/2663/2379
f 1932/2670/2385 1933/2669/2384 1916/2668/2383 1905/2667/2382
f 1700/2672/35 1702/2671/12 1701/2531/2386 1682/2532/35
f 1676/2468/2206 1671/2469/2207 1668/2577/2387
f 1690/2673/2212 1692/2480/2214 1700/2477/2212
f 1694/2675/2258 1685/2674/2260 1680/2533/2259 1693/2534/2260
f 1637/2572/2297 1655/2600/2320 1656/2589/2310 1658/2574/2298
f 1638/2630/2391 1635/2620/2390 1653/2676/2389 1652/2509/2388
f 1598/2428/2178 1586/2426/2176 1593/2460/2204 1597/2457/6
f 1646/2584/2268 1647/2619/2267 1635/2620/2267 1641/2583/2305
f 1599/2445/2194 1590/2472/2199 1594/2452/2199 1593/2444/2194
f 1587/2678/2393 1588/2677/2392 1595/2459/822
f 1680/2592/2313 1685/2456/2203 1684/2453/2200
f 1657/2623/2341 1645/2621/2338 1659/2679/2394 1658/2631/2348
f 1592/2461/1681 1591/2466/1681 1585/2464/1681 1600/2463/1681
f 1666/2618/2337 1662/2615/2334 1661/2637/2356 1665/2638/2357
f 1651/2579/2303 1636/2590/2311 1653/2578/2302
f 1623/2545/2397 1624/2416/2395 1620/2681/2396 1622/2680/2395
f 1693/2648/2366 1701/2682/2399 1702/2478/2398
f 1681/2683/947 1679/2585/947 1690/2586/2307
f 1997/2500/2231 1996/2685/2401 2008/2684/2400 2007/2499/2230
f 1614/2553/2276 1618/2551/2274 1620/2681/2396 1624/2416/2395
f 1611/2645/2364 1613/2566/2289 1604/2567/2290 1612/2644/2363
f 1639/2421/2171 1645/2613/2333 1644/2624/2342 1643/2607/2327
f 1694/2675/2258 1687/2686/2402 1685/2674/2260
f 1688/2687/2403 1694/2675/2258 1693/2534/2260
f 1695/2688/842 1697/2643/2360 1696/2640/800
f 1621/2537/2263 1622/2535/2261 1620/2528/2255 1625/2529/2256
f 1698/2641/842 1689/2642/2359 1683/2689/2360
f 1686/2691/2405 1696/2640/800 1684/2690/2404
f 1990/2693/2407 2012/2692/2406 2007/2499/2230 2008/2684/2400
f 2111/2697/2411 2113/2696/2410 2112/2695/2409 2110/2694/2408
f 1616/2522/2249 1617/2523/2250 1614/2516/2245 1615/2517/2246
f 1927/2701/2415 1926/2700/2414 1937/2699/2413 1936/2698/2412
f 1730/2705/2419 1707/2704/2418 1708/2703/2417 1709/2702/2416
f 1990/2628/2346 2011/2706/2420 1991/2562/2285 1989/2627/2345
f 1871/2710/2424 1870/2709/2423 1888/2708/2422 1887/2707/2421
f 2091/2714/2428 2090/2713/2427 2067/2712/2426 2066/2711/2425
f 1750/2718/2432 1752/2717/2431 1751/2716/2430 1749/2715/2429
f 1721/2722/2436 1722/2721/2435 1719/2720/2434 1720/2719/2433
f 2229/2726/2439 2230/2725/2439 2223/2724/2438 2221/2723/2437
f 1866/2730/2443 1867/2729/2442 1861/2728/2441 1862/2727/2440
f 1723/2733/2446 1724/2732/2445 1717/2485/2217 1718/2731/2444
f 1994/2563/2286 1996/2685/2401 1989/2627/2345 1991/2562/2285
f 1630/2448/2449 1631/2449/2448 1633/2514/2447 1634/2515/2447
f 1727/2737/2453 1726/2736/2452 1736/2735/2451 1735/2734/2450
f 1806/2741/2457 1805/2740/2456 1823/2739/2455 1822/2738/2454
f 1792/2744/2460 1790/2743/2459 1823/2739/2455 1824/2742/2458
f 1742/2748/2464 1743/2747/2463 1740/2746/2462 1741/2745/2461
f 1794/2752/2468 1796/2751/2467 1795/2750/2466 1793/2749/2465
f 2217/2756/2472 2199/2755/2471 2198/2754/2470 2197/2753/2469
f 1796/2760/2476 1794/2759/2475 1825/2758/2474 1826/2757/2473
f 1743/2747/2463 1744/2762/2478 1739/2761/2477 1740/2746/2462
f 1725/2764/2480 1726/2736/2452 1713/2763/2479 1715/2484/2216
f 2310/2768/2484 2117/2767/2483 2114/2766/2482 2116/2765/2481
f 1727/2737/2453 1728/2769/2485 1711/2663/2379 1712/2664/2380
f 1869/2772/2488 1870/2709/2423 1856/2771/2487 1858/2770/2486
f 1756/2775/2491 1757/2774/2490 1750/2718/2432 1748/2773/2489
f 1704/2777/2493 1706/2776/2492 1709/2702/2416 1708/2703/2417
f 1706/2776/2492 1732/2779/2495 1710/2778/2494 1709/2702/2416
f 1859/2782/2498 1896/2781/2497 1860/2780/2496 1858/2770/2486
f 1970/2786/2502 2305/2785/2501 2304/2784/2500 1967/2783/2499
f 2072/2790/2506 2073/2789/2505 2069/2788/2504 2071/2787/2503
f 1726/2736/2452 1725/2764/2480 1737/2791/2507 1736/2735/2451
f 1746/2665/2381 1714/2792/2219 1713/2763/2479 1712/2664/2380
f 2125/2796/2511 2115/2795/2510 2124/2794/2509 2311/2793/2508
f 2073/2789/2505 2072/2790/2506 2087/2798/2513 2086/2797/2512
f 1714/2792/2219 1716/2487/2219 1715/2484/2216 1713/2763/2479
f 1743/2800/2514 1742/2799/2464 1720/2719/2433 1719/2720/2434
f 2039/2804/2518 2038/2803/2517 2044/2802/2516 2043/2801/2515
f 1745/2807/2520 1716/2806/2219 1737/2791/2507 1738/2805/2519
f 1746/2810/2523 1747/2809/2522 1734/2808/2521 1735/2734/2450
f 1836/2814/2527 1837/2813/2526 1831/2812/2525 2298/2811/2524
f 1744/2762/2478 1745/2807/2520 1738/2805/2519 1739/2761/2477
f 1726/2736/2452 1727/2737/2453 1712/2664/2380 1713/2763/2479
f 2097/2818/2531 2098/2817/2530 2093/2816/2529 2092/2815/2528
f 1714/2819/2532 1746/2810/2523 1735/2734/2450 1736/2735/2451
f 2156/2823/2536 2157/2822/2535 2151/2821/2534 2152/2820/2533
f 2255/2827/2540 2253/2826/2539 2285/2825/2538 2286/2824/2537
f 2295/2831/2544 1749/2830/2543 1759/2829/2542 1758/2828/2541
f 1705/2835/2548 1731/2834/2547 1706/2833/2546 1704/2832/2545
f 2266/2838/2551 2267/2837/2550 2248/2836/2549 2250/2554/2277
f 1731/2834/2547 1705/2835/2548 1707/2704/2418 1730/2705/2419
f 2137/2842/2555 2141/2841/2554 2140/2840/2553 2139/2839/2552
f 2171/2844/2557 2153/2843/2556 2152/2820/2533 2151/2821/2534
f 2262/2846/2559 2263/2845/2558 2256/2655/2371 2258/2656/2372
f 1768/2850/2563 1767/2849/2562 1770/2848/2561 1769/2847/2560
f 1786/2854/2567 1788/2853/2566 1787/2852/2565 1785/2851/2564
f 1758/2828/2541 1759/2829/2542 1757/2774/2490 1756/2775/2491
f 1767/2849/2562 1768/2850/2563 1764/2856/2542 1765/2855/2568
f 1925/2859/2571 1926/2700/2414 1921/2858/2570 1922/2857/2569
f 2270/2863/2575 2271/2862/2574 2241/2861/2573 2243/2860/2572
f 2070/2866/2578 2089/2865/2577 2085/2864/2576 2086/2797/2512
f 1870/2709/2423 1871/2710/2424 1855/2867/2579 1856/2771/2487
f 1926/2700/2414 1927/2701/2415 1920/2868/2580 1921/2858/2570
f 2055/2872/2584 2048/2871/2583 2056/2870/2582 2053/2869/2581
f 1804/2875/2587 1805/2740/2456 1789/2874/2586 1791/2873/2585
f 2089/2865/2577 2090/2877/2589 2084/2876/2588 2085/2864/2576
f 2209/2881/2593 2193/2880/2592 2192/2879/2591 2191/2878/2590
f 1812/2885/2597 1811/2884/2596 1817/2883/2595 1816/2882/2594
f 2206/2889/2601 2205/2888/2600 2211/2887/2599 2210/2886/2598
f 2296/2892/2604 1776/2891/2603 1775/2569/2294 1774/2890/2602
f 1813/2571/2296 1812/2885/2597 1816/2882/2594 1814/2893/2605
f 2074/2896/2608 2075/2895/2607 2067/2712/2426 2068/2894/2606
f 2039/2804/2518 2040/2898/2610 2028/2525/2252 2029/2897/2609
f 2065/2900/2612 2091/2714/2428 2066/2711/2425 2063/2899/2611
f 1904/2902/2614 1932/2670/2385 1905/2667/2382 1903/2901/2613
f 1968/2906/2618 1972/2905/2617 1971/2904/2616 1977/2903/2615
f 1768/2850/2563 1762/2908/2619 1763/2907/2542 1764/2856/2542
f 2163/2911/2622 2131/2910/2621 2140/2840/2553 2162/2909/2620
f 2307/2915/2626 2018/2914/2625 2013/2913/2624 2306/2912/2623
f 1744/2916/2627 1743/2800/2514 1719/2720/2434 1718/2731/2444
f 1967/2920/2630 1977/2919/2615 1975/2918/2629 1970/2917/2628
f 2088/2921/2631 2070/2866/2578 2086/2797/2512 2087/2798/2513
f 2205/2888/2600 2206/2889/2601 2191/2878/2590 2192/2879/2591
f 1725/2764/2480 1724/2732/2445 1738/2805/2519 1737/2791/2507
f 2070/2923/2633 2088/2922/2632 2071/2787/2503 2069/2788/2504
f 1895/2927/2637 1896/2926/2636 1890/2925/2635 1891/2924/2634
f 1772/2931/2641 2297/2930/2640 2296/2929/2639 1774/2928/2638
f 1754/2934/2644 1769/2847/2560 1755/2933/2643 1753/2932/2642
f 1930/2937/2647 1929/2936/2646 1934/2935/2645 1933/2669/2384
f 1788/2940/2649 1786/2939/2567 1821/2938/2648 1822/2738/2454
f 1831/2812/2525 1833/2943/2652 1832/2942/2651 1830/2941/2650
f 1953/2947/2656 1947/2946/2655 1954/2945/2654 1951/2944/2653
f 1947/2946/2655 1958/2949/2658 1957/2948/2657 1954/2945/2654
f 2145/2953/2662 2172/2952/2661 2146/2951/2660 2144/2950/2659
f 1835/2957/2666 1879/2956/2665 1845/2955/2664 1834/2954/2663
f 1814/2893/2605 1816/2882/2594 1815/2959/2668 1799/2958/2667
f 1771/2961/2670 1814/2893/2605 1799/2958/2667 1776/2960/2669
f 1772/2963/2672 1773/2570/2295 1771/2961/2670 2297/2962/2671
f 1690/2586/35 1700/2672/35 1682/2532/35 1681/2964/822
f 1877/2968/2676 1878/2967/2675 1844/2966/2674 1846/2965/2673
f 2091/2972/2680 2065/2971/2679 2082/2970/2678 2083/2969/2677
f 2113/2696/2410 2115/2973/2510 2114/2766/2482 2112/2695/2409
f 2218/2975/2682 2217/2756/2472 2197/2753/2469 2196/2974/2681
f 2171/2979/2686 2150/2978/2685 2167/2977/2684 2168/2976/2683
f 1996/2685/2401 1994/2563/2286 2009/2980/2687 2008/2684/2400
f 1924/2982/2689 1925/2859/2571 1922/2857/2569 1923/2981/2688
f 1722/2721/2435 1723/2733/2446 1718/2731/2444 1719/2720/2434
f 2201/2986/2693 2200/2985/2692 2216/2984/2691 2215/2983/2690
f 1995/2987/2694 2009/2980/2687 1994/2563/2286 1993/2564/2287
f 1838/2991/2695 1836/2990/2696 2298/2989/2696 1829/2988/2695
f 2011/2706/2420 2010/2992/2697 1992/2561/2284 1991/2562/2285
f 1803/2993/2698 1804/2875/2587 1791/2873/2585 1793/2749/2465
f 2312/2997/2702 2170/2996/2701 2155/2995/2700 2154/2994/2699
f 2182/3001/2706 2185/3000/2705 2186/2999/2704 2180/2998/2703
f 1808/3004/2709 1807/3003/2708 1821/2938/2648 1820/3002/2707
f 1674/2467/2711 1673/2635/2712 1672/2636/2711 1675/2470/2710
f 2201/2986/2693 2202/3005/2713 2196/2974/2681 2197/2753/2469
f 1875/2440/2190 1876/3008/2716 1847/3007/2715 1849/3006/2714
f 2301/3012/2720 1906/3011/2719 1901/3010/2718 2300/3009/2717
f 2193/3014/2722 2209/3013/2721 2210/2886/2598 2211/2887/2599
f 1971/3018/2726 1980/3017/2725 1979/3016/2724 1976/3015/2723
f 1929/2936/2646 1930/2937/2647 1915/3020/2728 1917/3019/2727
f 2162/2909/2620 2161/3022/2730 2164/3021/2729 2163/2911/2622
f 2033/3025/2733 2031/3024/2732 2044/2802/2516 2045/3023/2731
f 1828/3026/2734 1815/2959/2668 1816/2882/2594 1817/2883/2595
f 1867/2729/2442 1866/2730/2443 1892/3027/2735 1891/2924/2634
f 1897/3030/2738 1854/3029/2737 1886/3028/2736 1887/2707/2421
f 2011/3031/2697 1990/2693/2407 2008/2684/2400 2009/2980/2687
f 1905/3034/2741 1916/3033/2740 1915/3020/2728 1914/3032/2739
f 2177/3038/2745 2208/3037/2744 2178/3036/2743 2189/3035/2742
f 1902/3040/2747 1904/2902/2614 1903/2901/2613 1910/3039/2746
f 2040/2898/2610 2025/3041/2748 2026/2524/2251 2028/2525/2252
f 1841/3043/2750 1842/3042/2749 1835/2957/2666 1833/2943/2652
f 2080/3047/2754 2081/3046/2753 2064/3045/2752 2062/3044/2751
f 1809/3051/2758 1810/3050/2757 1780/3049/2756 1781/3048/2755
f 1828/3054/2761 1827/3053/2760 1780/3049/2756 1779/3052/2759
f 1627/2560/2283 1628/2558/2281 1632/3056/2762 1626/3055/36
f 1910/3060/2766 1903/3059/2765 1913/3058/2764 1909/3057/2763
f 1874/2439/2189 1873/3062/2768 1885/3061/2767 1884/2438/2188
f 2228/3066/2772 2276/3065/2771 2239/3064/2770 2238/3063/2769
f 1784/3068/2774 1786/2854/2567 1785/2851/2564 1783/3067/2773
f 1919/3071/2777 1944/3070/2776 1934/2935/2645 1935/3069/2775
f 2131/2910/2621 2163/2911/2622 2143/3073/2779 2130/3072/2778
f 2153/3075/2781 2171/2979/2686 2168/2976/2683 2169/3074/2780
f 1964/3079/2785 1963/3078/2784 1966/3077/2783 1965/3076/2782
f 2099/3081/2786 2100/3080/113 2098/2817/2530 2097/2818/2531
f 1895/3083/2788 1894/3082/2787 1862/2727/2440 1861/2728/2441
f 1997/2500/2231 1998/2501/2232 1986/3084/2789 1988/2626/2344
f 1864/3087/2792 1894/3086/2791 1892/3027/2735 1893/3085/2790
f 2125/3091/2795 2311/3090/2794 2310/3089/2794 2116/3088/2793
f 2135/3093/2797 2137/2842/2555 2139/2839/2552 2133/3092/2796
f 2074/2896/2608 2073/2789/2505 2086/2797/2512 2085/2864/2576
f 2038/2803/2517 2037/3094/2798 2045/3023/2731 2044/2802/2516
f 1943/3095/2799 1919/3071/2777 1935/3069/2775 1936/2698/2412
f 1929/2936/2646 1928/3096/2800 1935/3069/2775 1934/2935/2645
f 2053/2869/2581 2056/2870/2582 2057/3098/2802 2051/3097/2801
f 1698/2641/842 1699/3099/800 1684/2690/2404 1696/2640/800
f 1898/3101/2804 1899/3100/2803 1883/2437/2187 1884/2438/2188
f 2207/3102/2805 2206/2889/2601 2210/2886/2598 2208/3037/2744
f 1980/3017/2725 1982/3104/2807 1981/3103/2806 1979/3016/2724
f 1879/2956/2665 1881/3106/2809 1880/3105/2808 1845/2955/2664
f 2014/3108/2811 2027/2527/2254 2026/2524/2251 2023/3107/2810
f 2245/3112/2815 2247/3111/2814 2246/3110/2813 2244/3109/2812
f 2024/3115/2818 2025/3041/2748 2016/3114/2817 2015/3113/2816
f 1845/3117/2820 1880/3116/2819 1846/2965/2673 1844/2966/2674
f 2105/3119/2822 2106/3118/2821 2095/2431/2181 2094/2432/2182
f 1999/3123/2826 2000/3122/2825 1983/3121/2824 1984/3120/2823
f 2150/3125/2828 2171/2844/2557 2151/2821/2534 2149/3124/2827
f 2273/3127/2830 2274/3126/2829 2238/3063/2769 2239/3064/2770
f 2274/3126/2829 2273/3127/2830 2277/3128/2831 2275/2661/2377
f 1942/3130/2833 1941/3129/2832 1922/2857/2569 1921/2858/2570
f 2138/3132/2835 2130/3131/2834 2141/2841/2554 2137/2842/2555
f 1942/3133/2836 1943/3095/2799 1936/2698/2412 1937/2699/2413
f 2017/2526/2253 2042/3134/2837 2029/2897/2609 2028/2525/2252
f 2101/3136/2839 2102/3135/2838 2100/3080/113 2099/3081/2786
f 1758/3140/2841 1756/3139/2842 1748/3138/2841 2295/3137/2840
f 1745/2486/2218 1744/2916/2627 1718/2731/2444 1717/2485/2217
f 1965/3076/2782 1966/3077/2783 1962/3142/2844 1960/3141/2843
f 2223/2724/2438 2225/3145/2847 2224/3144/2846 2222/3143/2845
f 2134/3147/2849 2135/3093/2797 2133/3092/2796 2132/3146/2848
f 1868/3148/2850 1869/2772/2488 1858/2770/2486 1860/2780/2496
f 2054/3150/2851 2055/2872/2584 2053/2869/2581 2052/3149/2581
f 2268/3152/2853 2269/3151/2852 2244/3109/2812 2246/3110/2813
f 2180/2998/2703 2186/2999/2704 2176/3154/2855 2174/3153/2854
f 2000/3122/2825 2001/3155/2856 1981/3103/2806 1983/3121/2824
f 1996/2685/2401 1997/2500/2231 1988/2626/2344 1989/2627/2345
f 2080/3047/2754 2050/3158/2859 2058/3157/2858 2079/3156/2857
f 2272/3161/2862 2271/2862/2574 2279/3160/2861 2278/3159/2860
f 2120/3165/2866 2119/3164/2865 2122/3163/2864 2121/3162/2863
f 2247/3111/2814 2249/3166/2867 2248/2836/2549 2246/3110/2813
f 2203/3170/2871 2204/3169/2870 2194/3168/2869 2195/3167/2868
f 1909/3057/2763 1913/3058/2764 1912/3172/2873 1911/3171/2872
f 1931/3173/2874 1912/3172/2873 1913/3058/2764 1914/3032/2739
f 2160/3177/2878 2159/3176/2877 2166/3175/2876 2165/3174/2875
f 2113/3180/2881 2111/3179/2880 2122/3163/2864 2123/3178/2879
f 2220/3182/2883 2219/3181/2882 2195/3167/2868 2194/3168/2869
f 2078/3184/2885 2077/3183/2884 2082/2970/2678 2081/3046/2753
f 1900/3186/2887 1910/3060/2766 1909/3057/2763 1908/3185/2886
f 1998/2501/2232 1999/3123/2826 1984/3120/2823 1986/3084/2789
f 1810/3050/2757 1809/3051/2758 1819/3188/2889 1818/3187/2888
f 1874/2439/2189 1875/2440/2190 1849/3006/2714 1850/3189/2890
f 2150/2978/2685 2148/3190/2891 2166/3175/2876 2167/2977/2684
f 1837/2813/2526 1841/3043/2750 1833/2943/2652 1831/2812/2525
f 1975/2918/2629 1976/3015/2723 1974/3192/2893 1969/3191/2892
f 1897/3194/2895 1857/3193/2894 1856/2771/2487 1855/2867/2579
f 1928/3096/2800 1929/2936/2646 1917/3019/2727 1918/3195/2896
f 2293/3197/2898 1707/2704/2418 1705/2835/2548 1703/3196/2897
f 2047/3201/2902 2049/3200/2901 2048/3199/2900 2055/3198/2899
f 2100/3080/113 2103/3202/2903 2105/3119/2822 2098/2817/2530
f 1811/2884/2596 1810/3050/2757 1818/3187/2888 1817/2883/2595
f 1755/3204/2643 1766/3203/2904 1765/2855/2568 1764/2856/2542
f 1941/3206/2906 1942/3133/2836 1937/2699/2413 1938/3205/2905
f 1857/3207/2907 1897/3030/2738 1887/2707/2421 1888/2708/2422
f 2292/3208/2908 1708/2703/2417 1707/2704/2418 2293/3197/2898
f 1940/3210/2910 1941/3206/2906 1938/3205/2905 1939/3209/2909
f 2184/3212/2912 2175/3211/2911 2185/3000/2705 2182/3001/2706
f 1630/2448/2914 1634/2515/2915 1628/2512/2914 1629/2565/2913
f 2159/3176/2877 2158/3213/2916 2167/2977/2684 2166/3175/2876
f 2012/2692/2406 1987/3214/2917 2006/2498/2229 2007/2499/2230
f 1873/3062/2768 1872/3215/2918 1886/3028/2736 1885/3061/2767
f 1872/3215/2918 1873/3062/2768 1851/3217/2920 1853/3216/2919
f 1919/3219/2922 1943/3218/2921 1920/2868/2580 1918/3195/2896
f 2257/3221/2924 2255/2827/2540 2286/2824/2537 2287/3220/2923
f 2245/3225/2928 2290/3224/2927 2280/3223/2926 2281/3222/2925
f 1916/3033/2740 1944/3226/2929 1917/3019/2727 1915/3020/2728
f 2263/2845/2558 2264/3228/2931 2254/3227/2930 2256/2655/2371
f 2002/3232/2935 2004/3231/2934 2003/3230/2933 1982/3229/2932
f 1944/3226/2929 1919/3219/2922 1918/3195/2896 1917/3019/2727
f 2157/2822/2535 2156/2823/2536 2169/3074/2780 2168/2976/2683
f 2129/3234/2937 2131/2910/2621 2130/3072/2778 2138/3233/2936
f 1870/2709/2423 1869/2772/2488 1889/3235/2938 1888/2708/2422
f 1964/3079/2785 1956/3237/2940 1957/2948/2657 1959/3236/2939
f 2076/3238/2941 2075/2895/2607 2084/2876/2588 2083/2969/2677
f 2010/3239/2942 2011/3031/2697 2009/2980/2687 1995/2987/2694
f 2185/3000/2705 2188/3241/2944 2187/3240/2943 2186/2999/2704
f 1898/3243/2804 1852/3242/2945 1851/3217/2920 1850/3189/2890
f 1805/2740/2456 1806/2741/2457 1787/2852/2565 1789/2874/2586
f 2036/3246/2948 2037/3094/2798 2032/3245/2947 2034/3244/2946
f 1945/3250/2952 1946/3249/2951 1953/3248/2950 1952/3247/2949
f 2303/3252/2954 1950/3251/2953 1946/3249/2951 1945/3250/2952
f 2178/3254/2956 2209/2881/2593 2191/2878/2590 2190/3253/2955
f 1906/3011/2719 1911/3171/2872 1902/3040/2747 1901/3010/2718
f 2041/3255/2957 2016/3114/2817 2025/3041/2748 2040/2898/2610
f 2148/3257/2959 2150/3125/2828 2149/3124/2827 2147/3256/2958
f 2013/2913/2624 2015/3113/2816 2014/3259/2961 2022/3258/2960
f 1948/3263/2965 1949/3262/2964 1958/3261/2963 1947/3260/2962
f 1790/3265/2967 1792/3264/2966 1791/2873/2585 1789/2874/2586
f 1854/3029/2737 1852/3266/2968 1885/3061/2767 1886/3028/2736
f 2221/2723/2437 2223/2724/2438 2222/3143/2845 2233/3267/2969
f 1871/2710/2424 1872/3215/2918 1853/3216/2919 1855/2867/2579
f 1958/2949/2658 1960/3268/2970 1959/3236/2939 1957/2948/2657
f 1867/2729/2442 1868/3148/2850 1860/2780/2496 1861/2728/2441
f 2312/3270/2972 2153/3075/2781 2169/3074/2780 2170/3269/2971
f 2199/3272/2974 2217/3271/2973 2215/2983/2690 2216/2984/2691
f 2289/3276/2978 2259/3275/2977 2288/3274/2976 2313/3273/2975
f 2199/3280/2980 2216/3279/2981 2200/3278/2980 2198/3277/2979
f 1931/3173/2874 1930/2937/2647 1933/2669/2384 1932/2670/2385
f 1832/3284/2985 1834/3283/2984 1843/3282/2983 1840/3281/2982
f 2275/2661/2377 2277/3128/2831 2276/3285/2986 2228/2660/2376
f 1808/3004/2709 1809/3051/2758 1781/3048/2755 1783/3067/2773
f 2298/2811/2524 1831/2812/2525 1830/2941/2650 1829/3286/2987
f 2291/3289/2990 2242/3288/2989 2241/2861/2573 2240/3287/2988
f 1812/2885/2597 1813/2571/2296 1777/2568/2293 1778/3290/2991
f 1595/2459/822 1588/3292/2992 1600/3291/6 1585/2458/36
f 1974/3192/2893 1978/3294/2994 1973/3293/2993 1972/2905/2617
f 1774/2890/2602 1775/2569/2294 1773/2570/2295 1772/2963/2672
f 2276/3065/2771 2291/3289/2990 2240/3287/2988 2239/3064/2770
f 1656/2589/2310 1655/2600/2320 1653/2598/2318 1636/2590/2311
f 2219/3181/2882 2218/2975/2682 2196/2974/2681 2195/3167/2868
f 1613/2493/2236 1610/2504/2234 1605/3295/2996 1609/2492/2995
f 1987/3296/2997 2012/2629/2347 1988/2626/2344 1986/3084/2789
f 1790/2743/2459 1788/2940/2649 1822/2738/2454 1823/2739/2455
f 1671/3300/12 1675/3299/35 1672/3298/35 1670/3297/6
f 1894/3082/2787 1864/3302/2998 1863/3301/2441 1862/2727/2440
f 2021/3306/2960 2022/3305/3001 2020/3304/3000 2019/3303/2999
f 2019/3310/3004 2307/3309/3003 2306/3308/3002 2021/3307/3002
f 1963/3078/2784 1964/3079/2785 1959/3236/2939 1961/3311/3005
f 2098/2817/2530 2105/3119/2822 2094/2432/2182 2093/2816/2529
f 2143/3313/3007 2145/2953/2662 2144/2950/2659 2142/3312/3006
f 2158/3213/2916 2157/2822/2535 2168/2976/2683 2167/2977/2684
f 1676/2653/2369 1668/3315/3009 1669/3314/3008 1673/2652/2368
f 1852/3242/2945 1854/3316/3010 1853/3216/2919 1851/3217/2920
f 1782/3317/3011 1784/3068/2774 1783/3067/2773 1781/3048/2755
f 2204/3169/2870 2205/2888/2600 2192/2879/2591 2194/3168/2869
f 1930/2937/2647 1931/3173/2874 1914/3032/2739 1915/3020/2728
f 2018/2914/2625 2024/3115/2818 2015/3113/2816 2013/2913/2624
f 2003/3319/3013 1985/3318/3012 1984/3120/2823 1983/3121/2824
f 1827/3320/3014 1828/3026/2734 1817/2883/2595 1818/3187/2888
f 1693/2648/2366 1702/2478/2398 1677/2596/2317 1697/2593/2314
f 1640/3321/3015 1641/2583/3015 1635/2620/2390 1638/2630/2391
f 1872/3215/2918 1871/2710/2424 1887/2707/2421 1886/3028/2736
f 2173/3324/3018 2174/3153/2854 2184/3323/3017 2183/3322/3016
f 1729/3326/3020 1728/2769/2485 1734/2808/2521 1733/3325/3019
f 2102/3135/2838 2104/3327/2179 2103/3202/2903 2100/3080/113
f 1809/3051/2758 1808/3004/2709 1820/3002/2707 1819/3188/2889
f 2079/3156/2857 2078/3184/2885 2081/3046/2753 2080/3047/2754
f 1876/3008/2716 1875/2440/2190 1883/2437/2187 1882/3328/3021
f 2132/3146/2848 2133/3092/2796 2128/3330/3023 2127/3329/3022
f 1619/2530/2257 1620/2528/2255 1618/2521/2248 1616/2522/2249
f 2264/3228/2931 2263/2845/2558 2287/3220/2923 2286/2824/2537
f 1848/3331/3024 1880/3105/2808 1881/3106/2809 1882/3328/3021
f 2304/3333/3025 1968/2906/2618 1977/2903/2615 1967/3332/2630
f 2115/2973/2510 2125/3334/3026 2116/2765/2481 2114/2766/2482
f 2309/3336/3028 2051/3097/2801 2047/3201/2902 2308/3335/3027
f 1879/2956/2665 1835/2957/2666 1842/3042/2749 1878/2967/2675
f 1982/3104/2807 2003/3319/3013 1983/3121/2824 1981/3103/2806
f 1878/2967/2675 1842/3042/2749 1843/3282/2983 1844/2966/2674
f 2015/3113/2816 2016/3114/2817 2027/3337/3029 2014/3259/2961
f 1811/2884/2596 1812/2885/2597 1778/3290/2991 1779/3052/2759
f 1782/3338/3030 1827/3320/3014 1818/3187/2888 1819/3188/2889
f 1730/2705/2419 1729/3326/3020 1733/3325/3019 1731/2834/2547
f 2040/2898/2610 2039/2804/2518 2043/2801/2515 2041/3255/2957
f 2128/3330/3023 2129/3234/2937 2138/3233/2936 2136/3339/3031
f 2302/3340/3032 1951/2944/2653 1950/3251/2953 2303/3252/2954
f 2078/3184/2885 2079/3156/2857 2061/3342/3034 2063/3341/3033
f 1804/2875/2587 1803/2993/2698 1825/2758/2474 1824/2742/2458
f 2202/3005/2713 2203/3170/2871 2195/3167/2868 2196/2974/2681
f 2119/3164/2865 2118/3343/3035 2123/3178/2879 2122/3163/2864
f 2148/3190/2891 2172/3344/3036 2165/3174/2875 2166/3175/2876
f 2204/3169/2870 2203/3170/2871 2213/2489/2221 2212/3345/3037
f 1878/2967/2675 1877/2968/2676 1881/3106/2809 1879/2956/2665
f 1880/3116/2819 1848/3346/3038 1847/3007/2715 1846/2965/2673
f 2259/2657/2373 2289/3348/3040 2260/3347/3039 2258/2656/2372
f 2293/3352/3044 1703/3351/3043 2294/3350/3042 2292/3349/3041
f 1749/2830/2543 1751/3354/3045 1760/3353/2568 1759/2829/2542
f 1798/3356/3047 1796/2760/2476 1826/2757/2473 1802/3355/3046
f 1865/3357/3048 1866/2730/2443 1862/2727/2440 1863/3301/2441
f 2268/3152/2853 2267/2837/2550 2283/3359/3050 2282/3358/3049
f 2255/3360/3051 2257/2658/2374 2256/2655/2371 2254/3227/2930
f 1960/3268/2970 1962/3361/3052 1961/3311/3005 1959/3236/2939
f 1926/2700/2414 1925/2859/2571 1938/3205/2905 1937/2699/2413
f 2090/2877/2589 2091/2972/2680 2083/2969/2677 2084/2876/2588
f 2037/3094/2798 2038/2803/2517 2030/3362/3053 2032/3245/2947
f 2037/3094/2798 2036/3246/2948 2046/3363/3054 2045/3023/2731
f 1800/3366/3057 1801/3365/3056 1795/2750/2466 1797/3364/3055
f 1747/2809/2522 1732/3367/3058 1733/3325/3019 1734/2808/2521
f 1752/2717/2431 1754/2934/2644 1753/2932/2642 1751/2716/2430
f 1751/3354/3045 1753/3368/3059 1763/2907/2542 1760/3353/2568
f 2115/2795/2510 2113/3180/2881 2123/3178/2879 2124/2794/2509
f 2075/2895/2607 2076/3238/2941 2066/2711/2425 2067/2712/2426
f 1976/3015/2723 1979/3016/2724 1978/3294/2994 1974/3192/2893
f 1590/3370/3061 1591/2442/2192 1589/2443/2193 1594/3369/3060
f 1807/3003/2708 1808/3004/2709 1783/3067/2773 1785/2851/2564
f 2119/3164/2865 2120/3165/2866 2109/3371/3062 2110/2694/2408
f 2057/3098/2802 2058/3157/2858 2050/3158/2859 2049/3200/2901
f 2269/3151/2852 2270/2863/2575 2243/2860/2572 2244/3109/2812
f 1703/3196/2897 1705/2835/2548 1704/2832/2545 2294/3372/3063
f 2306/2912/2623 2013/2913/2624 2022/3258/2960 2021/3373/3064
f 2033/3375/3066 2035/3374/3065 2034/3244/2946 2032/3245/2947
f 1830/3377/3068 1832/3284/2985 1840/3281/2982 1839/3376/3067
f 1609/3379/12 1605/2547/12 1606/2496/12 1608/3378/12
f 2251/3382/2280 2249/3381/3070 2283/3359/3050 2284/3380/3069
f 2056/2870/2582 2059/3383/3071 2058/3157/2858 2057/3098/2802
f 2076/3238/2941 2077/3183/2884 2063/2899/2611 2066/2711/2425
f 2049/3200/2901 2050/3158/2859 2060/3384/3072 2048/3199/2900
f 2065/2971/2679 2064/3045/2752 2081/3046/2753 2082/2970/2678
f 2271/2862/2574 2272/3161/2862 2240/3287/2988 2241/2861/2573
f 1833/2943/2652 1835/2957/2666 1834/2954/2663 1832/2942/2651
f 2077/3183/2884 2076/3238/2941 2083/2969/2677 2082/2970/2678
f 2160/3177/2878 2161/3022/2730 2144/2950/2659 2146/2951/2660
f 1954/2945/2654 1957/2948/2657 1956/3237/2940 1955/3385/3073
f 2159/3176/2877 2160/3177/2878 2146/2951/2660 2147/3256/2958
f 2103/3202/2903 2107/3386/3074 2106/3118/2821 2105/3119/2822
f 2090/2713/2427 2089/3387/3075 2068/2894/2606 2067/2712/2426
f 1949/3262/2964 1965/3076/2782 1960/3141/2843 1958/3261/2963
f 2265/3388/3076 2266/2838/2551 2250/2554/2277 2252/2555/2278
f 1866/2730/2443 1865/3357/3048 1893/3085/2790 1892/3027/2735
f 1803/2993/2698 1801/3365/3056 1826/2757/2473 1825/2758/2474
f 2075/2895/2607 2074/2896/2608 2085/2864/2576 2084/2876/2588
f 1815/3389/3077 1828/3054/2761 1779/3052/2759 1778/3290/2991
f 2242/3288/2989 2290/3390/3078 2243/2860/2572 2241/2861/2573
f 2002/3232/2935 1973/3293/2993 1978/3294/2994 2001/3155/2856
f 1814/2893/2605 1771/2961/2670 1773/2570/2295 1813/2571/2296
f 1716/2806/2219 1714/2819/2532 1736/2735/2451 1737/2791/2507
f 1806/2741/2457 1807/3003/2708 1785/2851/2564 1787/2852/2565
f 2206/2889/2601 2207/3102/2805 2190/3253/2955 2191/2878/2590
f 2001/3155/2856 1978/3294/2994 1979/3016/2724 1981/3103/2806
f 2089/3387/3075 2070/2923/2633 2069/2788/2504 2068/2894/2606
f 2127/3329/3022 2128/3330/3023 2136/3339/3031 2126/3391/3079
f 1732/2779/2495 1747/2666/2381 1711/2663/2379 1710/2778/2494
f 2095/2431/2181 2121/3162/2863 2096/3392/3080 2108/2430/2180
f 2157/2822/2535 2158/3213/2916 2149/3124/2827 2151/2821/2534
f 2041/3255/2957 2043/2801/2515 2042/3394/3082 2017/3393/3081
f 2108/3396/3083 2096/3395/3080 2109/3371/3062 2107/3386/3074
f 2064/3397/3084 2065/2900/2612 2063/3341/3033
f 2189/3398/2742 2178/3254/2956 2190/3253/2955 2188/3241/2944
f 2016/3114/2817 2041/3255/2957 2017/3393/3081 2027/3337/3029
f 2031/3024/2732 2042/3394/3082 2043/2801/2515 2044/2802/2516
f 1901/3010/2718 1902/3040/2747 1910/3039/2746 1900/3399/3085
f 2183/3401/3087 2184/3212/2912 2182/3001/2706 2181/3400/3086
f 1925/2859/2571 1924/2982/2689 1939/3209/2909 1938/3205/2905
f 2302/3405/3090 2303/3404/3090 1945/3403/3089 1952/3402/3088
f 2202/3005/2713 2201/2986/2693 2215/2983/2690 2214/2488/2220
f 2297/2962/2671 1771/2961/2670 1776/2960/2669 2296/3406/3091
f 1877/2968/2676 1876/3008/2716 1882/3328/3021 1881/3106/2809
f 1852/3266/2968 1898/3101/2804 1884/2438/2188 1885/3061/2767
f 2048/2871/2583 2060/3407/3092 2059/3383/3071 2056/2870/2582
f 2219/2490/2222 2220/3408/3093 2212/3345/3037 2213/2489/2221
f 1876/3008/2716 1877/2968/2676 1846/2965/2673 1847/3007/2715
f 2023/3107/2810 2026/2524/2251 2025/3041/2748 2024/3115/2818
f 2001/3155/2856 2000/3122/2825 2004/3231/2934 2002/3232/2935
f 2308/3335/3027 2047/3201/2902 2055/3198/2899 2054/3409/3094
f 2117/2767/2483 2310/2768/2484 2311/2793/2508 2124/2794/2509
f 2117/2767/2483 2118/3343/3035 2112/2695/2409 2114/2766/2482
f 2050/3158/2859 2080/3047/2754 2062/3044/2751 2060/3384/3072
f 1794/2759/2475 1792/2744/2460 1824/2742/2458 1825/2758/2474
f 2261/3410/3095 2262/2846/2559 2258/2656/2372 2260/3347/3039
f 2267/2837/2550 2268/3152/2853 2246/3110/2813 2248/2836/2549
f 1722/2721/2435 1721/2722/2436 1741/2745/2461 1740/2746/2462
f 2035/3411/3096 2033/3025/2733 2045/3023/2731 2046/3363/3054
f 2092/2815/2528 2093/2816/2529 2102/3413/3098 2101/3412/3097
f 1792/3264/2966 1794/2752/2468 1793/2749/2465 1791/2873/2585
f 1829/3415/3100 1830/3377/3068 1839/3376/3067 1838/3414/3099
f 2126/3417/3102 2136/3416/3101 2135/3093/2797 2134/3147/2849
f 2073/2789/2505 2074/2896/2608 2068/2894/2606 2069/2788/2504
f 2222/3421/2969 2224/3420/3105 2234/3419/3104 2232/3418/3103
f 2139/2839/2552 2140/2840/2553 2131/2910/2621 2129/3234/2937
f 2174/3153/2854 2176/3154/2855 2175/3422/3106 2184/3323/3017
f 1911/3171/2872 1912/3172/2873 1904/2902/2614 1902/3040/2747
f 1999/3123/2826 1998/2501/2232 2006/2498/2229 2005/3423/3107
f 2079/3156/2857 2058/3157/2858 2059/3383/3071 2061/3342/3034
f 2217/3271/2973 2218/2491/2223 2214/2488/2220 2215/2983/2690
f 1839/3376/3067 1840/3281/2982 1841/3043/2750 1837/2813/2526
f 2247/3424/3108 2245/3225/2928 2281/3222/2925 2282/3358/3049
f 2156/2823/2536 2155/3425/3109 2170/3269/2971 2169/3074/2780
f 2179/3426/3110 2180/2998/2703 2174/3153/2854 2173/3324/3018
f 2253/2826/2539 2251/3382/2280 2284/3380/3069 2285/2825/2538
f 1769/2847/2560 1770/2848/2561 1766/3427/3111 1755/2933/2643
f 1873/3062/2768 1874/2439/2189 1850/3189/2890 1851/3217/2920
f 2234/3419/3104 2237/3430/3114 2236/3429/3113 2235/3428/3112
f 2121/3162/2863 2122/3163/2864 2111/3179/2880 2096/3392/3080
f 2020/3304/3000 2023/3107/2810 2024/3115/2818 2018/2914/2625
f 1946/3249/2951 1948/3263/2965 1947/3260/2962 1953/3248/2950
f 2051/3097/2801 2057/3098/2802 2049/3200/2901 2047/3201/2902
f 2130/3131/2834 2143/3313/3007 2142/3312/3006 2141/2841/2554
f 1932/2670/2385 1904/2902/2614 1912/3172/2873 1931/3173/2874
f 2224/3420/3105 2226/3431/3115 2237/3430/3114 2234/3419/3104
f 1810/3050/2757 1811/2884/2596 1779/3052/2759 1780/3049/2756
f 2220/3408/3093 2193/3014/2722 2211/2887/2599 2212/3345/3037
f 1965/3076/2782 1949/3262/2964 1956/3237/2940 1964/3079/2785
f 1899/3432/3116 1898/3243/2804 1850/3189/2890 1849/3006/2714
f 2290/3224/2927 2242/3433/3117 2279/3160/2861 2280/3223/2926
f 1728/2769/2485 1729/3326/3020 1710/2778/2494 1711/2663/2379
f 2155/3425/3109 2156/2823/2536 2152/2820/2533 2154/3434/3118
f 2289/3438/3122 2313/3437/3121 2261/3436/3120 2260/3435/3119
f 2120/3165/2866 2106/3118/2821 2107/3386/3074 2109/3371/3062
f 2161/3022/2730 2162/2909/2620 2142/3312/3006 2144/2950/2659
f 1908/3185/2886 1909/3057/2763 1911/3171/2872 1906/3011/2719
f 2242/3433/3117 2291/3439/3123 2278/3159/2860 2279/3160/2861
f 2153/2843/2556 2312/3440/3124 2154/3434/3118 2152/2820/2533
f 1760/3353/2568 1763/2907/2542 1762/2908/2619 1761/3441/3125
f 2274/3126/2829 2236/3429/3113 2237/3430/3114 2238/3063/2769
f 2207/3102/2805 2187/3240/2943 2188/3241/2944 2190/3253/2955
f 2233/3443/3127 2222/3421/2969 2232/3418/3103 2231/3442/3126
f 1724/2732/2445 1723/2733/2446 1739/2761/2477 1738/2805/2519
f 1801/3365/3056 1803/2993/2698 1793/2749/2465 1795/2750/2466
f 1943/3218/2921 1942/3130/2833 1921/2858/2570 1920/2868/2580
f 1944/3070/2776 1916/2668/2383 1933/2669/2384 1934/2935/2645
f 2175/3211/2911 2189/3398/2742 2188/3241/2944 2185/3000/2705
f 2176/3154/2855 2177/3038/2745 2189/3035/2742 2175/3422/3106
f 1977/2919/2615 1971/3018/2726 1976/3015/2723 1975/2918/2629
f 2121/3162/2863 2095/2431/2181 2106/3118/2821 2120/3165/2866
f 1899/3100/2803 1848/3331/3024 1882/3328/3021 1883/2437/2187
f 1776/2891/2603 1799/3444/3128 1777/2568/2293 1775/2569/2294
f 1985/3318/3012 1987/3296/2997 1986/3084/2789 1984/3120/2823
f 2172/3344/3036 2145/3445/3129 2164/3021/2729 2165/3174/2875
f 2203/3170/2871 2202/3005/2713 2214/2488/2220 2213/2489/2221
f 2208/3037/2744 2210/2886/2598 2209/3013/2721 2178/3036/2743
f 2052/3149/2581 2053/2869/2581 2051/3097/2801 2309/3336/3028
f 1731/2834/2547 1733/3325/3019 1732/3367/3058 1706/2833/2546
f 2305/3446/3130 1969/3191/2892 1968/2906/2618 2304/3333/3025
f 2062/3447/3131 2064/3397/3084 2063/3341/3033 2061/3342/3034
f 2096/3395/3080 2111/2697/2411 2110/2694/2408 2109/3371/3062
f 2118/3343/3035 2117/2767/2483 2124/2794/2509 2123/3178/2879
f 2118/3343/3035 2119/3164/2865 2110/2694/2408 2112/2695/2409
f 2267/2837/2550 2266/2838/2551 2284/3380/3069 2283/3359/3050
f 2208/3037/2744 2177/3038/2745 2187/3240/2943 2207/3102/2805
f 1941/3129/2832 1940/3448/3132 1923/2981/2688 1922/2857/2569
f 1972/2905/2617 1973/3293/2993 1980/3449/3133 1971/2904/2616
f 1827/3053/2760 1782/3317/3011 1781/3048/2755 1780/3049/2756
f 1950/3251/2953 1955/3385/3073 1948/3263/2965 1946/3249/2951
f 2290/3390/3078 2245/3112/2815 2244/3109/2812 2243/2860/2572
f 2249/3166/2867 2251/2557/2280 2250/2554/2277 2248/2836/2549
f 2172/2952/2661 2148/3257/2959 2147/3256/2958 2146/2951/2660
f 1631/2449/3137 1626/2450/3136 1632/3450/3135 1633/2514/3134
f 1848/3346/3038 1899/3432/3116 1849/3006/2714 1847/3007/2715
f 2042/3134/2837 2031/3451/2732 2030/3362/3053 2029/2897/2609
f 1952/3452/3138 1953/2947/2656 1951/2944/2653 2302/3340/3032
f 2275/2661/2377 2227/2662/2378 2236/3429/3113 2274/3126/2829
f 2300/3009/2717 1901/3010/2718 1900/3399/3085 2299/3453/3139
f 2104/3327/2179 2108/3396/3083 2107/3386/3074 2103/3202/2903
f 1601/2494/2226 1609/2492/2224 1608/2502/2224 1602/2503/3140
f 2193/2880/2592 2220/3182/2883 2194/3168/2869 2192/2879/2591
f 1724/2732/2445 1725/2764/2480 1715/2484/2216 1717/2485/2217
f 2232/3418/3103 2234/3419/3104 2235/3428/3112 2230/2725/2439
f 2163/2911/2622 2164/3021/2729 2145/3445/3129 2143/3073/2779
f 2093/2816/2529 2094/2432/2182 2104/2429/2179 2102/3413/3098
f 1896/2781/2497 1895/3083/2788 1861/2728/2441 1860/2780/2496
f 2181/3400/3086 2182/3001/2706 2180/2998/2703 2179/3426/3110
f 1723/2733/2446 1722/2721/2435 1740/2746/2462 1739/2761/2477
f 1759/2829/2542 1760/3353/2568 1761/3441/3125 1757/2774/2490
f 1748/2773/2489 1750/2718/2432 1749/2715/2429 2295/3454/3141
f 1786/2939/2567 1784/3455/3142 1820/3002/2707 1821/2938/2648
f 1903/3059/2765 1905/3034/2741 1914/3032/2739 1913/3058/2764
f 2060/3407/3092 2062/3447/3131 2061/3342/3034 2059/3383/3071
f 1973/3293/2993 2002/3232/2935 1982/3229/2932 1980/3449/3133
f 2158/3213/2916 2159/3176/2877 2147/3256/2958 2149/3124/2827
f 2022/3305/3001 2014/3108/2811 2023/3107/2810 2020/3304/3000
f 1969/3191/2892 1974/3192/2893 1972/2905/2617 1968/2906/2618
f 2272/3161/2862 2273/3127/2830 2239/3064/2770 2240/3287/2988
f 2270/2863/2575 2269/3151/2852 2281/3222/2925 2280/3223/2926
f 2273/3127/2830 2272/3161/2862 2278/3159/2860 2277/3128/2831
f 1840/3281/2982 1843/3282/2983 1842/3042/2749 1841/3043/2750
f 1799/3444/3128 1815/3389/3077 1778/3290/2991 1777/2568/2293
f 2266/2838/2551 2265/3388/3076 2285/2825/2538 2284/3380/3069
f 2265/3388/3076 2264/3228/2931 2286/2824/2537 2285/2825/2538
f 2038/2803/2517 2039/2804/2518 2029/2897/2609 2030/3362/3053
f 2186/2999/2704 2187/3240/2943 2177/3038/2745 2176/3154/2855
f 1857/3193/2894 1859/2782/2498 1858/2770/2486 1856/2771/2487
f 1859/3456/3143 1857/3207/2907 1888/2708/2422 1889/3235/2938
f 2136/3416/3101 2138/3132/2835 2137/2842/2555 2135/3093/2797
f 2162/2909/2620 2140/2840/2553 2141/2841/2554 2142/3312/3006
f 1854/3316/3010 1897/3194/2895 1855/2867/2579 1853/3216/2919
f 1761/3441/3125 1762/2908/2619 1754/2934/2644 1752/2717/2431
f 2133/3092/2796 2139/2839/2552 2129/3234/2937 2128/3330/3023
f 1807/3003/2708 1806/2741/2457 1822/2738/2454 1821/2938/2648
f 2264/3228/2931 2265/3388/3076 2252/2555/2278 2254/3227/2930
f 2230/2725/2439 2235/3428/3112 2225/3145/2847 2223/2724/2438
f 1838/3414/3099 1839/3376/3067 1837/2813/2526 1836/2814/2527
f 1788/2853/2566 1790/3265/2967 1789/2874/2586 1787/2852/2565
f 2299/3458/3145 1900/3186/2887 1908/3185/2886 1907/3457/3144
f 2291/3439/3123 2276/3285/2986 2277/3128/2831 2278/3159/2860
f 2226/3431/3115 2228/3066/2772 2238/3063/2769 2237/3430/3114
f 2225/3145/2847 2227/2662/2378 2226/2659/2375 2224/3144/2846
f 2235/3428/3112 2236/3429/3113 2227/2662/2378 2225/3145/2847
f 1987/3214/2917 1985/3459/3146 2005/3423/3107 2006/2498/2229
f 1951/2944/2653 1954/2945/2654 1955/3385/3073 1950/3251/2953
f 2269/3151/2852 2268/3152/2853 2282/3358/3049 2281/3222/2925
f 1784/3455/3142 1782/3338/3030 1819/3188/2889 1820/3002/2707
f 2253/2556/2279 2255/3360/3051 2254/3227/2930 2252/2555/2278
f 2000/3122/2825 1999/3123/2826 2005/3423/3107 2004/3231/2934
f 1834/3283/2984 1845/3117/2820 1844/2966/2674 1843/3282/2983
f 1907/3457/3144 1908/3185/2886 1906/3011/2719 2301/3012/2720
f 2205/2888/2600 2204/3169/2870 2212/3345/3037 2211/2887/2599
f 2263/2845/2558 2262/2846/2559 2288/3274/2976 2287/3220/2923
f 2161/3022/2730 2160/3177/2878 2165/3174/2875 2164/3021/2729
f 2077/3183/2884 2078/3184/2885 2063/2899/2611
f 1985/3459/3146 2003/3230/2933 2004/3231/2934 2005/3423/3107
f 2200/2985/2692 2201/2986/2693 2197/2753/2469 2198/2754/2470
f 1802/3355/3046 1826/2757/2473 1801/3365/3056 1800/3366/3057
f 2052/3463/3149 2309/3462/3148 2308/3461/3148 2054/3460/3147
f 1928/3096/2800 1927/2701/2415 1936/2698/2412 1935/3069/2775
f 1769/2847/2560 1754/2934/2644 1762/2908/2619 1768/2850/2563
f 1896/2926/2636 1859/3456/3143 1889/3235/2938 1890/2925/2635
f 1753/3368/3059 1755/3204/2643 1764/2856/2542 1763/2907/2542
f 1757/2774/2490 1761/3441/3125 1752/2717/2431 1750/2718/2432
f 2249/3381/3070 2247/3424/3108 2282/3358/3049 2283/3359/3050
f 2294/3464/3150 1704/2777/2493 1708/2703/2417 2292/3208/2908
f 1927/2701/2415 1928/3096/2800 1918/3195/2896 1920/2868/2580
f 1955/3385/3073 1956/3237/2940 1949/3262/2964 1948/3263/2965
f 2271/2862/2574 2270/2863/2575 2280/3223/2926 2279/3160/2861
f 1729/3326/3020 1730/2705/2419 1709/2702/2416 1710/2778/2494
f 1970/2917/2628 1975/2918/2629 1969/3191/2892 2305/3446/3130
f 2262/2846/2559 2261/3410/3095 2313/3273/2975 2288/3274/2976
f 2231/3442/3126 2232/3418/3103 2230/2725/2439 2229/2726/2439
f 1869/2772/2488 1868/3148/2850 1890/2925/2635 1889/3235/2938
f 1894/3086/2791 1895/2927/2637 1891/2924/2634 1892/3027/2735
f 1907/3468/3152 2301/3467/3153 2300/3466/3152 2299/3465/3151
f 2019/3303/2999 2020/3304/3000 2018/2914/2625 2307/2915/2626
f 2031/3451/2732 2033/3375/3066 2032/3245/2947 2030/3362/3053
f 1796/2751/2467 1798/3469/3154 1797/3364/3055 1795/2750/2466
f 2259/3275/2977 2257/3221/2924 2287/3220/2923 2288/3274/2976
f 1868/3148/2850 1867/2729/2442 1891/2924/2634 1890/2925/2635
f 1805/2740/2456 1804/2875/2587 1824/2742/2458 1823/2739/2455
f 1728/2769/2485 1727/2737/2453 1735/2734/2450 1734/2808/2521

v -2.40012550354004 0.70640128850937 0.68394631147385
v -2.40007615089416 0.68899983167648 0.89996600151062
v -2.00012540817261 -0.00006370897609 0.90004003047943
v -2.00022077560425 1.24628973007202 0.69707041978836
v -1.99996507167816 1.33505070209503 0.50017434358597
v -1.99998652935028 -0.00036255863961 0.50003182888031
v -2.0002703666687 1.03328239917755 0.89993244409561
v -2.40011525154114 0.00030840616091 0.89994955062866
v -2.3999764919281 0.00000954898678 0.4999412894249
v -2.40008020401001 1.09035086631775 0.49982497096062
v -2.33476400375366 1.18149447441101 0.5001659989357
v -2.00160026550293 1.30697238445282 0.66584730148315
v -2.22590708732605 0.65087807178497 0.90016162395477
v -2.19442749023438 1.73676490783691 0.68002909421921
v -2.20148921012878 1.73748683929443 0.69257575273514
v -2.21378588676453 1.73630821704864 0.68539774417877
v -2.20810914039612 1.80823445320129 0.66724210977554
v -2.20639801025391 1.73600852489471 0.67333519458771
v -2.20578742027283 1.66368138790131 0.67621666193008
v -2.20508790016174 1.59088945388794 0.67787593603134
v -2.19284868240356 1.59104180335999 0.68508052825928
v -2.20457601547241 1.51766121387482 0.67880511283875
v -2.19233679771423 1.51781356334686 0.68600976467133
v -2.20447111129761 1.44505107402802 0.67946964502335
v -2.19209337234497 1.4451892375946 0.68642824888229
v -2.20409774780273 1.37183701992035 0.68064486980438
v -2.1917200088501 1.37197518348694 0.68760347366333
v -2.2038049697876 1.2996631860733 0.68203949928284
v -2.20324373245239 1.22688543796539 0.68394482135773
v -2.19100475311279 1.22703778743744 0.69114941358566
v -2.20282101631165 1.15412187576294 0.68609613180161
v -2.20266699790955 1.08196222782135 0.68773674964905
v -2.2027006149292 1.00936615467072 0.68864732980728
v -2.19354844093323 1.66383361816406 0.68342125415802
v -2.21008849143982 1.00966596603394 0.70070987939835
v -2.21005487442017 1.08226191997528 0.69979929924011
v -2.19730377197266 1.00918614864349 0.70793318748474
v -2.21020889282227 1.15442156791687 0.69815868139267
v -2.21063160896301 1.22718524932861 0.69600737094879
v -2.21078586578369 1.2993448972702 0.69436675310135
v -2.21148562431335 1.37213671207428 0.69270741939545
v -2.2114520072937 1.44473278522491 0.69179689884186
v -2.21196389198303 1.51796102523804 0.69086772203445
v -2.21206855773926 1.59057116508484 0.69020318984985
v -2.21276831626892 1.66336309909821 0.68854385614395
v -2.20047163963318 1.66454136371613 0.69572186470032
v -2.19982957839966 1.59072351455688 0.69740778207779
v -2.19972467422485 1.51811337471008 0.69807231426239
v -2.19907426834106 1.4448709487915 0.69875550270081
v -2.19910788536072 1.37227499485016 0.69966602325439
v -2.19881534576416 1.30010104179382 0.70106065273285
v -2.19839262962341 1.22733747959137 0.70321196317673
v -2.19796967506409 1.15457403659821 0.70536333322525
v -2.19781565666199 1.08241426944733 0.70700395107269
v -2.19032287597656 1.0095043182373 0.69560593366623
v -2.19042778015137 1.0821145772934 0.69494140148163
v -2.19098901748657 1.15489232540131 0.69303607940674
v -2.19142746925354 1.29980134963989 0.68899810314178
v -2.33342599868774 1.43183398246765 0.57387512922287
v -2.33618879318237 1.34321939945221 0.58358925580978
v -2.32336473464966 1.34403729438782 0.57744485139847
v -2.31599974632263 1.25791072845459 0.57972586154938
v -2.30986404418945 1.17306280136108 0.582215487957
v -2.31761789321899 1.34521591663361 0.59002965688705
v -2.34050321578979 1.43219482898712 0.59260421991348
v -2.32989645004272 1.34376585483551 0.59619265794754
v -2.34625005722046 1.43101608753204 0.58001953363419
v -2.32266974449158 1.25765359401703 0.59871965646744
v -2.32841658592224 1.25647497177124 0.5861349105835
v -2.30984568595886 1.25847148895264 0.59257525205612
v -2.30397868156433 1.17422747612 0.59455418586731
v -2.31680274009705 1.17340958118439 0.60069859027863
v -2.32309532165527 1.1728630065918 0.58809518814087
v -2.31336331367493 1.09023189544678 0.60189938545227
v -2.31919121742249 1.09009337425232 0.58953410387039
v -2.31229400634766 1.00914657115936 0.6022954583168
v -2.31852865219116 1.00962603092194 0.58966547250748
v -2.29946994781494 1.00996434688568 0.59615111351013
v -2.30053925514221 1.0910496711731 0.5957550406456
v -2.30683183670044 1.09050321578979 0.58315163850784
v -2.30576229095459 1.00941789150238 0.58354771137238
v -2.0274658203125 1.55404305458069 0.51236581802368
v -2.01558709144592 1.52733647823334 0.50175207853317
v -2.02944684028625 1.55578899383545 0.49848467111588
v -2.02890300750732 1.52280390262604 0.50231242179871
v -2.0409152507782 1.54772984981537 0.4996383190155
v -2.02988386154175 1.52791500091553 0.51575577259064
v -2.03893399238586 1.54598379135132 0.51351946592331
v -2.05513954162598 1.56207895278931 0.50834375619888
v -2.06792712211609 1.56593358516693 0.52300840616226
v -2.05838871002197 1.55938017368317 0.530377805233
v -2.07995414733887 1.55972564220428 0.53867995738983
v -2.08984470367432 1.54273796081543 0.55390095710754
v -2.07663083076477 1.53878378868103 0.55701911449432
v -2.09790849685669 1.51569950580597 0.56618195772171
v -2.10307717323303 1.479412317276 0.57575297355652
v -2.08960127830505 1.47807157039642 0.57756918668747
v -2.10697960853577 1.43634819984436 0.58155542612076
v -2.09303879737854 1.43541550636292 0.5836096405983
v -2.10929727554321 1.38635408878326 0.58507597446442
v -2.09529900550842 1.38644742965698 0.58710366487503
v -2.11046934127808 1.33153855800629 0.58724558353424
v -2.09693574905396 1.33122384548187 0.58903515338898
v -2.11121392250061 1.26945555210114 0.58812540769577
v -2.09721565246582 1.26954901218414 0.59015303850174
v -2.11151599884033 1.19746339321136 0.58852523565292
v -2.09751796722412 1.19755685329437 0.59055286645889
v -2.11154890060425 1.11248385906219 0.58852499723434
v -2.11173868179321 1.00940072536469 0.58850365877151
v -2.09774041175842 1.0094940662384 0.59053134918213
v -2.04850053787231 1.55639827251434 0.51987671852112
v -2.11328458786011 1.00940990447998 0.60257208347321
v -2.11364030838013 1.11312520503998 0.60257470607758
v -2.09928631782532 1.0095032453537 0.60459971427917
v -2.11346888542175 1.19809067249298 0.60232895612717
v -2.11336278915405 1.26907086372375 0.60220170021057
v -2.11256074905396 1.33217990398407 0.60129529237747
v -2.11133098602295 1.38802146911621 0.59909915924072
v -2.10887479782104 1.43800151348114 0.59533250331879
v -2.10518360137939 1.48269546031952 0.58899277448654
v -2.0993537902832 1.52040266990662 0.57938724756241
v -2.09028649330139 1.55043435096741 0.56555032730103
v -2.07870006561279 1.57034456729889 0.54754334688187
v -2.06360054016113 1.57875788211823 0.52762842178345
v -2.04649662971497 1.57318818569183 0.50932157039642
v -2.04026460647583 1.56812560558319 0.52058988809586
v -2.05365514755249 1.57158637046814 0.53526252508163
v -2.06610608100891 1.56484532356262 0.55267477035522
v -2.07707285881042 1.5464802980423 0.56866842508316
v -2.08560943603516 1.51845812797546 0.58171403408051
v -2.09143900871277 1.48075091838837 0.59131962060928
v -2.0949342250824 1.43706881999969 0.59738677740097
v -2.0973904132843 1.38708889484406 0.60115331411362
v -2.09888863563538 1.33185112476349 0.60283887386322
v -2.09922623634338 1.26915013790131 0.60398334264755
v -2.09906363487244 1.19756603240967 0.60462129116058
v -2.09909653663635 1.1125864982605 0.60462099313736
v -2.09755063056946 1.11257719993591 0.59055262804031
v -2.08375692367554 1.51313698291779 0.56877344846725
v -2.06782484054565 1.55381834506989 0.5435733795166
v -2.13440895080566 1.58592867851257 0.98002260923386
v -2.14414834976196 1.59326493740082 0.98645967245102
v -2.13515424728394 1.61916720867157 0.93742036819458
v -2.14516234397888 1.62710738182068 0.94334679841995
v -2.14426708221436 1.64843606948853 0.91242092847824
v -2.1431725025177 1.65997338294983 0.88866567611694
v -2.13099932670593 1.65056622028351 0.87364995479584
v -2.13425970077515 1.60124373435974 0.99221581220627
v -2.13486647605896 1.63446831703186 0.949367582798
v -2.12411308288574 1.59328961372375 0.98604339361191
v -2.12485837936401 1.62652814388275 0.94344121217728
v -2.12423992156982 1.6478853225708 0.91300737857819
v -2.1348705291748 1.63952660560608 0.90750515460968
v -2.13464689254761 1.6570188999176 0.91766637563705
v -2.13225674629211 1.66887938976288 0.89267319440842
v -2.12302350997925 1.65825724601746 0.89101159572601
v -2.13333606719971 1.64974522590637 0.88699620962143
v -2.1199779510498 1.66015863418579 0.87442988157272
v -2.11601567268372 1.65392446517944 0.86078065633774
v -2.12776112556458 1.64589357376099 0.86242634057999
v -2.11117815971375 1.63967990875244 0.84808504581451
v -2.12377738952637 1.63380014896393 0.85139960050583
v -2.10622978210449 1.61911129951477 0.83678990602493
v -2.10158634185791 1.59226131439209 0.82763320207596
v -2.09710907936096 1.55911576747894 0.8203689455986
v -2.11003994941711 1.55682134628296 0.82556384801865
v -2.09402751922607 1.52095305919647 0.81520587205887
v -2.10703945159912 1.51969885826111 0.82062011957169
v -2.0915195941925 1.47711277008057 0.81167048215866
v -2.10493850708008 1.47647666931152 0.81682008504868
v -2.09045648574829 1.42780494689941 0.80926018953323
v -2.10354924201965 1.42759096622467 0.81489390134811
v -2.08942151069641 1.37218737602234 0.80849629640579
v -2.0893120765686 1.30795323848724 0.80770719051361
v -2.08934855461121 1.23077416419983 0.80725604295731
v -2.08933115005493 1.13386154174805 0.8073211312294
v -2.08884072303772 1.00937247276306 0.80761528015137
v -2.09466028213501 1.00980949401855 0.79424726963043
v -2.09427881240845 1.13408863544464 0.7944558262825
v -2.09476089477539 1.23059320449829 0.79415267705917
v -2.09472441673279 1.30777227878571 0.79460382461548
v -2.09524083137512 1.37262451648712 0.79512828588486
v -2.09554266929626 1.42804622650146 0.79664087295532
v -2.097012758255 1.47797203063965 0.79878652095795
v -2.0993824005127 1.5217981338501 0.80207586288452
v -2.10254454612732 1.56100118160248 0.80745840072632
v -2.10710263252258 1.59518694877625 0.81494206190109
v -2.11196565628052 1.62309122085571 0.82456415891647
v -2.11749076843262 1.6457827091217 0.83703619241714
v -2.12345957756042 1.66220676898956 0.85189265012741
v -2.12906551361084 1.67055213451386 0.87066560983658
v -2.13948369026184 1.66135346889496 0.86987781524658
v -2.13487839698792 1.65459811687469 0.85402238368988
v -2.13009023666382 1.63990294933319 0.84035074710846
v -2.12459635734558 1.61870229244232 0.82907420396805
v -2.11995267868042 1.59185230731964 0.81991755962372
v -2.11561393737793 1.55872082710266 0.81289929151535
v -2.11239409446716 1.52054393291473 0.80749017000198
v -2.11002445220947 1.47671782970428 0.80420082807541
v -2.10849690437317 1.42781805992126 0.80202859640121
v -2.10819506645203 1.37239634990692 0.8005159497261
v -2.10767865180969 1.30754423141479 0.79999148845673
v -2.1073887348175 1.23078727722168 0.80002444982529
v -2.10723304748535 1.13386046886444 0.79984349012375
v -2.10761427879333 1.00958144664764 0.79963493347168
v -2.10220193862915 1.00976240634918 0.81273829936981
v -2.10228538513184 1.13363349437714 0.81270879507065
v -2.10244107246399 1.23056018352509 0.81288975477219
v -2.10226631164551 1.30772507190704 0.8130949139595
v -2.10237574577332 1.37195932865143 0.81388401985168
v -2.11429786682129 1.58891248703003 0.8323627114296
v -2.11886072158813 1.61472237110138 0.84130001068115
v -2.43050956726074 1.20728123188019 0.80332779884338
v -2.4061176776886 1.17611575126648 0.7980649471283
v -2.38509583473206 1.13624882698059 0.79400420188904
v -2.37434363365173 1.08632206916809 0.80325329303741
v -2.45292973518372 1.23533523082733 0.81929743289948
v -2.42192459106445 1.21436154842377 0.81132465600967
v -2.42525124549866 1.20711541175842 0.82285964488983
v -2.43443942070007 1.19964122772217 0.8148707151413
v -2.40126633644104 1.17656779289246 0.81733214855194
v -2.41222977638245 1.17100441455841 0.80953323841095
v -2.39602637290955 1.18188917636871 0.80536109209061
v -2.37405157089233 1.14077210426331 0.80158364772797
v -2.38078999519348 1.13733315467834 0.81325268745422
v -2.39197254180908 1.13282406330109 0.80591922998428
v -2.36220836639404 1.08958101272583 0.81087011098862
v -2.34608221054077 1.03658533096313 0.8093558549881
v -2.35775279998779 1.03373456001282 0.80197709798813
v -2.33227300643921 0.97833222150803 0.80846387147903
v -2.31910967826843 0.9160173535347 0.8084163069725
v -2.30855488777161 0.85111498832703 0.80867320299149
v -2.3000636100769 0.78299301862717 0.80925309658051
v -2.31208348274231 0.78178626298904 0.80158305168152
v -2.29431080818176 0.71287328004837 0.80938071012497
v -2.30641174316406 0.71270680427551 0.8019300699234
v -2.2922580242157 0.64143055677414 0.80977541208267
v -2.30435872077942 0.64126408100128 0.8023247718811
v -2.28487014770508 0.64113086462021 0.79771286249161
v -2.28700375556946 0.71361380815506 0.79753756523132
v -2.29261803627014 0.7837193608284 0.79716390371323
v -2.30110955238342 0.85184127092361 0.79658401012421
v -2.31220960617065 0.91737586259842 0.79630845785141
v -2.32476997375488 0.98008465766907 0.79634809494019
v -2.33912467956543 1.03896999359131 0.79722136259079
v -2.35579633712769 1.0925977230072 0.79871702194214
v -2.36692118644714 1.0891147851944 0.79135692119598
v -2.35038805007935 1.03550112247467 0.79010730981827
v -2.33657884597778 0.97724795341492 0.7892153263092
v -2.32382249832153 0.91555106639862 0.78890311717987
v -2.31286072731018 0.85003066062927 0.78942465782166
v -2.30477643013 0.78252673149109 0.78973990678787
v -2.29869747161865 0.71282923221588 0.7903516292572
v -2.2969708442688 0.64096438884735 0.79026222229004
v -2.32030630111694 0.84930431842804 0.80151385068893
v -2.33132553100586 0.91379863023758 0.80101889371872
v -2.34347867965698 0.97588938474655 0.8013231754303
v -2.21543955802917 1.80956029891968 0.67927807569504
v -2.1962194442749 1.81003105640411 0.67415547370911
v -2.20314264297485 1.81073880195618 0.6864560842514
v -2.32767915725708 1.43301272392273 0.58645981550217
v -2.01642942428589 1.53243350982666 0.51494938135147
v -2.46013426780701 1.21752452850342 0.82146352529526
v -2.45360112190247 1.22654378414154 0.83014243841171
v -2.45899796485901 1.22672390937805 0.81085658073425
# 265 vertices

vn -0.0131878471002 0.62995404005051 0.77652043104172
vn 0.98281925916672 0.15050104260445 -0.10684448480606
vn 0.98394525051117 0.14300112426281 -0.10678208619356
vn 0.17194443941116 -0.50973933935165 0.84297150373459
vn 0.17534689605236 -0.50075900554657 0.84764021635056
vn 0.34407687187195 0.49036422371864 -0.80072093009949
vn 0.28878983855247 0.46254500746727 -0.83824372291565
vn -0.7528510093689 0.65688133239746 0.04150040075183
vn -0.86633777618408 0.48788923025131 -0.10687811672688
vn -0.48999148607254 0.51939910650253 -0.7000949382782
vn -0.4899779856205 0.51935356855392 -0.70013821125031
vn -0.48995384573936 0.51923614740372 -0.70024216175079
vn -0.91717272996902 0.39631962776184 0.04153199866414
vn -0.89046031236649 0.44435513019562 0.09812750667334
vn -0.89910638332367 0.43772488832474 0.00215628021397
vn -0.87020802497864 -0.33544540405273 0.36085227131844
vn -0.8702073097229 -0.33541390299797 0.3608832359314
vn 0.3755664229393 0.25603392720222 -0.89072805643082
vn 0.345290184021 0.34660270810127 -0.87214750051498
vn -0.84992474317551 -0.36382043361664 -0.38113331794739
vn -0.94137161970139 -0.0942215397954 -0.32394710183144
vn -0.87019819021225 -0.33544161915779 0.36087945103645
vn 0.86864268779755 0.33941313624382 -0.36091360449791
vn 0.47270128130913 -0.49270185828209 0.73061507940292
vn 0.48838779330254 -0.51241964101791 0.70633095502853
vn 0.48841941356659 -0.51238876581192 0.70633155107498
vn -0.37781754136086 0.87038666009903 0.31572297215462
vn -0.75221449136734 0.61361569166183 0.24010236561298
vn -0.88073527812958 0.42641425132751 0.2060976177454
vn -0.83751648664474 0.52282279729843 0.15881563723087
vn 0.39669531583786 0.57879269123077 -0.71248286962509
vn 0.40144968032837 0.57961136102676 -0.70914655923843
vn 0.91342896223068 -0.21675539016724 0.34447732567787
vn 0.91316163539886 -0.22416524589062 0.34041991829872
vn 0.91399389505386 -0.23875656723976 0.32804027199745
vn -0.72383767366409 -0.44764056801796 0.52504950761795
vn -0.72516119480133 -0.44112801551819 0.52872234582901
vn 0.67146462202072 -0.40873524546623 0.61811870336533
vn -0.98129165172577 -0.15403288602829 0.11550122499466
vn -0.98128694295883 -0.15406340360641 0.11550066620111
vn 0.17469483613968 -0.57664924860001 0.79809606075287
vn 0.17637833952904 -0.58704245090485 0.79010874032974
vn -0.7117013335228 -0.44063359498978 0.54710441827774
vn -0.71171116828918 -0.44060841202736 0.54711192846298
vn -0.70095258951187 0.41054010391235 -0.5832000374794
vn -0.70096534490585 0.41054758429527 -0.58317947387695
vn 0.74343770742416 0.4190177321434 -0.52127200365067
vn 0.74186325073242 0.41244837641716 -0.52870142459869
vn -0.66773617267609 0.31435194611549 -0.67476761341095
vn -0.67352491617203 0.3422626554966 -0.65514922142029
vn 0.71348732709885 0.4511367380619 -0.53610771894455
vn 0.71469312906265 0.44472226500511 -0.53984802961349
vn 0.70129299163818 -0.41000685095787 0.58316600322723
vn 0.74108815193176 0.43220245838165 -0.51379901170731
vn 0.66724741458893 -0.3482024371624 0.65843451023102
vn -0.71042400598526 -0.44716742634773 0.54345107078552
vn -0.70380330085754 0.41070035099983 -0.57964313030243
vn -0.70905524492264 -0.45364037156105 0.53986203670502
vn -0.71311974525452 -0.4472975730896 0.53980094194412
vn 0.12137756496668 -0.60766911506653 0.78486031293869
vn 0.12159808725119 -0.60777169466019 0.78474676609039
vn -0.99115014076233 -0.1166904643178 0.06328285485506
vn 0.71333283185959 0.43798124790192 -0.54710936546326
vn 0.69748473167419 -0.41644707322121 0.58316963911057
vn -0.10706640779972 0.59999066591263 -0.7928102016449
vn -0.10322074592113 0.59360522031784 -0.79810917377472
vn -0.97767329216003 -0.20984740555286 -0.01090644020587
vn -0.98477429151535 -0.17272301018238 0.01965673454106
vn 0.70133060216904 -0.40997931361198 0.58314007520676
vn 0.12712796032429 -0.59607642889023 0.79279971122742
vn 0.13081534206867 -0.58813780546188 0.79811108112335
vn 0.97762876749039 0.20978876948357 0.01518804486841
vn 0.98611742258072 0.16534772515297 -0.01525036618114
vn -0.71182584762573 -0.45375847816467 0.53610378503799
vn -0.70100611448288 0.41050359606743 -0.58316135406494
vn 0.17587734758854 -0.53153830766678 0.82857358455658
vn -0.98128581047058 -0.15406812727451 0.11550421267748
vn -0.98128813505173 -0.15403233468533 0.11553206294775
vn 0.7041466832161 -0.41020008921623 0.57958030700684
vn 0.7012642621994 -0.41000837087631 0.58319938182831
vn 0.69748836755753 -0.4164804816246 0.58314144611359
vn 0.71330773830414 0.43801629543304 -0.54711407423019
vn -0.67895442247391 0.37966570258141 -0.62839066982269
vn -0.70061105489731 0.41085389256477 -0.58338940143585
vn 0.70128917694092 -0.40997335314751 0.58319407701492
vn -0.91579043865204 0.23168982565403 -0.3280970454216
vn -0.91643035411835 0.21694321930408 -0.33629012107849
vn 0.71223676204681 0.41119790077209 -0.56888937950134
vn 0.69460642337799 -0.41625761985779 0.58672946691513
vn 0.69139409065247 -0.41660523414612 0.59026628732681
vn -0.41914236545563 -0.50567722320557 0.75406247377396
vn -0.4169850051403 -0.5365834236145 0.73362237215042
vn -0.91476362943649 0.30081698298454 -0.26966026425362
vn -0.90654903650284 0.36838221549988 -0.20606654882431
vn -0.72980004549026 -0.41479194164276 0.54345148801804
vn 0.64928895235062 -0.20062737166882 0.73360240459442
vn 0.6546522974968 -0.24363514780998 0.71559226512909
vn -0.40535408258438 -0.57654595375061 0.70942431688309
vn -0.91420143842697 0.21337826550007 -0.34453651309013
vn -0.11281348019838 0.60597401857376 -0.78744435310364
vn -0.12025371938944 0.60451871156693 -0.7874618768692
vn 0.9909673333168 0.1204723790288 -0.05890802666545
vn 0.99049735069275 0.12803494930267 -0.05022019892931
vn -0.40779203176498 -0.57098388671875 0.71251881122589
vn -0.40720292925835 -0.55986493825912 0.72162109613419
vn 0.91374737024307 -0.26082065701485 0.31150975823402
vn 0.91399818658829 -0.2386951893568 0.32807305455208
vn 0.17963039875031 -0.55295413732529 0.81361824274063
vn -0.91421365737915 0.21331860125065 -0.34454110264778
vn -0.72330260276794 -0.42123121023178 0.54717242717743
vn -0.71787989139557 -0.42100286483765 0.55444121360779
vn 0.60720121860504 -0.05268869176507 0.79279917478561
vn 0.63448667526245 -0.14203526079655 0.75977140665054
vn -0.71437203884125 -0.40720361471176 0.56908506155014
vn -0.7133948802948 -0.39376094937325 0.57967239618301
vn -0.71317040920258 -0.44722765684128 0.53979200124741
vn -0.17316119372845 0.55501580238342 -0.81361699104309
vn -0.17659884691238 0.53132784366608 -0.8285551071167
vn -0.72756439447403 -0.42805072665215 0.53611814975739
vn -0.72867977619171 -0.42135733366013 0.53989243507385
vn 0.66485792398453 -0.31360042095184 0.67795187234879
vn -0.71178835630417 -0.4537858068943 0.53613036870956
vn 0.69747567176819 -0.41647291183472 0.58316206932068
vn -0.41919496655464 -0.44716423749924 0.79013907909393
vn -0.17678608000278 0.57598453760147 -0.79811561107636
vn -0.17500385642052 0.58745044469833 -0.79011118412018
vn 0.98392558097839 0.14306531846523 -0.10687710344791
vn 0.38950991630554 0.54895144701004 -0.73955005407333
vn 0.13616147637367 -0.57974094152451 0.80334329605103
vn -0.97766691446304 -0.20987729728222 -0.01090636849403
vn 0.91342532634735 -0.21672327816486 0.3445071876049
vn 0.91513186693192 -0.20940780639648 0.34450256824493
vn 0.13981777429581 -0.57164663076401 0.80849927663803
vn -0.93000376224518 -0.34745061397552 -0.11987951397896
vn -0.87138628959656 -0.44719329476357 -0.20175261795521
vn -0.17500275373459 0.58741545677185 -0.79013741016388
vn 0.74333292245865 0.4327931702137 -0.51004528999329
vn 0.39238944649696 0.5664895772934 -0.72465169429779
vn -0.91755521297455 0.25722545385361 -0.30319541692734
vn 0.1234707608819 -0.60388487577438 0.78745037317276
vn 0.12541016936302 -0.5999875664711 0.79011851549149
vn 0.98902612924576 0.14291003346443 -0.03746974095702
vn -0.64576822519302 0.20106817781925 -0.73658329248428
vn -0.6310116648674 0.14231513440609 -0.76260781288147
vn -0.12206520140171 0.6077321767807 -0.78470486402512
vn -0.12209762632847 0.60767555236816 -0.78474366664886
vn -0.99200475215912 -0.10918802767992 0.06328155100346
vn 0.74191737174988 0.41231867671013 -0.52872669696808
vn -0.66508024930954 0.27600738406181 -0.69389349222183
vn -0.71292364597321 -0.43401056528091 0.55079466104507
vn -0.70383179187775 0.41069874167442 -0.57960963249207
vn 0.66073352098465 -0.27872496843338 0.6969530582428
vn 0.25956827402115 -0.62804514169693 -0.73360997438431
vn -0.41491940617561 0.64820802211761 -0.63848900794983
vn -0.48438340425491 0.56844735145569 -0.66501152515411
vn 0.49070167541504 -0.51870250701904 0.70011401176453
vn 0.22588181495667 0.44679474830627 -0.86565113067627
vn -0.49487948417664 0.84203892946243 0.21462695300579
vn -0.15700587630272 -0.22697725892067 0.96116101741791
vn -0.12478221207857 -0.24615813791752 0.96116364002228
vn 0.86439633369446 0.3810093998909 0.3281018435955
vn 0.95774239301682 0.12037798017263 0.26122519373894
vn -0.5278924703598 -0.69824188947678 -0.48351603746414
vn -0.13147306442261 0.68289738893509 -0.71858608722687
vn -0.26444882154465 0.71374928951263 -0.64855897426605
vn -0.08856547623873 0.63061493635178 -0.77102589607239
vn -0.75666618347168 -0.57025748491287 -0.31978544592857
vn 0.75264877080917 0.58229964971542 0.30732220411301
vn 0.51776605844498 0.72352236509323 0.45654541254044
vn 0.75216913223267 0.4393512904644 -0.49113342165947
vn 0.75080090761185 0.41966724395752 -0.51007586717606
vn 0.55260044336319 0.09000109136105 0.82857257127762
vn 0.73839646577835 -0.67436331510544 -0.00218756357208
vn -0.16897355020046 0.50298303365707 -0.84761780500412
vn -0.17269416153431 0.50948840379715 -0.84296995401382
vn 0.69845533370972 -0.40976047515869 0.58673375844955
vn 0.12159645557404 -0.60782599449158 0.78470492362976
vn -0.99141454696655 -0.1167197227478 0.05893798917532
vn -0.99074351787567 -0.12428436428308 0.05459511652589
vn 0.40132293105125 0.57935881614685 -0.70942461490631
vn 0.91512078046799 -0.20944368839264 0.34451016783714
vn 0.7144923210144 0.4315767288208 -0.55067437887192
vn -0.31816470623016 -0.28500759601593 0.90418022871017
vn 0.05468862876296 -0.94161313772202 -0.33222559094429
vn 0.48385345935822 -0.85814219713211 -0.17169095575809
vn 0.74707227945328 0.41244289278984 -0.52131932973862
vn 0.74554312229156 0.4057252407074 -0.52872717380524
vn -0.08656322956085 0.59278625249863 -0.80069422721863
vn -0.09409434348345 0.59159749746323 -0.80072379112244
vn 0.9615091085434 0.26837754249573 0.05893805623055
vn 0.93000763654709 0.34740909934044 0.11996973305941
vn 0.98394095897675 0.1430050432682 -0.10681627690792
vn 0.91375339031219 -0.2607598900795 0.31154304742813
vn 0.91117542982101 -0.30400639772415 0.2780995965004
vn -0.0828469991684 0.60030484199524 -0.79546868801117
vn -0.87138748168945 -0.44716265797615 -0.20181538164616
vn -0.93002820014954 -0.34738549590111 -0.11987862735987
vn -0.55004125833511 -0.08287651091814 -0.83101511001587
vn -0.60373890399933 0.05278301239014 -0.79543280601501
vn 0.54922777414322 -0.42141318321228 -0.72163689136505
vn -0.50348842144012 0.52742689847946 -0.68433928489685
vn 0.16894122958183 -0.56369996070862 0.80851793289185
vn 0.21212948858738 -0.56019937992096 0.80073577165604
vn -0.05656277760863 0.93247336149216 0.3567830324173
vn -0.12684628367424 -0.24978624284267 0.95995670557022
vn 0.46757307648659 0.78964287042618 0.39729022979736
vn 0.24794194102287 0.45213308930397 -0.85679662227631
vn 0.19853676855564 0.45954403281212 -0.86568033695221
vn 0.0546574704349 -0.94161474704742 -0.33222615718842
vn -0.46273478865623 -0.78637099266052 -0.40926417708397
vn 0.28619813919067 -0.54592663049698 0.78743553161621
vn 0.37732848525047 -0.54561686515808 0.74828165769577
vn -0.2752583026886 0.66211372613907 0.69702100753784
vn 0.11840841174126 0.78254550695419 0.61122989654541
vn 0.43491679430008 0.30388236045837 0.84764552116394
vn -0.70574074983597 -0.42704460024834 0.56529891490936
vn -0.68872958421707 -0.42591294646263 0.58672797679901
vn 0.86966341733932 0.45053499937057 0.20175167918205
vn -0.9604971408844 -0.27197679877281 -0.05893924459815
vn -0.63100606203079 0.14237636327744 -0.76260101795197
vn -0.66646033525467 0.68111717700958 -0.30316665768623
vn -0.66642248630524 0.68114161491394 -0.30319491028786
vn -0.11631443351507 0.60179126262665 -0.79013812541962
vn 0.91511482000351 -0.20947358012199 0.34450793266296
vn -0.08293856680393 -0.97679388523102 -0.19747130572796
vn -0.08290702104568 -0.97679036855698 -0.19750183820724
vn 0.45382952690125 -0.53105115890503 0.71555811166763
vn 0.47197577357292 -0.49331983923912 -0.73066711425781
vn -0.68268710374832 -0.41589379310608 0.6008083820343
vn -0.42759919166565 -0.30134758353233 -0.85226082801819
vn -0.34129005670547 -0.42535471916199 -0.83820909261703
vn -0.42766970396042 -0.30129075050354 -0.85224556922913
vn 0.75073266029358 0.46613362431526 -0.46810245513916
vn -0.9907534122467 -0.12419184297323 0.0546269081533
vn -0.48335242271423 0.50866538286209 0.71248155832291
vn -0.64413291215897 -0.76016557216644 -0.08509478718042
vn -0.64413118362427 -0.76016354560852 -0.08512581884861
vn -0.64414989948273 -0.76015436649323 -0.08506578952074
vn -0.94137287139893 -0.09431541711092 -0.32391628623009
vn -0.3411937057972 -0.42538276314735 -0.8382340669632
vn 0.74378144741058 0.49186453223228 -0.45261287689209
vn 0.34372663497925 0.43272870779037 0.8334254026413
vn 0.91118413209915 -0.30397802591324 0.27810224890709
vn 0.74552929401398 0.40573468804359 -0.52873951196671
vn 0.12162887305021 -0.60776937007904 0.78474378585815
vn -0.99200618267059 -0.10915692895651 0.06331288814545
vn -0.12212840467691 0.60767322778702 -0.78474068641663
vn -0.99114620685577 -0.1166900023818 0.06334511190653
vn -0.707579433918 0.40416595339775 -0.57963889837265
vn -0.71039301156998 0.40432277321815 -0.57607710361481
vn 0.99157637357712 0.11306408792734 -0.06318838149309
vn 0.99158257246017 0.11293978244066 -0.06331378221512
vn 0.99158453941345 0.11294000595808 -0.06328265368938
vn -0.98127752542496 -0.15409806370735 0.11553449183702
vn 0.91316682100296 -0.22415885329247 0.34041020274162
vn -0.50585556030273 0.51251196861267 -0.69385993480682
vn -0.55408269166946 0.43051567673683 0.71249467134476
vn -0.56773275136948 0.41241642832756 0.71245503425598
vn -0.55001801252365 -0.08290896564722 -0.8310272693634
vn 0.85359418392181 -0.50370615720749 0.13287994265556
vn -0.13890852034092 -0.73966830968857 -0.65847951173782
vn 0.25960248708725 -0.62802112102509 -0.73361843824387
vn -0.7566602230072 -0.57028424739838 -0.31975167989731
vn 0.71347725391388 0.4511616230011 -0.53610014915466
vn 0.89696925878525 -0.38166975975037 0.22310164570808
vn -0.98887538909912 -0.14284832775593 0.0414700768888
vn -0.67801839113235 0.40307345986366 -0.61467295885086
vn -0.67901480197906 0.37966451048851 -0.62832617759705
vn 0.89695233106613 -0.38169381022453 0.22312867641449
vn -0.17268960177898 0.50947499275208 -0.84297895431519
vn -0.48998868465424 0.51936489343643 -0.70012223720551
vn 0.48385086655617 -0.85813760757446 -0.17172127962112
vn -0.98476421833038 -0.17278374731541 0.01962528377771
vn -0.52782791852951 -0.69827038049698 -0.48354536294937
vn -0.67349404096603 0.34226286411285 -0.65518081188202
vn 0.69748109579086 -0.41641366481781 0.58319783210754
vn -0.65588080883026 0.24047088623047 -0.71553760766983
vn -0.98887413740158 -0.14284813404083 0.04150127619505
vn -0.65583056211472 0.24047537147999 -0.71558219194412
vn 0.50395196676254 -0.51442098617554 0.69383239746094
vn -0.07159475982189 0.85938715934753 0.50628834962845
vn -0.6780269742012 0.40304726362228 -0.61468070745468
vn -0.16897255182266 0.50288635492325 -0.84767538309097
vn 0.56560629606247 -0.40997782349586 -0.71554714441299
# 284 normals

vt 1.16525232791901 0.04224038124084 0
vt 1.16585850715637 0.00436961650848 0
vt 1.11978435516357 0.00277745723724 0
vt 1.62320601940155 0.67353338003159 0
vt 1.60441255569458 0.67353338003159 0
vt 1.60441255569458 0.6764902472496 0
vt 1.62320601940155 0.67660397291183 0
vt 1.01308608055115 0.81432616710663 0
vt 1.01308608055115 0.8077300786972 0
vt 1.01017618179321 0.8077300786972 0
vt 1.01017618179321 0.81432616710663 0
vt 1.25824952125549 0.41253221035004 0
vt 1.25824952125549 0.18041753768921 0
vt 1.21908640861511 0.2621865272522 0
vt 1.0336982011795 0.03143644332886 0
vt 1.11420691013336 0.12184858322144 0
vt 1.08789610862732 0.41253221035004 0
vt 1.13603150844574 0.27401399612427 0
vt 1.08789610862732 0.19258618354797 0
vt 1.0141773223877 0.78248292207718 0
vt 1.01332855224609 0.7890790104866 0
vt 1.01684474945068 0.78953391313553 0
vt 1.01781475543976 0.78396135568619 0
vt 1.17313349246979 0.41253221035004 0
vt 1.17313349246979 0.2658257484436 0
vt 1.34336566925049 0.12833094596863 0
vt 1.27207183837891 0.16108405590057 0
vt 1.0380631685257 0.13424468040466 0
vt 1.00277996063232 0.12833094596863 0
vt 1.04473185539246 0.14732325077057 0
vt 1.05212795734406 0.13049173355103 0
vt 1.02205848693848 0.05224823951721 0
vt 1.01320731639862 0.86686760187149 0
vt 1.01320731639862 0.88199317455292 0
vt 1.01623857021332 0.88199317455292 0
vt 1.01623857021332 0.86686760187149 0
vt 1.01320731639862 0.85378909111023 0
vt 1.01623857021332 0.85378909111023 0
vt 1.98197889328003 0.12742114067078 0
vt 1.9821001291275 0.14277422428131 0
vt 1.98513126373291 0.14277422428131 0
vt 1.98501002788544 0.12742114067078 0
vt 1.53299748897552 0.6795608997345 0
vt 1.550457239151 0.67944717407227 0
vt 1.550457239151 0.6764902472496 0
vt 1.53299748897552 0.6764902472496 0
vt 1.98294878005981 0.82547134160995 0
vt 1.98294878005981 0.81000459194183 0
vt 1.97991764545441 0.81000459194183 0
vt 1.97991764545441 0.82547134160995 0
vt 1.98816251754761 0.15744483470917 0
vt 1.98828375339508 0.17177426815033 0
vt 1.99119365215302 0.17177426815033 0
vt 1.99119365215302 0.15744483470917 0
vt 1.97688639163971 0.85629105567932 0
vt 1.97688639163971 0.84082436561584 0
vt 1.97397649288177 0.84082436561584 0
vt 1.97397649288177 0.85629105567932 0
vt 1.98816251754761 0.14277422428131 0
vt 1.98525249958038 0.15744483470917 0
vt 1.98294878005981 0.79465156793594 0
vt 1.98294878005981 0.7792986035347 0
vt 1.97991764545441 0.7792986035347 0
vt 1.97991764545441 0.79465156793594 0
vt 1.98294878005981 0.85629105567932 0
vt 1.98294878005981 0.84082436561584 0
vt 1.97991764545441 0.84082436561584 0
vt 1.97991764545441 0.85629105567932 0
vt 1.99216365814209 0.52648568153381 0
vt 1.99204242229462 0.54684263467789 0
vt 1.99507367610931 0.54684263467789 0
vt 1.99507367610931 0.52648568153381 0
vt 1.97688639163971 0.79465156793594 0
vt 1.97688639163971 0.7792986035347 0
vt 1.9738552570343 0.7792986035347 0
vt 1.9738552570343 0.79465156793594 0
vt 1.98634374141693 0.47474038600922 0
vt 1.9864649772644 0.46541488170624 0
vt 1.983433842659 0.46541488170624 0
vt 1.983433842659 0.47462666034698 0
vt 1.97688639163971 0.87175780534744 0
vt 1.97397649288177 0.87175780534744 0
vt 1.99228489398956 0.47474038600922 0
vt 1.99240612983704 0.46552860736847 0
vt 1.98937499523163 0.46541488170624 0
vt 1.98937499523163 0.47474038600922 0
vt 1.98294878005981 0.87175780534744 0
vt 1.97991764545441 0.87175780534744 0
vt 1.58610415458679 0.6764902472496 0
vt 1.58610415458679 0.6795608997345 0
vt 1.60441255569458 0.6795608997345 0
vt 1.97688639163971 0.82547134160995 0
vt 1.97397649288177 0.82547134160995 0
vt 1.98598003387451 0.82547134160995 0
vt 1.98585879802704 0.81000459194183 0
vt 1.98585879802704 0.79465156793594 0
vt 1.98585879802704 0.7792986035347 0
vt 1.97688639163971 0.81000459194183 0
vt 1.99119365215302 0.14266049861908 0
vt 1.97688639163971 0.8873382806778 0
vt 1.97991764545441 0.8873382806778 0
vt 1.98598003387451 0.85629105567932 0
vt 1.98598003387451 0.84082436561584 0
vt 1.01017618179321 0.85378909111023 0
vt 1.01017618179321 0.86686760187149 0
vt 1.97688639163971 0.93419337272644 0
vt 1.97688639163971 0.9184992313385 0
vt 1.9738552570343 0.9184992313385 0
vt 1.9738552570343 0.93419337272644 0
vt 1.00726616382599 0.82240074872971 0
vt 1.00726616382599 0.83172625303268 0
vt 1.01017618179321 0.83172625303268 0
vt 1.01017618179321 0.82240074872971 0
vt 1.98246383666992 0.19895482063293 0
vt 1.9825850725174 0.21157836914062 0
vt 1.98561632633209 0.21157836914062 0
vt 1.98549509048462 0.19895482063293 0
vt 1.00726616382599 0.86686760187149 0
vt 1.00726616382599 0.88199317455292 0
vt 1.01017618179321 0.88199317455292 0
vt 1.98634374141693 0.49668943881989 0
vt 1.98622250556946 0.51022285223007 0
vt 1.98925375938416 0.51022285223007 0
vt 1.98925375938416 0.49668943881989 0
vt 1.00726616382599 0.85378909111023 0
vt 1.00726616382599 0.84218907356262 0
vt 1.00423502922058 0.84218907356262 0
vt 1.00423502922058 0.85378909111023 0
vt 1.56803822517395 0.6764902472496 0
vt 1.56803822517395 0.6795608997345 0
vt 1.01017618179321 0.92156982421875 0
vt 1.01017618179321 0.8998481631279 0
vt 1.00726616382599 0.8998481631279 0
vt 1.00726616382599 0.92156982421875 0
vt 1.98270630836487 0.22340595722198 0
vt 1.98270630836487 0.23420989513397 0
vt 1.98573756217957 0.23420989513397 0
vt 1.98561632633209 0.22340595722198 0
vt 1.98610126972198 0.93419337272644 0
vt 1.98598003387451 0.9184992313385 0
vt 1.98294878005981 0.9184992313385 0
vt 1.98307013511658 0.93430709838867 0
vt 1.98294878005981 0.88722455501556 0
vt 1.98598003387451 0.88722455501556 0
vt 1.98598003387451 0.87175780534744 0
vt 1.56803822517395 0.68251776695251 0
vt 1.58610415458679 0.68251776695251 0
vt 1.97397649288177 0.88722455501556 0
vt 1.98222136497498 0.1575585603714 0
vt 1.98234260082245 0.17177426815033 0
vt 1.98537373542786 0.17177426815033 0
vt 1.98294878005981 0.76383185386658 0
vt 1.98585879802704 0.76383185386658 0
vt 1.00726616382599 0.81443989276886 0
vt 1.550457239151 0.67046278715134 0
vt 1.533118724823 0.67034906148911 0
vt 1.533118724823 0.67341965436935 0
vt 1.550457239151 0.67341965436935 0
vt 1.01320731639862 0.83172625303268 0
vt 1.01320731639862 0.82240074872971 0
vt 1.99240612983704 0.45734024047852 0
vt 1.99531614780426 0.46552860736847 0
vt 1.99543738365173 0.45734024047852 0
vt 1.00423502922058 0.88199317455292 0
vt 1.00423502922058 0.8998481631279 0
vt 1.97991764545441 0.76383185386658 0
vt 1.99240612983704 0.44392061233521 0
vt 1.99240612983704 0.4500617980957 0
vt 1.99543738365173 0.45017552375793 0
vt 1.99555861949921 0.44392061233521 0
vt 1.533118724823 0.68251776695251 0
vt 1.550457239151 0.68251776695251 0
vt 1.98804128170013 0.12742114067078 0
vt 1.01320731639862 0.84218907356262 0
vt 1.01029741764069 0.84218907356262 0
vt 1.99228489398956 0.49668943881989 0
vt 1.99228489398956 0.48508942127228 0
vt 1.98925375938416 0.48508942127228 0
vt 1.97955393791199 0.21157836914062 0
vt 1.97967517375946 0.22340595722198 0
vt 1.98610126972198 0.57288587093353 0
vt 1.98610126972198 0.54672890901566 0
vt 1.98319137096405 0.54672890901566 0
vt 1.98307013511658 0.57288587093353 0
vt 1.98840498924255 0.18564891815186 0
vt 1.99131488800049 0.18553519248962 0
vt 1.98294878005981 0.90280503034592 0
vt 1.97991764545441 0.90280503034592 0
vt 1.98246383666992 0.18564891815186 0
vt 1.98537373542786 0.18564891815186 0
vt 1.98319137096405 0.42208528518677 0
vt 1.983433842659 0.42765784263611 0
vt 1.98670756816864 0.42743039131165 0
vt 1.9864649772644 0.42197155952454 0
vt 1.00277996063232 0.41253221035004 0
vt 1.01296484470367 0.80238497257233 0
vt 1.01017618179321 0.80238497257233 0
vt 1.0067812204361 0.78282409906387 0
vt 1.00738739967346 0.78896528482437 0
vt 1.01053988933563 0.78896528482437 0
vt 1.01041865348816 0.78168684244156 0
vt 1.34336566925049 0.41253221035004 0
vt 1.983433842659 0.43129706382751 0
vt 1.98355507850647 0.43459510803223 0
vt 1.98670756816864 0.43470883369446 0
vt 1.98682880401611 0.43118333816528 0
vt 1.98658621311188 0.43880295753479 0
vt 1.983433842659 0.43868923187256 0
vt 1.9894962310791 0.43891668319702 0
vt 1.98937499523163 0.43470883369446 0
vt 1.98876869678497 0.24376285076141 0
vt 1.9886474609375 0.23409616947174 0
vt 1.98573756217957 0.24376285076141 0
vt 1.01623857021332 0.81432616710663 0
vt 1.01623857021332 0.8077300786972 0
vt 1.62320601940155 0.67057651281357 0
vt 1.60441255569458 0.67057651281357 0
vt 1.98598003387451 0.90280503034592 0
vt 1.97397649288177 0.81000459194183 0
vt 1.99216365814209 0.51022285223007 0
vt 1.99519491195679 0.51022285223007 0
vt 1.99519491195679 0.49668943881989 0
vt 1.01320731639862 0.8998481631279 0
vt 1.01320731639862 0.92156982421875 0
vt 1.01623857021332 0.92156982421875 0
vt 1.01623857021332 0.8998481631279 0
vt 1.97688639163971 0.90280503034592 0
vt 1.9738552570343 0.90280503034592 0
vt 1.00738739967346 0.80238497257233 0
vt 1.00750863552094 0.79783588647842 0
vt 1.00399243831635 0.79772216081619 0
vt 1.00411367416382 0.80238497257233 0
vt 1.9886474609375 0.22329223155975 0
vt 1.98852622509003 0.21157836914062 0
vt 1.9864649772644 0.4500617980957 0
vt 1.9864649772644 0.45722651481628 0
vt 1.98937499523163 0.45722651481628 0
vt 1.9894962310791 0.4500617980957 0
vt 1.56803822517395 0.67353338003159 0
vt 1.01623857021332 0.84218907356262 0
vt 1.01623857021332 0.83172625303268 0
vt 1.56803822517395 0.67046278715134 0
vt 1.9864649772644 0.44392061233521 0
vt 1.983433842659 0.44392061233521 0
vt 1.983433842659 0.4500617980957 0
vt 1.99192118644714 0.24376285076141 0
vt 1.99179995059967 0.23409616947174 0
vt 1.98294878005981 0.41366946697235 0
vt 1.98622250556946 0.41355574131012 0
vt 1.99228489398956 0.43880295753479 0
vt 1.99216365814209 0.43470883369446 0
vt 1.01017618179321 0.79783588647842 0
vt 1.00750863552094 0.79351431131363 0
vt 1.01029741764069 0.79362803697586 0
vt 1.01308608055115 0.79374176263809 0
vt 1.01308608055115 0.79783588647842 0
vt 1.01635980606079 0.79783588647842 0
vt 1.01648104190826 0.79374176263809 0
vt 1.99228489398956 0.43118333816528 0
vt 1.99228489398956 0.42743039131165 0
vt 1.98937499523163 0.42731666564941 0
vt 1.98937499523163 0.43118333816528 0
vt 1.00738739967346 0.80784380435944 0
vt 1.00423502922058 0.8077300786972 0
vt 1.98585879802704 0.25229227542877 0
vt 1.98282754421234 0.24376285076141 0
vt 1.98282754421234 0.25229227542877 0
vt 1.9894962310791 0.44392061233521 0
vt 1.983433842659 0.45722651481628 0
vt 1.9916787147522 0.22329223155975 0
vt 1.55021476745605 0.00277745723724 0
vt 1.55021476745605 0.00573432445526 0
vt 1.55324590206146 0.00573432445526 0
vt 1.55324590206146 0.00277745723724 0
vt 1.98634374141693 0.48508942127228 0
vt 1.00423502922058 0.92156982421875 0
vt 1.40714204311371 0.00573432445526 0
vt 1.40714204311371 0.00277745723724 0
vt 1.4041109085083 0.00277745723724 0
vt 1.4041109085083 0.00573432445526 0
vt 1.99264872074127 0.41355574131012 0
vt 1.99252736568451 0.42197155952454 0
vt 1.99580109119415 0.42208528518677 0
vt 1.99592232704163 0.41355574131012 0
vt 1.98234260082245 0.2603667974472 0
vt 1.97955393791199 0.25217854976654 0
vt 1.97906887531281 0.25968444347382 0
vt 1.99204242229462 0.25217854976654 0
vt 1.98888993263245 0.25229227542877 0
vt 1.98331260681152 0.49668943881989 0
vt 1.98331260681152 0.51022285223007 0
vt 1.58610415458679 0.67046278715134 0
vt 1.58610415458679 0.67353338003159 0
vt 1.9894962310791 0.42197155952454 0
vt 1.59944140911102 0.00277745723724 0
vt 1.59641015529633 0.00277745723724 0
vt 1.59641015529633 0.00573432445526 0
vt 1.59944140911102 0.00573432445526 0
vt 1.00314378738403 0.78373390436172 0
vt 1.00387120246887 0.7894201874733 0
vt 1.99264872074127 0.25968444347382 0
vt 1.98937499523163 0.2603667974472 0
vt 1.98585879802704 0.26093542575836 0
vt 1.00423502922058 0.83172625303268 0
vt 1.42993664741516 0.00277745723724 0
vt 1.42993664741516 0.00584805011749 0
vt 1.43284666538239 0.00584805011749 0
vt 1.43284666538239 0.00277745723724 0
vt 1.98840498924255 0.1988410949707 0
vt 1.99204242229462 0.57288587093353 0
vt 1.99495244026184 0.57288587093353 0
vt 1.98622250556946 0.52648568153381 0
vt 1.98319137096405 0.52648568153381 0
vt 1.97991764545441 0.9184992313385 0
vt 1.97991764545441 0.93430709838867 0
vt 1.98913252353668 0.54672890901566 0
vt 1.98913252353668 0.52648568153381 0
vt 1.98901128768921 0.57288587093353 0
vt 1.62320601940155 0.6795608997345 0
vt 1.00423502922058 0.86686760187149 0
vt 1.98610126972198 0.40115964412689 0
vt 1.9894962310791 0.41355574131012 0
vt 1.98937499523163 0.40115964412689 0
vt 1.97967517375946 0.24376285076141 0
vt 1.00423502922058 0.81432616710663 0
vt 1.00411367416382 0.79374176263809 0
vt 1.99567985534668 0.43129706382751 0
vt 1.99567985534668 0.42765784263611 0
vt 1.99555861949921 0.43868923187256 0
vt 1.97688639163971 0.76383185386658 0
vt 1.00423502922058 0.82240074872971 0
vt 1.98331260681152 0.48508942127228 0
vt 1.97894763946533 0.12753486633301 0
vt 1.97919011116028 0.14277422428131 0
vt 1.01623857021332 0.82240074872971 0
vt 1.60441255569458 0.68251776695251 0
vt 1.97967517375946 0.23420989513397 0
vt 1.01635980606079 0.8022712469101 0
vt 1.99531614780426 0.47474038600922 0
vt 1.99555861949921 0.43459510803223 0
vt 1.97931134700775 0.1575585603714 0
vt 1.9738552570343 0.76383185386658 0
vt 1.97955393791199 0.19895482063293 0
vt 1.99531614780426 0.48508942127228 0
vt 1.99155747890472 0.21146464347839 0
vt 1.99143624305725 0.1988410949707 0
vt 1.99264872074127 0.40115964412689 0
vt 1.37282884120941 0.00277745723724 0
vt 1.369797706604 0.00277745723724 0
vt 1.369797706604 0.00584805011749 0
vt 1.37282884120941 0.00584805011749 0
vt 1.99107241630554 0.12753486633301 0
vt 1.97943258285522 0.17188799381256 0
vt 1.62320601940155 0.68251776695251 0
vt 1.97943258285522 0.18564891815186 0
vt 1.99592232704163 0.40115964412689 0
vt 1.98282754421234 0.40115964412689 0
vt 1.08789610862732 0.49771296977997 0
vt 1.00277996063232 0.49771296977997 0
# 359 texture coordinates

o model-05
usemtl mat--0000
f 2314/3472/3155 2315/3471/3155 2326/3470/3155
f 2574/3476/3159 2377/3475/3158 2374/3474/3157 2372/3473/3156
f 2434/3480/3163 2435/3479/3162 2406/3478/3161 2408/3477/3160
f 2314/3483/3166 2323/3482/3165 2322/3481/3164
f 2314/3472/2292 2326/3470/3169 2320/3485/3168 2323/3484/3167
f 2320/3488/3171 2326/3487/3171 2316/3486/3170
f 2400/3492/3175 2401/3491/3174 2399/3490/3173 2398/3489/3172
f 2326/3487/3171 2315/3494/3176 2321/3493/3176 2316/3486/3170
f 2323/3482/2235 2324/3496/2995 2318/3495/3177
f 2317/3499/3180 2320/3488/3067 2318/3498/3179 2325/3497/3178
f 2324/3501/3184 2317/3500/3183 2325/3497/3182 2318/3498/3181
f 2324/3501/3184 2323/3484/3167 2320/3485/3168 2317/3500/3183
f 2418/3505/3188 2420/3504/3187 2419/3503/3186 2417/3502/3185
f 2416/3507/3189 2418/3505/3188 2417/3502/3185 2415/3506/2586
f 2552/3511/3192 2553/3510/2571 2548/3509/3191 2550/3508/3190
f 2391/3515/3196 2392/3514/3195 2387/3513/3194 2389/3512/3193
f 2353/3519/3200 2352/3518/3199 2365/3517/3198 2364/3516/3197
f 2547/3523/3204 2568/3522/3203 2564/3521/3202 2565/3520/3201
f 2338/3527/3207 2340/3526/2218 2339/3525/3206 2337/3524/3205
f 2554/3529/3209 2553/3510/2571 2566/3528/3208 2565/3520/3201
f 2351/3533/3211 2349/3532/3211 2367/3531/3210 2366/3530/3197
f 2355/3537/3200 2354/3536/3199 2363/3535/3213 2362/3534/3212
f 2521/3541/2791 2520/3540/3216 2489/3539/3215 2488/3538/3214
f 2370/3545/2478 2369/3544/3218 2345/3543/2434 2344/3542/3217
f 2483/3549/3222 2481/3548/3221 2511/3547/3220 2512/3546/3219
f 2336/3551/3223 2338/3527/3207 2337/3524/3205 2335/3550/3205
f 2497/3555/3227 2498/3554/3226 2480/3553/3225 2482/3552/3224
f 2356/3557/3229 2355/3537/3200 2362/3534/3212 2361/3556/3228
f 2379/3560/3232 2381/3559/3231 2383/3558/3230 2377/3475/3158
f 2340/3526/2218 2371/3562/2219 2341/3561/2434 2339/3525/3206
f 2343/3564/3233 2371/3563/2532 2364/3516/3197 2365/3517/3198
f 2369/3566/3235 2370/3565/3234 2366/3530/3197 2367/3531/3210
f 2352/3518/3199 2353/3519/3200 2341/3561/2434 2342/3567/3236
f 2549/3568/3237 2547/3523/3204 2565/3520/3201 2566/3528/3208
f 2356/3557/3229 2357/3570/3238 2333/3569/2494 2335/3550/3205
f 2340/3572/2219 2338/3571/3239 2362/3534/3212 2363/3535/3213
f 2429/3574/3241 2430/3573/3240 2415/3506/2586 2417/3502/3185
f 2572/3578/3244 2327/3577/3243 2331/3576/3242 2330/3575/2908
f 2433/3582/3248 2432/3581/3247 2445/3580/3246 2444/3579/3245
f 2557/3586/3251 2558/3585/3250 2541/3584/3249 2543/3583/3249
f 2429/3574/3241 2428/3589/3253 2449/3588/3252 2448/3587/3252
f 2495/3593/3257 2494/3592/3256 2515/3591/3255 2514/3590/3254
f 2416/3597/3261 2414/3596/3260 2446/3595/3259 2447/3594/3258
f 2381/3559/3231 2385/3599/2542 2384/3598/3262 2383/3558/3230
f 2427/3603/3046 2450/3602/2473 2426/3601/3263 2425/3600/3253
f 2559/3607/3267 2537/3606/3266 2538/3605/3265 2540/3604/3264
f 2573/3611/3269 2328/3610/3268 2327/3609/3243 2572/3608/3244
f 2349/3532/3211 2351/3533/3211 2344/3542/3217 2345/3543/2434
f 2336/3614/2522 2334/3613/2492 2360/3612/3270 2361/3556/3228
f 2338/3571/3239 2336/3614/2522 2361/3556/3228 2362/3534/3212
f 2382/3616/3272 2386/3615/3271 2385/3599/2542 2381/3559/3231
f 2334/3617/2546 2336/3551/3223 2335/3550/3205 2333/3569/2494
f 2554/3529/3209 2555/3620/3275 2545/3619/3274 2546/3618/3273
f 2368/3622/3277 2369/3566/3235 2367/3531/3210 2350/3621/3276
f 2355/3537/3200 2356/3557/3229 2335/3550/3205 2337/3524/3205
f 2354/3536/3199 2355/3537/3200 2337/3524/3205 2339/3525/3206
f 2434/3480/3163 2433/3582/3248 2444/3579/3245 2443/3623/3278
f 2393/3627/3281 2394/3626/2431 2390/3625/3280 2388/3624/3279
f 2432/3581/3247 2433/3582/3248 2409/3629/2773 2411/3628/3282
f 2479/3632/2945 2481/3631/3284 2480/3553/3225 2478/3630/3283
f 2451/3634/3286 2420/3633/3285 2449/3588/3252 2450/3602/2473
f 2350/3621/3276 2367/3531/3210 2349/3532/3211 2348/3635/2446
f 2525/3639/3289 2524/3638/3288 2477/3637/3287 2476/3636/2714
f 2370/3565/3234 2343/3564/3233 2365/3517/3198 2366/3530/3197
f 2388/3641/3279 2390/3640/3290 2389/3512/3193 2387/3513/3194
f 2553/3510/2571 2552/3511/3192 2567/3642/3291 2566/3528/3208
f 2357/3570/3238 2356/3557/3229 2361/3556/3228 2360/3612/3270
f 2430/3573/3240 2431/3644/3293 2413/3643/3292 2415/3506/2586
f 2495/3593/3257 2496/3647/3296 2484/3646/3295 2486/3645/3294
f 2496/3647/3296 2497/3555/3227 2482/3552/3224 2484/3646/3295
f 2529/3649/3298 2542/3648/3297 2541/3584/3249 2540/3604/3264
f 2524/3638/3288 2479/3632/2945 2478/3630/3283 2477/3637/3287
f 2519/3653/3301 2520/3652/2637 2517/3651/3300 2518/3650/3299
f 2568/3522/3203 2569/3655/3303 2563/3654/3302 2564/3521/3202
f 2358/3657/3305 2357/3570/3238 2360/3612/3270 2359/3656/3304
f 2556/3659/3306 2557/3586/3251 2543/3583/3249 2544/3658/2728
f 2458/3663/3309 2459/3662/3308 2470/3661/3307 2466/3660/2985
f 2320/3488/3067 2316/3486/3310 2319/3664/3067 2318/3498/3179
f 2435/3479/3162 2436/3666/3312 2405/3665/3311 2406/3478/3161
f 2396/3670/3316 2397/3669/3315 2395/3668/3314 2575/3667/3313
f 2323/3482/2235 2318/3495/3177 2319/3671/2995 2322/3481/2996
f 2505/3675/3319 2506/3674/3318 2473/3673/3317 2460/3672/2664
f 2475/3677/3321 2473/3673/3317 2506/3674/3318 2507/3676/3320
f 2503/3679/3323 2502/3678/3322 2507/3676/3320 2506/3674/3318
f 2536/3682/3326 2537/3606/3266 2528/3681/3325 2527/3680/3324
f 2407/3684/3327 2452/3683/3030 2408/3477/3160 2406/3478/3161
f 2372/3473/3156 2374/3474/3157 2373/3686/3329 2380/3685/3328
f 2359/3656/3304 2360/3612/3270 2334/3613/2492 2347/3687/3330
f 2343/3688/2219 2370/3545/2478 2344/3542/3217 2342/3567/3236
f 2522/3690/3332 2521/3541/2791 2488/3538/3214 2487/3689/3331
f 2523/3691/3333 2522/3690/3332 2487/3689/3331 2486/3645/3294
f 2451/3695/3335 2423/3694/3047 2422/3693/3334 2421/3692/3334
f 2347/3697/3330 2334/3617/2546 2333/3569/2494 2332/3696/3336
f 2453/3701/3339 2404/3700/3338 2440/3699/2594 2441/3698/3337
f 2431/3644/3293 2432/3581/3247 2411/3628/3282 2413/3643/3292
f 2559/3607/3267 2558/3585/3250 2561/3703/3341 2560/3702/3340
f 2500/3707/3345 2499/3706/3344 2510/3705/3343 2509/3704/3342
f 2393/3627/3281 2376/3708/3346 2384/3598/3262 2392/3514/3195
f 2412/3710/3348 2414/3709/3347 2413/3643/3292 2411/3628/3282
f 2376/3708/3346 2393/3627/3281 2388/3624/3279 2386/3711/3059
f 2524/3714/3351 2525/3713/3350 2508/3712/3349 2509/3704/3342
f 2527/3680/3324 2528/3681/3325 2539/3716/3353 2535/3715/3352
f 2457/3718/3355 2458/3663/3309 2466/3660/2985 2456/3717/3354
f 2502/3678/3322 2503/3679/3323 2472/3720/3357 2474/3719/3356
f 2437/3721/3358 2436/3666/3312 2441/3698/3337 2440/3699/2594
f 2438/3723/3360 2437/3721/3358 2440/3699/2594 2439/3722/3359
f 2439/3722/3359 2395/3668/3314 2397/3669/3315 2438/3723/3360
f 2424/3727/3364 2404/3726/3363 2403/3725/3362 2402/3724/3361
f 2401/3491/3174 2424/3727/3364 2402/3724/3361 2399/3490/3173
f 2459/3662/3308 2505/3675/3319 2460/3672/2664 2470/3661/3307
f 2504/3731/3368 2468/3730/3367 2469/3729/3366 2471/3728/3365
f 2407/3733/2760 2453/3701/3339 2441/3698/3337 2442/3732/2888
f 2532/3736/3371 2534/3735/3370 2536/3682/3326 2531/3734/3369
f 2502/3678/3322 2501/3737/3372 2508/3712/3349 2507/3676/3320
f 2432/3581/3247 2431/3644/3293 2446/3595/3259 2445/3580/3246
f 2481/3548/3221 2479/3738/3373 2510/3705/3343 2511/3547/3220
f 2392/3514/3195 2391/3515/3196 2394/3626/2431 2393/3627/3281
f 2425/3600/3253 2426/3601/3263 2421/3692/3334 2422/3693/3334
f 2414/3709/3347 2416/3507/3189 2415/3506/2586 2413/3643/3292
f 2528/3681/3325 2560/3702/3340 2529/3739/3374 2539/3716/3353
f 2577/3743/3375 2530/3742/3376 2578/3741/3152 2576/3740/3375
f 2496/3647/3296 2495/3593/3257 2514/3590/3254 2513/3744/3377
f 2423/3745/3378 2451/3634/3286 2450/3602/2473 2427/3603/3046
f 2353/3519/3200 2354/3536/3199 2339/3525/3206 2341/3561/2434
f 2499/3706/3344 2498/3554/3226 2511/3547/3220 2510/3705/3343
f 2396/3749/3380 2575/3748/2640 2400/3747/3380 2398/3746/3379
f 2456/3753/3354 2466/3752/3382 2465/3751/3381 2464/3750/3310
f 2560/3702/3340 2528/3681/3325 2537/3606/3266 2559/3607/3267
f 2576/3756/3385 2533/3755/3384 2532/3736/3371 2577/3754/3383
f 2526/3758/3387 2527/3680/3324 2535/3715/3352 2533/3757/3386
f 2438/3723/3360 2397/3669/3315 2399/3490/3173 2402/3724/3361
f 2503/3679/3323 2504/3731/3368 2471/3728/3365 2472/3720/3357
f 2522/3760/3332 2523/3759/3388 2514/3590/3254 2515/3591/3255
f 2375/3762/2560 2376/3708/3346 2386/3711/3059 2382/3761/3272
f 2465/3751/3381 2469/3729/3366 2468/3730/3367 2467/3763/3389
f 2436/3666/3312 2437/3721/3358 2403/3725/3362 2405/3665/3311
f 2479/3738/3373 2524/3714/3351 2509/3704/3342 2510/3705/3343
f 2328/3610/3268 2359/3656/3304 2347/3687/3330 2327/3609/3243
f 2386/3615/3271 2388/3641/3279 2387/3513/3194 2385/3599/2542
f 2428/3589/3253 2429/3574/3241 2417/3502/3185 2419/3503/3186
f 2435/3479/3162 2434/3480/3163 2443/3623/3278 2442/3732/2888
f 2525/3713/3350 2475/3677/3321 2507/3676/3320 2508/3712/3349
f 2398/3489/3172 2399/3490/3173 2397/3669/3315 2396/3670/3316
f 2463/3767/2695 2461/3766/3392 2455/3765/3391 2454/3764/3390
f 2575/3667/3313 2395/3668/3314 2401/3769/2669 2400/3768/3393
f 2578/3771/3395 2526/3758/3387 2533/3757/3386 2576/3770/3394
f 2530/3772/3396 2531/3734/3369 2526/3758/3387 2578/3771/3395
f 2467/3763/3389 2468/3730/3367 2459/3662/3308 2458/3663/3309
f 2414/3596/3260 2412/3773/3397 2445/3580/3246 2446/3595/3259
f 2571/3777/3044 2573/3776/3041 2572/3775/3044 2330/3774/3041
f 2558/3585/3250 2557/3586/3251 2562/3778/3398 2561/3703/3341
f 2497/3555/3227 2496/3647/3296 2513/3744/3377 2512/3546/3219
f 2520/3540/3216 2519/3780/3400 2490/3779/3399 2489/3539/3215
f 2520/3652/2637 2521/3782/3402 2516/3781/3401 2517/3651/3300
f 2498/3554/3226 2497/3555/3227 2512/3546/3219 2511/3547/3220
f 2430/3573/3240 2429/3574/3241 2448/3587/3252 2447/3594/3258
f 2571/3784/3404 2329/3783/3403 2328/3610/3268 2573/3611/3269
f 2493/3786/3406 2492/3785/3405 2517/3651/3300 2516/3781/3401
f 2433/3582/3248 2434/3480/3163 2408/3477/3160 2409/3629/2773
f 2426/3601/3263 2428/3589/3253 2419/3503/3186 2421/3692/3334
f 2521/3782/3402 2522/3760/3332 2515/3591/3255 2516/3781/3401
f 2492/3785/3405 2491/3787/3407 2518/3650/3299 2517/3651/3300
f 2377/3475/3158 2383/3558/3230 2375/3762/2560 2374/3474/3157
f 2392/3514/3195 2384/3598/3262 2385/3599/2542 2387/3513/3194
f 2378/3788/3408 2379/3560/3232 2377/3475/3158 2574/3476/3159
f 2493/3786/3406 2494/3592/3256 2487/3689/3331 2488/3538/3214
f 2418/3789/3409 2416/3597/3261 2447/3594/3258 2448/3587/3252
f 2461/3792/3412 2462/3791/3411 2457/3718/3355 2455/3790/3410
f 2501/3737/3372 2500/3707/3345 2509/3704/3342 2508/3712/3349
f 2533/3755/3384 2535/3793/3413 2534/3735/3370 2532/3736/3371
f 2452/3794/3414 2407/3733/2760 2442/3732/2888 2443/3623/3278
f 2439/3722/3359 2440/3699/2594 2404/3700/3338 2424/3795/3364
f 2437/3721/3358 2438/3723/3360 2402/3724/3361 2403/3725/3362
f 2470/3797/3416 2460/3796/3415 2471/3728/3365 2469/3729/3366
f 2395/3668/3314 2439/3722/3359 2424/3795/3364 2401/3769/2669
f 2505/3675/3319 2459/3662/3308 2468/3730/3367 2504/3731/3368
f 2436/3666/3312 2435/3479/3162 2442/3732/2888 2441/3698/3337
f 2475/3798/3417 2525/3639/3289 2476/3636/2714 2474/3719/3356
f 2428/3589/3253 2426/3601/3263 2450/3602/2473 2449/3588/3252
f 2358/3657/3305 2329/3783/3403 2331/3576/3242 2332/3696/3336
f 2555/3620/3275 2556/3659/3306 2544/3658/2728 2545/3619/3274
f 2348/3635/2446 2349/3532/3211 2345/3543/2434 2346/3799/3418
f 2357/3570/3238 2358/3657/3305 2332/3696/3336 2333/3569/2494
f 2351/3533/3211 2352/3518/3199 2342/3567/3236 2344/3542/3217
f 2371/3563/2532 2340/3572/2219 2363/3535/3213 2364/3516/3197
f 2412/3773/3397 2410/3800/3419 2444/3579/3245 2445/3580/3246
f 2494/3592/3256 2493/3786/3406 2516/3781/3401 2515/3591/3255
f 2485/3801/3420 2483/3549/3222 2512/3546/3219 2513/3744/3377
f 2492/3785/3405 2493/3786/3406 2488/3538/3214 2489/3539/3215
f 2549/3803/3422 2551/3802/3421 2550/3508/3190 2548/3509/3191
f 2410/3804/3423 2412/3710/3348 2411/3628/3282 2409/3629/2773
f 2494/3592/3256 2495/3593/3257 2486/3645/3294 2487/3689/3331
f 2327/3577/3243 2347/3697/3330 2332/3696/3336 2331/3576/3242
f 2371/3562/2219 2343/3688/2219 2342/3567/3236 2341/3561/2434
f 2383/3558/3230 2384/3598/3262 2376/3708/3346 2375/3762/2560
f 2557/3586/3251 2556/3659/3306 2563/3654/3302 2562/3778/3398
f 2373/3805/3424 2382/3616/3272 2381/3559/3231 2379/3560/3232
f 2535/3793/3413 2539/3806/2765 2538/3605/3265 2534/3735/3370
f 2501/3737/3372 2502/3678/3322 2474/3719/3356 2476/3636/2714
f 2504/3731/3368 2503/3679/3323 2506/3674/3318 2505/3675/3319
f 2314/3483/3166 2322/3481/3164 2321/3493/3425 2315/3494/2224
f 2404/3726/3363 2453/3807/3426 2405/3665/3311 2403/3725/3362
f 2462/3791/3411 2467/3763/3389 2458/3663/3309 2457/3718/3355
f 2481/3631/3284 2483/3808/3427 2482/3552/3224 2480/3553/3225
f 2410/3800/3419 2452/3794/3414 2443/3623/3278 2444/3579/3245
f 2460/3796/3415 2473/3809/3428 2472/3720/3357 2471/3728/3365
f 2577/3754/3383 2532/3736/3371 2531/3734/3369 2530/3772/3396
f 2531/3734/3369 2536/3682/3326 2527/3680/3324 2526/3758/3387
f 2453/3807/3426 2407/3684/3327 2406/3478/3161 2405/3665/3311
f 2464/3750/3310 2465/3751/3381 2467/3763/3389 2462/3791/3411
f 2473/3809/3428 2475/3798/3417 2474/3719/3356 2472/3720/3357
f 2547/3810/3429 2549/3803/3422 2548/3509/3191 2546/3618/3273
f 2452/3683/3030 2410/3804/3423 2409/3629/2773 2408/3477/3160
f 2523/3759/3388 2485/3801/3420 2513/3744/3377 2514/3590/3254
f 2369/3544/3218 2368/3811/3430 2346/3799/3418 2345/3543/2434
f 2555/3620/3275 2554/3529/3209 2565/3520/3201 2564/3521/3202
f 2542/3648/3297 2570/3812/3431 2543/3583/3249 2541/3584/3249
f 2483/3808/3427 2485/3813/3432 2484/3646/3295 2482/3552/3224
f 2570/3815/3433 2542/3814/2383 2561/3703/3341 2562/3778/3398
f 2463/3816/3434 2464/3750/3310 2462/3791/3411 2461/3792/3412
f 2534/3735/3370 2538/3605/3265 2537/3606/3266 2536/3682/3326
f 2499/3706/3344 2500/3707/3345 2477/3637/3287 2478/3630/3283
f 2378/3820/3435 2574/3819/3435 2372/3818/3435 2380/3817/3435
f 2420/3504/3187 2451/3695/3335 2421/3692/3334 2419/3503/3186
f 2420/3633/3285 2418/3789/3409 2448/3587/3252 2449/3588/3252
f 2569/3655/3303 2570/3815/3433 2562/3778/3398 2563/3654/3302
f 2551/3821/3436 2549/3568/3237 2566/3528/3208 2567/3642/3291
f 2498/3554/3226 2499/3706/3344 2478/3630/3283 2480/3553/3225
f 2568/3822/2921 2547/3810/3429 2546/3618/3273 2545/3619/3274
f 2374/3474/3157 2375/3762/2560 2382/3761/3272 2373/3686/3329
f 2500/3707/3345 2501/3737/3372 2476/3636/2714 2477/3637/3287
f 2556/3659/3306 2555/3620/3275 2564/3521/3202 2563/3654/3302
f 2380/3823/3437 2373/3805/3424 2379/3560/3232 2378/3788/3408
f 2466/3752/3382 2470/3797/3416 2469/3729/3366 2465/3751/3381
f 2570/3812/3431 2569/3824/2922 2544/3658/2728 2543/3583/3249
f 2454/3825/2987 2456/3753/3354 2464/3750/3310 2463/3816/3434
f 2485/3813/3432 2523/3691/3333 2486/3645/3294 2484/3646/3295
f 2354/3536/3199 2353/3519/3200 2364/3516/3197 2363/3535/3213
f 2558/3585/3250 2559/3607/3267 2540/3604/3264 2541/3584/3249
f 2330/3575/2908 2331/3576/3242 2329/3783/3403 2571/3784/3404
f 2352/3518/3199 2351/3533/3211 2366/3530/3197 2365/3517/3198
f 2431/3644/3293 2430/3573/3240 2447/3594/3258 2446/3595/3259
f 2455/3790/3410 2457/3718/3355 2456/3717/3354 2454/3826/3438
f 2560/3702/3340 2561/3703/3341 2542/3814/2383 2529/3739/3374
f 2359/3656/3304 2328/3610/3268 2329/3783/3403 2358/3657/3305
f 2569/3824/2922 2568/3822/2921 2545/3619/3274 2544/3658/2728
f 2553/3510/2571 2554/3529/3209 2546/3618/3273 2548/3509/3191
f 2539/3806/2765 2529/3649/3298 2540/3604/3264 2538/3605/3265
f 2491/3787/3407 2492/3785/3405 2489/3539/3215 2490/3779/3399
f 2322/3828/36 2319/3664/12 2316/3486/36 2321/3827/36

v 1.69802820682526 1.94929337501526 -1.29999971389771
v 1.79999589920044 2.5 -1.29999971389771
v 1.54460823535919 2.05763411521912 -1.29999971389771
v 1.79999589920044 0.79576963186264 -1.29999995231628
v 1.73129653930664 0.75304371118546 -1.29999995231628
v 1.79999589920044 -0.0000007363314 -1.30000007152557
v 1.40000462532043 -0.0000007363314 -1.30000007152557
v 1.5086122751236 0.6981104016304 -1.29999995231628
v 1.70940685272217 0.75968152284622 -1.29999995231628
v 1.72325146198273 1.47579860687256 -1.2759747505188
v 1.64399993419647 1.35845482349396 -1.26481008529663
v 1.6858229637146 1.24072968959808 -1.25334537029266
v 1.76486790180206 1.03060960769653 -1.23288106918335
v 1.67962384223938 1.13521182537079 -1.24317193031311
v 1.7264199256897 1.44962894916534 -1.16765356063843
v 1.73142051696777 1.39927339553833 -1.1206077337265
v 1.72447752952576 1.46542227268219 -1.23804605007172
v 1.7418624162674 1.2873467206955 -1.11312115192413
v 1.79999589920044 0.85009258985519 -0.98313570022583
v 1.79999589920044 1.90618598461151 -1.00506067276001
v 1.79999589920044 1.80417788028717 -0.99311339855194
v 1.40000462532043 2.5 -0.90000003576279
v 1.40000462532043 1.97096157073975 -1.17318367958069
v 1.40000462532043 1.8303474187851 -0.90000009536743
v 1.40000462532043 1.90252375602722 -1.11815559864044
v 1.40000462532043 1.82187855243683 -0.97276645898819
v 1.40000462532043 0.86077409982681 -1.08616161346436
v 1.40000462532043 0.71321702003479 -1.21558630466461
v 1.40000462532043 -0.00000078959454 -0.90000039339066
v 1.70931053161621 0.83330744504929 -0.90000027418137
v 1.65376687049866 0.78905558586121 -0.90000027418137
v 1.79999589920044 -0.00000078959454 -0.90000039339066
v 1.50655972957611 1.81020522117615 -0.90000009536743
v 1.79999589920044 2.5 -0.90000003576279
v 1.58386898040771 1.77808451652527 -0.90000015497208
v 1.79999589920044 1.75565338134766 -0.90000015497208
v 1.78824520111084 1.74550592899323 -0.90000015497208
v 1.40000462532043 2.5 -1.29999971389771
v 1.79999589920044 1.90595710277557 -1.29999971389771
v 1.79999589920044 1.92434453964233 -1.28605687618256
v 1.70964109897614 2.01513719558716 -1.24619781970978
v 1.79999589920044 2.02040147781372 -1.20436918735504
v 1.79999589920044 2.02780222892761 -1.07643139362335
v 1.7368893623352 2.02871775627136 -1.02475547790527
v 1.63209772109985 2.04840230941772 -1.29999971389771
v 1.57014834880829 1.96638381481171 -1.10958647727966
v 1.47116994857788 2.04588460922241 -1.29999971389771
v 1.40000462532043 1.99743640422821 -1.2260856628418
v 1.40000462532043 1.95959341526032 -1.29999971389771
v 1.46068668365479 1.78998672962189 -1.00631284713745
v 1.40000462532043 1.81600379943848 -1.01866447925568
v 1.47043979167938 1.79776895046234 -0.90000009536743
v 1.59588134288788 1.83820593357086 -0.96462768316269
v 1.65730714797974 1.67928075790405 -0.99051785469055
v 1.64204370975494 1.61358964443207 -0.90000015497208
v 1.60395395755768 1.71315634250641 -0.90000015497208
v 1.40000462532043 0.703069627285 -1.29999995231628
v 1.49972701072693 0.69147258996964 -1.29999995231628
v 1.41001963615417 0.8790088891983 -1.07670545578003
v 1.40000462532043 0.78241777420044 -1.06647980213165
v 1.43122041225433 0.85299187898636 -0.98905718326569
v 1.40000462532043 0.69955998659134 -1.02716851234436
v 1.44436240196228 0.62997776269913 -0.90000027418137
v 1.40000462532043 0.58839631080627 -0.99895679950714
v 1.43496739864349 0.53872740268707 -0.90000027418137
v 1.40000462532043 0.54673850536346 -0.90000027418137
v 1.52037680149078 0.75960522890091 -0.90000027418137
v 1.68688368797302 0.84078449010849 -0.93498128652573
v 1.79999589920044 0.85886669158936 -0.90000027418137
v 1.79999589920044 0.82422816753387 -1.18586146831512
v 1.70670688152313 0.7843251824379 -1.11284732818604
v 1.79999589920044 0.81133407354355 -1.09620463848114
v 1.72699844837189 1.44680595397949 -1.12219905853271
v 1.65876746177673 1.41369342803955 -1.13007688522339
v 1.63866865634918 1.42605340480804 -1.21644699573517
v 1.70279455184937 1.24179780483246 -1.20239984989166
v 1.7477308511734 1.22089266777039 -1.15648877620697
v 1.75319981575012 1.15863490104675 -1.20230853557587
v 1.65674245357513 1.42155194282532 -1.27087509632111
v 1.6878479719162 1.4617600440979 -1.27469658851624
v 1.61932754516602 0.96041703224182 -1.02385556697845
v 1.63173949718475 0.97491335868835 -1.04015922546387
v 1.62675273418427 0.97918593883514 -1.0276380777359
v 1.63944017887115 0.97689706087112 -1.02180790901184
v 1.63574826717377 0.95072740316391 -1.02989447116852
v 1.64442694187164 0.97262448072433 -1.03432905673981
v 1.62409400939941 0.95561039447784 -1.0362594127655
v 1.64793968200684 0.99246150255203 -1.03935062885284
v 1.63474261760712 0.99192744493484 -1.04442429542542
v 1.64758157730103 1.00901782512665 -1.04537642002106
v 1.64478504657745 1.02099633216858 -1.05269348621368
v 1.63233184814453 1.01458740234375 -1.05466294288635
v 1.64098298549652 1.02763414382935 -1.06144523620605
v 1.63687789440155 1.02870225906372 -1.07172310352325
v 1.63244211673737 1.02412450313568 -1.08270514011383
v 1.62735879421234 1.01962304115295 -1.06654500961304
v 1.62782716751099 1.01329040527344 -1.09296989440918
v 1.62088429927826 1.0081022977829 -1.08181822299957
v 1.6231986284256 0.99620002508163 -1.10096526145935
v 1.61699950695038 0.99360597133636 -1.08852231502533
v 1.61876285076141 0.97270077466965 -1.10538673400879
v 1.61294949054718 0.97216671705246 -1.09250044822693
v 1.6147540807724 0.94187706708908 -1.10656070709229
v 1.60907852649689 0.94241112470627 -1.09360909461975
v 1.61148917675018 0.90227925777435 -1.10579109191895
v 1.60582745075226 0.90296596288681 -1.09285259246826
v 1.60929894447327 0.85215258598328 -1.10439550876617
v 1.60362327098846 0.8526104092598 -1.09144389629364
v 1.60848617553711 0.79004740715027 -1.10363900661469
v 1.60281050205231 0.79004740715027 -1.09068751335144
v 1.59553694725037 0.79004740715027 -1.10931277275085
v 1.59634971618652 0.85245782136917 -1.11006915569305
v 1.59856760501862 0.90296596288681 -1.11149084568024
v 1.6018875837326 0.94332671165466 -1.11224734783173
v 1.60606157779694 0.97537112236023 -1.11100828647614
v 1.61085557937622 1.00070154666901 -1.1061954498291
v 1.61611783504486 1.02008080482483 -1.09707844257355
v 1.62177968025208 1.03320372104645 -1.08450508117676
v 1.62781345844269 1.03938376903534 -1.06964921951294
v 1.63390231132507 1.03770518302917 -1.05450642108917
v 1.63923346996307 1.0285496711731 -1.04206347465515
v 1.64256715774536 1.01420593261719 -1.03322041034698
v 1.64293909072876 0.99673408269882 -1.02681636810303
v 1.62975585460663 0.99620002508163 -1.0318900346756
v 1.63443958759308 1.0055844783783 -1.04930233955383
v 1.62942516803741 1.01077258586884 -1.03714632987976
v 1.62678027153015 1.02214074134827 -1.04404604434967
v 1.62277150154114 1.02908372879028 -1.0533195734024
v 1.61829447746277 1.03030443191528 -1.06448423862457
v 1.61373472213745 1.02549779415131 -1.07576632499695
v 1.60917496681213 1.014892578125 -1.08592677116394
v 1.6046427488327 0.99810743331909 -1.09375250339508
v 1.6002482175827 0.97483706474304 -1.09812188148499
v 1.59621202945709 0.94378447532654 -1.09930884838104
v 1.5929057598114 0.90365260839462 -1.0985392332077
v 1.59067416191101 0.85283929109573 -1.09713065624237
v 1.58986139297485 0.79004740715027 -1.09636116027832
v 1.62985229492188 1.01901257038116 -1.06025838851929
v 1.41543340682983 1.27391850948334 -1.28415274620056
v 1.42678463459015 1.2532422542572 -1.28668308258057
v 1.42408466339111 1.26110076904297 -1.2752183675766
v 1.40289759635925 1.2675096988678 -1.28260064125061
v 1.41240286827087 1.25347113609314 -1.27279233932495
v 1.41510283946991 1.24568891525269 -1.28427016735077
v 1.41712784767151 1.2675096988678 -1.29666090011597
v 1.42598569393158 1.23515999317169 -1.27254450321198
v 1.43637251853943 1.2439341545105 -1.27637910842896
v 1.43703377246857 1.23004817962646 -1.26019299030304
v 1.44583642482758 1.2395852804184 -1.26577532291412
v 1.44483077526093 1.23012447357178 -1.2511932849884
v 1.45218706130981 1.21997702121735 -1.24452841281891
v 1.46481931209564 1.22615706920624 -1.24630224704742
v 1.4630560874939 1.19090819358826 -1.23710703849792
v 1.47654247283936 1.19502818584442 -1.23824179172516
v 1.47606027126312 1.14268887042999 -1.23054647445679
v 1.48984980583191 1.14566445350647 -1.23152458667755
v 1.48849976062775 1.07554817199707 -1.22539448738098
v 1.50252342224121 1.07722663879395 -1.22626841068268
v 1.49333500862122 0.98689186573029 -1.22191202640533
v 1.48998761177063 0.8761859536171 -1.2201122045517
v 1.47841596603394 0.74358296394348 -1.2200208902359
v 1.49245345592499 0.74205702543259 -1.22080338001251
v 1.47918736934662 0.74343037605286 -1.20590841770172
v 1.49077272415161 0.87626224756241 -1.20599973201752
v 1.49413406848907 0.98734962940216 -1.20779967308044
v 1.48925745487213 1.07646369934082 -1.21130812168121
v 1.47670781612396 1.14429116249084 -1.21651232242584
v 1.46337294578552 1.19373118877411 -1.22324240207672
v 1.45137429237366 1.22547042369843 -1.23151159286499
v 1.44051897525787 1.23943257331848 -1.2415155172348
v 1.43093109130859 1.2401956319809 -1.25245845317841
v 1.4217289686203 1.24439191818237 -1.26276242733002
v 1.43211579322815 1.2532422542572 -1.266597032547
v 1.4397337436676 1.24973261356354 -1.25805389881134
v 1.45053398609161 1.24851191043854 -1.24578046798706
v 1.46400654315948 1.23157405853271 -1.23328542709351
v 1.47685933113098 1.19785118103027 -1.22439014911652
v 1.49048352241516 1.14734303951263 -1.21749043464661
v 1.5032811164856 1.07814228534698 -1.21216893196106
v 1.50825417041779 0.98742592334747 -1.20859527587891
v 1.50487911701202 0.87542295455933 -1.20678234100342
v 1.49322485923767 0.74190443754196 -1.20669102668762
v 1.50408005714416 0.87534666061401 -1.22089469432831
v 1.50745511054993 0.98704445362091 -1.22272074222565
v 1.45485949516296 1.23912739753723 -1.25545835494995
v 1.83469688892364 1.59779632091522 -1.25415396690369
v 1.79623508453369 1.60847783088684 -1.23200714588165
v 1.76384842395782 1.60840153694153 -1.22568130493164
v 1.77156281471252 1.61786222457886 -1.21858608722687
v 1.7484610080719 1.61526823043823 -1.21764695644379
v 1.75601005554199 1.62488150596619 -1.21047329902649
v 1.83133566379547 1.60756230354309 -1.26377964019775
v 1.79372799396515 1.61809122562408 -1.24212849140167
v 1.78644061088562 1.60840153694153 -1.2494455575943
v 1.82790541648865 1.58795416355133 -1.26175796985626
v 1.78896152973175 1.59886455535889 -1.23932421207428
v 1.76208519935608 1.61763334274292 -1.23620700836182
v 1.76979959011078 1.62717044353485 -1.22911167144775
v 1.75397133827209 1.63426601886749 -1.22084248065948
v 1.74642217159271 1.62465262413025 -1.22801601886749
v 1.7345062494278 1.62846744060516 -1.22129893302917
v 1.72365093231201 1.62755191326141 -1.2142688035965
v 1.71424221992493 1.6206089258194 -1.20783865451813
v 1.72562086582184 1.61351335048676 -1.2033519744873
v 1.70650029182434 1.60611259937286 -1.20288240909576
v 1.71954584121704 1.60191631317139 -1.19945204257965
v 1.70057666301727 1.58246076107025 -1.20019555091858
v 1.71414577960968 1.58009564876556 -1.19702613353729
v 1.69637513160706 1.54995858669281 -1.19975209236145
v 1.71008193492889 1.54858529567719 -1.19660878181458
v 1.69341325759888 1.51089489459991 -1.2007303237915
v 1.70716142654419 1.50990307331085 -1.19758701324463
v 1.69118165969849 1.4674060344696 -1.20226943492889
v 1.7049435377121 1.4667192697525 -1.19911301136017
v 1.68928062915802 1.42170453071594 -1.20358669757843
v 1.70305633544922 1.42117047309875 -1.20043039321899
v 1.68812346458435 1.37432444095612 -1.20451271533966
v 1.6883989572525 1.32534229755402 -1.20509970188141
v 1.69083726406097 1.27491044998169 -1.20541274547577
v 1.70458543300629 1.27582597732544 -1.20223033428192
v 1.69547963142395 1.22379183769226 -1.205491065979
v 1.70918655395508 1.22516524791718 -1.20230853557587
v 1.70070064067841 1.17450451850891 -1.20536053180695
v 1.71440744400024 1.17587780952454 -1.2021781206131
v 1.70459914207458 1.129718542099 -1.20504760742188
v 1.71836113929749 1.13048148155212 -1.20185208320618
v 1.70538437366486 1.09202814102173 -1.20457804203033
v 1.71916007995605 1.09172296524048 -1.20138251781464
v 1.7030975818634 1.06120443344116 -1.20434319972992
v 1.71681821346283 1.05983114242554 -1.20114779472351
v 1.69994294643402 1.0335088968277 -1.20516490936279
v 1.71364986896515 1.03213560581207 -1.20196950435638
v 1.69827616214752 1.00535559654236 -1.20789098739624
v 1.71202433109283 1.0049741268158 -1.20460414886475
v 1.70019102096558 0.97247189283371 -1.21316027641296
v 1.71391153335571 0.97308224439621 -1.20973002910614
v 1.70483338832855 0.92593115568161 -1.21889913082123
v 1.70955848693848 0.85405999422073 -1.22154688835144
v 1.71176254749298 0.74495631456375 -1.21756875514984
v 1.70830488204956 0.74579554796219 -1.20388674736023
v 1.70612823963165 0.85390740633011 -1.20782577991486
v 1.70147204399109 0.92455780506134 -1.20523023605347
v 1.69689857959747 0.97033560276032 -1.19958257675171
v 1.69495618343353 1.00360071659088 -1.1942480802536
v 1.69669198989868 1.03297483921051 -1.1914176940918
v 1.69990170001984 1.06135702133179 -1.1905699968338
v 1.70220220088959 1.09225702285767 -1.19080471992493
v 1.70141696929932 1.129718542099 -1.19126117229462
v 1.69753229618073 1.17427563667297 -1.19157421588898
v 1.69231128692627 1.22348666191101 -1.19170463085175
v 1.687668800354 1.27460527420044 -1.1916264295578
v 1.68523049354553 1.32511341571808 -1.191326379776
v 1.68494129180908 1.37409555912018 -1.19073951244354
v 1.68611216545105 1.42147564888 -1.18981337547302
v 1.68799948692322 1.46717703342438 -1.18849611282349
v 1.69023108482361 1.51066601276398 -1.1869570016861
v 1.69323420524597 1.55026376247406 -1.18596577644348
v 1.69761490821838 1.58391046524048 -1.18643522262573
v 1.70422720909119 1.61000370979309 -1.18946123123169
v 1.7139253616333 1.62778079509735 -1.19565665721893
v 1.72662651538849 1.63708889484406 -1.20427799224854
v 1.74055373668671 1.63838601112366 -1.21326446533203
v 1.74486553668976 1.62839114665985 -1.2041996717453
v 1.73172354698181 1.61809122562408 -1.20757782459259
v 1.73469913005829 1.62762820720673 -1.19760000705719
v 1.72529029846191 1.62068521976471 -1.19115686416626
v 1.71725904941559 1.6057311296463 -1.18603098392487
v 1.71118402481079 1.5815452337265 -1.18326580524445
v 1.7069548368454 1.54881417751312 -1.18282234668732
v 1.70399308204651 1.50967407226562 -1.18380057811737
v 1.70176136493683 1.46641409397125 -1.18533968925476
v 1.69987416267395 1.42094147205353 -1.18664395809174
v 1.69873070716858 1.37394297122955 -1.18757009506226
v 1.69900619983673 1.32549488544464 -1.18814396858215
v 1.70141696929932 1.2755970954895 -1.18845701217651
v 1.70603179931641 1.22486007213593 -1.1885222196579
v 1.71123909950256 1.1756489276886 -1.18839180469513
v 1.71517896652222 1.13048148155212 -1.18807876110077
v 1.7159640789032 1.09195184707642 -1.18760919570923
v 1.71362221240997 1.05998373031616 -1.1873744726181
v 1.71039879322052 1.03160154819489 -1.18822228908539
v 1.70871806144714 1.00321924686432 -1.19096124172211
v 1.71060538291931 0.97094595432282 -1.19615232944489
v 1.71516513824463 0.92547333240509 -1.20177376270294
v 1.71983516216278 0.85451781749725 -1.20438241958618
v 1.7220116853714 0.74602442979813 -1.20043039321899
v 1.72546935081482 0.74518519639969 -1.21411240100861
v 1.72326529026032 0.85467040538788 -1.21810352802277
v 1.7185263633728 0.92684668302536 -1.21544277667999
v 1.7021746635437 1.32564747333527 -1.20193028450012
v 1.70189917087555 1.37417185306549 -1.20134329795837
v 1.70037007331848 1.83393335342407 -0.98473984003067
v 1.70191287994385 1.83446753025055 -0.99878704547882
v 1.69853782653809 1.71849715709686 -0.98599195480347
v 1.70006692409515 1.71819186210632 -1.00003921985626
v 1.70010828971863 1.63556301593781 -0.98189651966095
v 1.7159640789032 1.83393335342407 -0.99727410078049
v 1.71413195133209 1.71826815605164 -0.99852621555328
v 1.71442127227783 1.83339929580688 -0.98322689533234
v 1.71260285377502 1.71857345104218 -0.98446595668793
v 1.71415948867798 1.63609707355499 -0.98039656877518
v 1.71676313877106 1.57643342018127 -0.97503596544266
v 1.71884322166443 1.53149485588074 -0.97111004590988
v 1.71960091590881 1.49502527713776 -0.97007966041565
v 1.71891212463379 1.46267557144165 -0.97211438417435
v 1.71743810176849 1.4313178062439 -0.97613155841827
v 1.71586775779724 1.39858675003052 -0.98082703351974
v 1.71468305587769 1.36295628547668 -0.98509204387665
v 1.70063173770905 1.36341416835785 -0.98659199476242
v 1.71421456336975 1.32366371154785 -0.98803979158401
v 1.71457278728485 1.28086149692535 -0.98891365528107
v 1.7005215883255 1.28063261508942 -0.99043965339661
v 1.71571612358093 1.23577046394348 -0.98713982105255
v 1.70166492462158 1.235236287117 -0.98865276575088
v 1.71739685535431 1.18846666812897 -0.98264002799988
v 1.71906363964081 1.13429629802704 -0.97658812999725
v 1.71991777420044 1.06372225284576 -0.97167098522186
v 1.7058527469635 1.06364595890045 -0.97322309017181
v 1.71881568431854 0.9618666768074 -0.97204923629761
v 1.70476448535919 0.96217185258865 -0.97360134124756
v 1.71439373493195 0.80835855007172 -0.98324006795883
v 1.71597790718079 0.80965554714203 -0.99723505973816
v 1.72038614749908 0.96232444047928 -0.98609644174576
v 1.72146058082581 1.06326448917389 -0.98573118448257
v 1.72063410282135 1.13307559490204 -0.99059617519379
v 1.71895349025726 1.18709337711334 -0.99662202596664
v 1.71727287769318 1.23493111133575 -1.00116097927094
v 1.71611571311951 1.28078520298004 -1.00297391414642
v 1.71574378013611 1.32427406311035 -1.00208699703217
v 1.71622586250305 1.36425340175629 -0.99908709526062
v 1.71741056442261 1.40034151077271 -0.99476987123489
v 1.71899473667145 1.43307268619537 -0.99007445573807
v 1.72044122219086 1.46397268772125 -0.98610937595367
v 1.72110247612 1.49533045291901 -0.9841268658638
v 1.7203723192215 1.53073191642761 -0.98514419794083
v 1.71830606460571 1.57521259784698 -0.98904401063919
v 1.71568858623505 1.63518154621124 -0.99441772699356
v 1.7016373872757 1.63457119464874 -0.99591761827469
v 1.70271193981171 1.57567048072815 -0.97652286291122
v 1.70425474643707 1.57444965839386 -0.99053090810776
v 1.70632112026215 1.53019785881042 -0.9866441488266
v 1.70703744888306 1.49533045291901 -0.98563987016678
v 1.70639002323151 1.46458303928375 -0.98758322000504
v 1.7049435377121 1.43398821353912 -0.99152219295502
v 1.70337319374084 1.40110445022583 -0.99623072147369
v 1.7021746635437 1.36478745937347 -1.00058698654175
v 1.70167875289917 1.32442665100098 -1.00361299514771
v 1.70205068588257 1.2805563211441 -1.00449991226196
v 1.70322155952454 1.23439705371857 -1.00268697738647
v 1.70491600036621 1.18640673160553 -0.99813497066498
v 1.70656907558441 1.13261783123016 -0.99212223291397
v 1.70740938186646 1.06318819522858 -0.98728328943253
v 1.70632112026215 0.96270596981049 -0.98764854669571
v 1.70194041728973 0.81034225225449 -0.99876111745834
v 1.70035624504089 0.80896890163422 -0.98477911949158
v 1.70501244068146 1.13391482830048 -0.97811412811279
v 1.70334553718567 1.18785631656647 -0.98415297269821
v 1.7001496553421 1.32374000549316 -0.98956578969955
v 1.7018164396286 1.39934968948364 -0.9822878241539
v 1.70340073108673 1.43215703964233 -0.97757935523987
v 1.70486092567444 1.46328592300415 -0.97358822822571
v 1.70553588867188 1.49510157108307 -0.97157961130142
v 1.70479202270508 1.53096079826355 -0.97260999679565
v 1.45166349411011 1.30916750431061 -0.95033276081085
v 1.46576988697052 1.29078006744385 -0.95075011253357
v 1.46334528923035 1.29833340644836 -0.96246266365051
v 1.47323632240295 1.27506303787231 -0.95974969863892
v 1.47196888923645 1.28032743930817 -0.97279262542725
v 1.4777547121048 1.25469183921814 -0.98114007711411
v 1.47541284561157 1.30542898178101 -0.96038883924484
v 1.47783732414246 1.29787564277649 -0.9486893415451
v 1.45596158504486 1.29985928535461 -0.94056361913681
v 1.48666763305664 1.27941191196442 -0.95928019285202
v 1.48540019989014 1.28475260734558 -0.97232306003571
v 1.4917094707489 1.25705707073212 -0.98137485980988
v 1.49249470233917 1.25362372398376 -0.96766674518585
v 1.47855377197266 1.25133490562439 -0.96741896867752
v 1.49581468105316 1.22028231620789 -0.97392737865448
v 1.48170840740204 1.21929037570953 -0.97341871261597
v 1.49715089797974 1.1793874502182 -0.97824454307556
v 1.48301708698273 1.17908227443695 -0.97765761613846
v 1.49715089797974 1.13101553916931 -0.98095750808716
v 1.49654483795166 1.07577705383301 -0.98254871368408
v 1.49615907669067 1.01412963867188 -0.9836573600769
v 1.49693048000336 0.94706523418427 -0.98507910966873
v 1.49991989135742 0.8755756020546 -0.98780506849289
v 1.50624287128448 0.8008052110672 -0.99294394254684
v 1.50558161735535 0.80194962024689 -1.00701725482941
v 1.49929988384247 0.87626224756241 -1.00191748142242
v 1.49632441997528 0.94744670391083 -0.99920451641083
v 1.49555289745331 1.01443481445312 -0.99778282642364
v 1.49593865871429 1.07608222961426 -0.99667418003082
v 1.49654483795166 1.1316260099411 -0.99506992101669
v 1.49654483795166 1.18053185939789 -0.99233090877533
v 1.49516725540161 1.22234225273132 -0.98790937662125
v 1.48107469081879 1.22135043144226 -0.98741370439529
v 1.48242473602295 1.18022668361664 -0.99174398183823
v 1.48242473602295 1.13170230388641 -0.99446994066238
v 1.48180484771729 1.07623481750488 -0.99606120586395
v 1.4814190864563 1.01435852050781 -0.99718290567398
v 1.48220431804657 0.94706523418427 -0.99861758947372
v 1.48519361019135 0.87534666061401 -1.00134360790253
v 1.49154424667358 0.80034744739532 -1.00649559497833
v 1.49220538139343 0.79920297861099 -0.99242222309113
v 1.48581349849701 0.87458372116089 -0.98723119497299
v 1.48281037807465 0.94668370485306 -0.98449212312698
v 1.48202514648438 1.01412963867188 -0.98305743932724
v 1.48241090774536 1.07585334777832 -0.98193573951721
v 1.48301708698273 1.13109183311462 -0.98035752773285
v 1.60748052597046 1.64822816848755 -1.05335855484009
v 1.59421443939209 1.64571046829224 -1.0575453042984
v 1.60880291461945 1.63693630695343 -1.0506716966629
v 1.5929057598114 1.65677344799042 -1.0601669549942
v 1.5907016992569 1.66791260242462 -1.06347990036011
v 1.60322380065918 1.67363488674164 -1.06032347679138
v 1.58200919628143 1.68385863304138 -1.07236206531525
v 1.59371852874756 1.69141185283661 -1.07007956504822
v 1.57309639453888 1.70026230812073 -1.08146595954895
v 1.56448650360107 1.71384298801422 -1.08993089199066
v 1.55578029155731 1.72147262096405 -1.09757399559021
v 1.54598581790924 1.73032307624817 -1.10623443126678
v 1.54210102558136 1.7453533411026 -1.11137342453003
v 1.5468122959137 1.7652667760849 -1.11082553863525
v 1.55148231983185 1.78434085845947 -1.11016035079956
v 1.56396305561066 1.77961039543152 -1.10546493530273
v 1.55894875526428 1.80143117904663 -1.10712134838104
v 1.56820595264435 1.81638526916504 -1.10241293907166
v 1.57696735858917 1.8303474187851 -1.09795224666595
v 1.58878684043884 1.82401490211487 -1.09350454807281
v 1.58202302455902 1.84598827362061 -1.0964914560318
v 1.58586645126343 1.86300230026245 -1.09615230560303
v 1.59881556034088 1.85995042324066 -1.09135246276855
v 1.58961343765259 1.87932968139648 -1.09581315517426
v 1.60281050205231 1.87772750854492 -1.09100031852722
v 1.59010934829712 1.91648602485657 -1.09576094150543
v 1.60340285301208 1.91640973091125 -1.09093511104584
v 1.59010934829712 1.95806753635406 -1.09576094150543
v 1.59010934829712 1.99972522258759 -1.09576094150543
v 1.59494459629059 1.99972522258759 -1.1090646982193
v 1.59494459629059 1.95806753635406 -1.1090646982193
v 1.59494459629059 1.91648602485657 -1.1090646982193
v 1.59442114830017 1.87887191772461 -1.10910391807556
v 1.59060525894165 1.86216306686401 -1.10945606231689
v 1.58681690692902 1.84545409679413 -1.10978209972382
v 1.58205056190491 1.83065271377563 -1.11115157604218
v 1.57359230518341 1.81714820861816 -1.11546885967255
v 1.56415593624115 1.80188894271851 -1.12025558948517
v 1.5563588142395 1.78403556346893 -1.12342500686646
v 1.55156493186951 1.7645800113678 -1.12411630153656
v 1.54671585559845 1.74336969852448 -1.12459886074066
v 1.55117917060852 1.72605037689209 -1.11867737770081
v 1.5616762638092 1.71636080741882 -1.10937786102295
v 1.57003819942474 1.70911264419556 -1.10203468799591
v 1.57830357551575 1.69606602191925 -1.09390890598297
v 1.58713376522064 1.67966222763062 -1.08487021923065
v 1.59557831287384 1.66432666778564 -1.07626187801361
v 1.59757578372955 1.65395045280457 -1.07322287559509
v 1.59885692596436 1.64311635494232 -1.07065343856812
v 1.60019314289093 1.6318244934082 -1.06797969341278
v 1.61210918426514 1.64571046829224 -1.0664666891098
v 1.60823822021484 1.99972522258759 -1.1042388677597
v 1.60608911514282 1.65990149974823 -1.05613672733307
v 1.61074531078339 1.65715491771698 -1.06919264793396
v 1.60810041427612 1.67012524604797 -1.07310545444489
v 1.59884309768677 1.68729186058044 -1.08258771896362
v 1.58979249000549 1.70400083065033 -1.09184813499451
v 1.58039748668671 1.71864974498749 -1.10105645656586
v 1.57098865509033 1.72696602344513 -1.10933864116669
v 1.56266808509827 1.73406159877777 -1.11661660671234
v 1.56007826328278 1.74405634403229 -1.1200338602066
v 1.56445896625519 1.76122307777405 -1.11932957172394
v 1.5688533782959 1.77938151359558 -1.11874258518219
v 1.57563102245331 1.79486966133118 -1.11597752571106
v 1.58450257778168 1.80913710594177 -1.11145162582397
v 1.59388387203217 1.82424378395081 -1.10670399665833
v 1.59958696365356 1.84163928031921 -1.10502147674561
v 1.6035543680191 1.85911118984222 -1.10465621948242
v 1.60761821269989 1.87726974487305 -1.10429108142853
v 1.60823822021484 1.91640973091125 -1.1042388677597
v 1.60823822021484 1.95806753635406 -1.1042388677597
v 1.60340285301208 1.99972522258759 -1.09093511104584
v 1.60340285301208 1.95806753635406 -1.09093511104584
v 1.59477925300598 1.84217345714569 -1.0917307138443
v 1.5791163444519 1.80829787254334 -1.09839570522308
v 1.57042384147644 1.7944118976593 -1.10283029079437
v 1.55969262123108 1.76198601722717 -1.10603880882263
v 1.55547726154327 1.7460401058197 -1.10680830478668
v 1.55747473239899 1.73833417892456 -1.10417366027832
v 1.56510639190674 1.73207783699036 -1.09753489494324
v 1.57484591007233 1.72345638275146 -1.08896565437317
v 1.58459901809692 1.70827341079712 -1.07940518856049
v 1.71538555622101 1.88100826740265 -1.21944677829742
v 1.7253041267395 1.87971115112305 -1.22945070266724
v 1.71951830387115 1.91244232654572 -1.21945989131927
v 1.71867799758911 1.95051419734955 -1.21742510795593
v 1.71280956268311 1.99636816978455 -1.21329057216644
v 1.70688593387604 2.04275631904602 -1.20911681652069
v 1.71680450439453 2.04489278793335 -1.21895122528076
v 1.72272801399231 1.99850451946259 -1.22313797473907
v 1.72866535186768 1.95196378231049 -1.22732472419739
v 1.72953319549561 1.91221344470978 -1.22943770885468
v 1.73949301242828 1.91137409210205 -1.21943378448486
v 1.73862516880035 1.95196378231049 -1.2172816991806
v 1.73264646530151 1.99888598918915 -1.21305572986603
v 1.72672295570374 2.04527425765991 -1.20888209342957
v 1.71680450439453 2.04306149482727 -1.19903469085693
v 1.72272801399231 1.9967497587204 -1.20322144031525
v 1.7286239862442 1.95051419734955 -1.20738208293915
v 1.72947812080383 1.91167938709259 -1.20945596694946
v 1.73520874977112 1.87841415405273 -1.21944677829742
v 1.7253041267395 1.87971115112305 -1.2094429731369
v 1.72108864784241 1.84751415252686 -1.2094429731369
v 1.72108864784241 1.84751415252686 -1.22945070266724
v 1.48341655731201 1.96394228935242 -1.19972598552704
v 1.495001912117 1.96333193778992 -1.20782554149628
v 1.48409152030945 2.02627635002136 -1.20352137088776
v 1.49566316604614 2.02558970451355 -1.21162104606628
v 1.47873282432556 1.81478297710419 -1.21422970294952
v 1.4904146194458 1.81691932678223 -1.2219250202179
v 1.48115730285645 1.85048973560333 -1.20080852508545
v 1.4927978515625 1.85178673267364 -1.20873856544495
v 1.48274159431458 1.90092158317566 -1.19591748714447
v 1.49432694911957 1.90084528923035 -1.20403015613556
v 1.48249351978302 1.82149708271027 -1.23268532752991
v 1.48478031158447 1.85483860969543 -1.2199946641922
v 1.48622679710388 1.90122675895691 -1.21561217308044
v 1.48687422275543 1.96272158622742 -1.21939468383789
v 1.48754930496216 2.02497935295105 -1.22319006919861
v 1.47530269622803 1.96333193778992 -1.21129500865936
v 1.47596383094788 2.02558970451355 -1.21509051322937
v 1.47464144229889 1.90130305290222 -1.20749950408936
v 1.47313988208771 1.85354149341583 -1.21206450462341
v 1.47081184387207 1.81943714618683 -1.22500312328339
v 1.63099563121796 0.95561039447784 -1.01749062538147
v 1.40459203720093 1.26117706298828 -1.29510879516602
v 1.82454419136047 1.59779632091522 -1.27138364315033
v 1.46560454368591 1.30916750431061 -0.93599861860275
v 1.46130657196045 1.318399310112 -0.94575470685959
v 1.61344540119171 1.63441860675812 -1.06377983093262
v 1.59555077552795 1.63441860675812 -1.05487155914307
v 1.7310072183609 1.84621715545654 -1.21944677829742
v 1.71118402481079 1.84881114959717 -1.21944677829742
v 1.46845614910126 1.78487491607666 -1.23805904388428
v 1.4801379442215 1.78701114654541 -1.24575436115265
v 1.47637712955475 1.78029716014862 -1.22729861736298
v 1.48805892467499 1.78243339061737 -1.23498094081879
# 546 vertices

vn 0.03025080263615 -0.89899259805679 -0.43691784143448
vn 0.32034686207771 -0.90294623374939 -0.28647154569626
vn 0.37867012619972 -0.89718914031982 -0.22728958725929
vn 0.29791301488876 -0.80926847457886 -0.50629276037216
vn 0.9958633184433 0.09062678366899 -0.00656262878329
vn 0.99586892127991 0.09056479483843 -0.00656266603619
vn 0.99586045742035 0.0906577706337 -0.0065626106225
vn 0.99585485458374 0.09071975946426 -0.00656257336959
vn 0.27163231372833 0.9187747836113 0.28647649288177
vn 0.14119091629982 0.98371130228043 0.11125269532204
vn 0.74427169561386 -0.09034637361765 -0.66173803806305
vn 0.75765132904053 0.13525469601154 -0.63849091529846
vn 0.00571881281212 -0.09578229486942 -0.99538588523865
vn 0.0055937981233 -0.09581333398819 -0.99538362026215
vn 0.00575006194413 -0.09578227996826 -0.99538570642471
vn -0.67011141777039 -0.35494688153267 0.65189218521118
vn -0.73551946878433 -0.42844885587692 0.52482634782791
vn -0.49339240789413 -0.30076059699059 0.81615376472473
vn -0.82286715507507 -0.29228955507278 0.48729509115219
vn -0.86640989780426 0.13894309103489 0.47961309552193
vn -0.49323618412018 0.6936182975769 0.52498733997345
vn 0.20575477182865 0.90133345127106 0.38113388419151
vn -0.87982726097107 0.22028493881226 0.42116332054138
vn 0.99999749660492 0 0.00225006463006
vn -0.11262791603804 -0.58120256662369 -0.80592709779739
vn -0.17166046798229 -0.59198331832886 -0.78745692968369
vn -0.03968804702163 -0.17815870046616 -0.98320108652115
vn -0.00565637927502 -0.78064286708832 -0.62495177984238
vn -0.48463624715805 0.87458282709122 -0.01525035500526
vn -0.50345188379288 0.72117686271667 0.47585734724998
vn -0.93027514219284 0.10172149538994 0.35247826576233
vn -0.949547290802 0.12778340280056 0.28641107678413
vn 0.99587786197662 0.09046901017427 -0.00653126835823
vn 0.99587196111679 0.09053381532431 -0.00653143506497
vn -0.68364763259888 0.08665911853313 -0.72464895248413
vn -0.69720220565796 0.07922042161226 -0.71248382329941
vn 0.60819792747498 0.4893833398819 -0.62497937679291
vn 0.48473036289215 0.73389256000519 -0.47585517168045
vn -0.86624318361282 -0.24216309189796 0.43701231479645
vn -0.94063001871109 0.04521898925304 0.33640804886818
vn 0.36804124712944 0.13259734213352 0.92030626535416
vn 0.24619594216347 0.60177063941956 0.75977605581284
vn -0.52829277515411 -0.04906357079744 -0.84764349460602
vn -0.53687846660614 -0.03400022163987 -0.8429741859436
vn -0.84868913888931 -0.06387747824192 0.52502036094666
vn -0.84511077404022 -0.07915785163641 0.52869820594788
vn -0.51945501565933 0.82927793264389 -0.20606943964958
vn -0.45963338017464 0.88170355558395 -0.10647068917751
vn -0.04528257995844 0.98484134674072 -0.16744241118431
vn -0.15409804880619 0.97065210342407 -0.18463015556335
vn 0.21490883827209 -0.62763255834579 -0.74825900793076
vn -0.30781814455986 -0.88367241621017 -0.35266274213791
vn -0.41676232218742 -0.90271419286728 0.10684690624475
vn 0.02646935731173 -0.94427162408829 -0.32810127735138
vn -0.86895596981049 -0.28953740000725 -0.40135225653648
vn -0.68876349925995 -0.46250906586647 -0.55829221010208
vn -0.60170340538025 -0.57495266199112 -0.55442088842392
vn -0.30607005953789 -0.92011648416519 -0.24434977769852
vn -0.66121649742126 0.15694439411163 0.73359471559525
vn -0.62279999256134 0.02259442955256 0.78205478191376
vn 0.19440832734108 -0.78872716426849 -0.58319371938705
vn -0.89949095249176 0.42369794845581 0.10675263404846
vn -0.7201229929924 0.28691792488098 0.63174438476562
vn -0.39425849914551 -0.53754287958145 0.74539113044739
vn -0.26016390323639 -0.59582996368408 0.75980353355408
vn -0.25100362300873 -0.58522719144821 0.77104234695435
vn -0.21700669825077 -0.91640329360962 0.3363228738308
vn -0.22441382706165 -0.94000053405762 -0.2569774389267
vn -0.10162685066462 -0.93326705694199 0.34450626373291
vn -0.94120848178864 -0.12034642696381 0.3156633079052
vn -0.96788370609283 -0.19131420552731 0.16309520602226
vn -0.26822271943092 -0.9429202079773 -0.19737792015076
vn 0.73231989145279 -0.60559988021851 0.31137815117836
vn -0.86417055130005 0.38856893777847 -0.31972405314445
vn -0.47581848502159 0.86944842338562 0.13287667930126
vn 0.30697995424271 -0.37104475498199 -0.87640690803528
vn 0.60911458730698 -0.69983643293381 -0.37310647964478
vn 0.60789424180984 -0.70517855882645 -0.36494904756546
vn -0.18894432485104 -0.779465675354 -0.59727156162262
vn -0.21175447106361 0.96133279800415 0.17606621980667
vn -0.22568958997726 0.6409747004509 0.7336317896843
vn -0.32119309902191 0.47603952884674 0.81867045164108
vn 0.1894079297781 -0.96825855970383 -0.1630951911211
vn -0.3266022503376 0.74658191204071 -0.57960885763168
vn -0.30954053997993 0.76727306842804 -0.56167310476303
vn 0.116688542068 0.98591506481171 -0.11981356889009
vn -0.02646898850799 -0.99672770500183 0.07637567818165
vn -0.84317225217819 0.52310365438461 -0.12418986111879
vn 0.17084549367428 0.94522839784622 -0.27812784910202
vn -0.32978737354279 0.65698093175888 -0.67795008420944
vn -0.39485695958138 0.90415531396866 0.1630679666996
vn -0.39485707879066 0.66383492946625 0.63514649868011
vn -0.11978396773338 0.04006341099739 0.9919912815094
vn -0.35191342234612 0.9000495672226 0.25703647732735
vn -0.35422468185425 0.90379637479782 0.24016027152538
vn -0.37160521745682 0.82936930656433 0.41720035672188
vn -0.2575381398201 0.95880699157715 -0.11984696984291
vn -0.53489142656326 -0.19900612533092 0.82115024328232
vn -0.17822088301182 0.95529276132584 -0.23590907454491
vn -0.40919843316078 -0.2470378279686 0.87836718559265
vn -0.1373155862093 0.98877227306366 -0.05893882736564
vn -0.63332784175873 0.01137527544051 -0.77380001544952
vn -0.62982594966888 0.09434575587511 -0.77098518610001
vn 0.78820598125458 0.03018820658326 -0.61467063426971
vn 0.79145991802216 0.00762521568686 -0.61117351055145
vn 0.81602317094803 -0.35947895050049 -0.45263788104057
vn 0.82236099243164 -0.31760039925575 -0.47207242250443
vn 0.298006772995 -0.36853960156441 0.88055127859116
vn 0.273691624403 -0.44147542119026 0.85451292991638
vn 0.86189699172974 -0.32516452670097 -0.38910365104675
vn 0.88630783557892 -0.22410047054291 -0.40526214241982
vn -0.38944482803345 0.15512791275978 -0.90789210796356
vn -0.30775666236877 0.31847566366196 -0.89658188819885
vn -0.29913172125816 -0.93783360719681 0.17603521049023
vn -0.27934995293617 -0.94767731428146 0.15450343489647
vn 0.48448511958122 0.03015726804733 0.8742795586586
vn 0.47006586194038 0 0.88263136148453
vn 0.92589682340622 0.00778143294156 -0.37769639492035
vn 0.92747563123703 -0.06040669977665 -0.36897149682045
vn 0.42369595170021 0.43322739005089 0.79548460245132
vn 0.34241306781769 0.69851392507553 0.62835627794266
vn -0.94663840532303 0.12053295969963 0.29891049861908
vn -0.94307374954224 0.11668889224529 0.31144121289253
vn -0.30122101306915 0.35578390955925 -0.88469415903091
vn -0.23259787261486 0.60363566875458 -0.7625760436058
vn 0.74440795183182 0.06028392165899 0.66499823331833
vn 0.76025438308716 0.03762521967292 0.64853495359421
vn -0.47942298650742 -0.72983801364899 0.48732951283455
vn -0.38091084361076 -0.8405414223671 0.3852234184742
vn 0.83213829994202 -0.09050144255161 -0.54713374376297
vn 0.88055026531219 -0.20950452983379 -0.42513418197632
vn -0.40904316306114 0.12303483486176 -0.90418255329132
vn -0.48228922486305 -0.13440847396851 -0.8656393289566
vn -0.94160634279251 0.14659570157528 0.3031290769577
vn -0.92139011621475 0.17987795174122 0.34450563788414
vn -0.02828174270689 -0.98620468378067 0.16309659183025
vn 0.13331741094589 -0.83824962377548 0.52873820066452
vn 0.75664728879929 0.2812582552433 -0.59023612737656
vn 0.78169280290604 0.10540695488453 -0.61469161510468
vn -0.36351597309113 -0.61455821990967 -0.70012450218201
vn -0.17794124782085 -0.78486025333405 -0.59357500076294
vn -0.57682508230209 0.09784588217735 -0.81098645925522
vn -0.51382476091385 0.07531429827213 -0.8545828461647
vn 0.07353261113167 0.99554967880249 -0.05893858894706
vn -0.25922673940659 0.95196694135666 0.16297377645969
vn 0.6860226392746 0.34891778230667 0.63845854997635
vn 0.57953590154648 0.58353590965271 0.56887954473495
vn 0.71747249364853 0.09043797105551 -0.69069111347198
vn 0.67858237028122 0.07537721097469 -0.73064643144608
vn -0.93687206506729 0.10925329476595 0.33216628432274
vn -0.34479114413261 0.15769201517105 -0.92533904314041
vn -0.99848628044128 0.05284467712045 -0.01525026839226
vn -0.99175971746445 0.12809498608112 0.00209377030842
vn -0.00021875681705 -0.00003125097646 -1
vn 0.03781308606267 0.02181283757091 -0.99904674291611
vn 0.92696762084961 -0.06787721067667 -0.36894950270653
vn 0.93212133646011 -0.03018839284778 -0.36088567972183
vn 0.35466578602791 0.00756270298734 0.93496257066727
vn 0.35475784540176 0.0000312506927 0.9349582195282
vn -0.51559913158417 0.00381253985688 -0.85682147741318
vn -0.51800888776779 -0.03765689581633 -0.85454595088959
vn -0.84316807985306 -0.04118807986379 0.53607004880905
vn -0.84137725830078 0.02640730142593 0.53980273008347
vn 0.62988436222076 0.01506272517145 0.77654284238815
vn 0.62554752826691 0.07522070407867 0.776551425457
vn -0.78583806753159 0.01884436421096 0.61814510822296
vn -0.78873091936111 0.01131267473102 0.61463451385498
vn 0.62907856702805 -0.03771971166134 0.77642607688904
vn 0.62986582517624 0.01503177732229 0.77655845880508
vn -0.78877240419388 -0.00378135754727 0.61467373371124
vn -0.78833830356598 -0.02637586370111 0.61467635631561
vn 0.90808635950088 -0.10544026643038 -0.40529191493988
vn 0.88551133871078 -0.18743990361691 -0.42513048648834
vn 0.41228741407394 -0.11153291910887 0.9042010307312
vn 0.4545411169529 -0.05993879958987 0.88870674371719
vn -0.84267425537109 -0.1724099367857 0.51007336378098
vn -0.84041947126389 -0.07909499853849 0.53613340854645
vn -0.34578734636307 -0.46297690272331 -0.81613940000534
vn -0.32563146948814 -0.58913671970367 -0.73951470851898
vn -0.71944504976273 -0.23056490719318 -0.65516310930252
vn -0.69324457645416 -0.34595039486885 -0.63224232196808
vn -0.63798886537552 -0.05265790969133 0.76824301481247
vn -0.639972448349 -0.06768789887428 0.76541072130203
vn -0.09787712991238 -0.99433410167694 0.04146965220571
vn 0.51770144701004 0.07493951916695 0.85227298736572
vn 0.24097567796707 -0.60032975673676 0.76258438825607
vn 0.31044319272041 -0.35294398665428 0.88264125585556
vn -0.88396346569061 0.19466196000576 0.42510622739792
vn 0.40994665026665 -0.13319046795368 0.90233254432678
vn -0.88402032852173 0.17609779536724 0.43300995230675
vn -0.22075527906418 -0.93358480930328 -0.28228798508644
vn 0.24666434526443 -0.95453131198883 -0.16741174459457
vn -0.09790795296431 -0.99432981014252 0.04150072112679
vn -0.88356727361679 -0.0149688301608 0.46806499361992
vn 0.40760213136673 0.47144719958305 0.78204733133316
vn 0.43494233489037 0.29734706878662 0.84994697570801
vn -0.74038219451904 -0.03021904453635 -0.671506524086
vn -0.74023169279099 0.03771940991282 -0.67129302024841
vn 0.67479699850082 -0.04531355947256 -0.73661094903946
vn 0.67939573526382 -0.01512546185404 -0.73361611366272
vn 0.62123674154282 0.08275239169598 0.77924126386642
vn 0.625892162323 0.09765892475843 0.77377110719681
vn 0.77969837188721 -0.03787552937865 -0.62500870227814
vn 0.7879011631012 -0.03771999850869 -0.61464542150497
vn 0.89273291826248 -0.32550516724586 -0.31156745553017
vn 0.92425990104675 -0.17281433939934 -0.34040987491608
vn -0.38154530525208 -0.23985259234905 -0.89268916845322
vn -0.34841284155846 -0.11518968641758 -0.93023645877838
vn 0.97827261686325 -0.02278177626431 0.20606726408005
vn 0.98512333631516 0 0.17184890806675
vn 0.1724713742733 -0.05971966311336 -0.98320251703262
vn 0.18612588942051 0.01503132190555 -0.98241090774536
vn -0.38850963115692 -0.43254199624062 -0.81361395120621
vn 0.52015882730484 0.10468801856041 0.84762918949127
vn 0.48544582724571 0.00759388087317 0.87423378229141
vn 0.49110811948776 0.0749396905303 0.86786913871765
vn 0.59311676025391 -0.70915251970291 -0.38120231032372
vn 0.77398562431335 -0.39966493844986 -0.49113565683365
vn 0.92706078290939 0.03768870234489 -0.37301188707352
vn -0.22081473469734 -0.93357193470001 -0.28228408098221
vn -0.34626150131226 -0.6904291510582 -0.6351460814476
vn 0.92731112241745 0.0301572214812 -0.37307453155518
vn 0.92114228010178 0 -0.3892260491848
vn 0.13331520557404 -0.83823573589325 0.5287606716156
vn -0.02828188613057 -0.98620969057083 0.16306617856026
vn 0.91369336843491 -0.03015644475818 -0.40528386831284
vn 0.24100962281227 -0.60030525922775 0.76259291172028
vn 0.90940713882446 -0.07506515085697 -0.40907692909241
vn 0.31041154265404 -0.35297477245331 0.88264006376266
vn -0.71080416440964 0.06778343766928 -0.70011633634567
vn 0.65735816955566 0.28644376993179 -0.6970152258873
vn -0.55700999498367 0.05656351149082 -0.8285773396492
vn -0.54150396585464 0.06403172016144 -0.83825618028641
vn 0.84241110086441 -0.08296923339367 -0.53240931034088
vn 0.83023434877396 -0.18728476762772 -0.52500987052917
vn 0.52716434001923 -0.06006341800094 0.84763795137405
vn 0.54516553878784 -0.00743762589991 0.83829545974731
vn 0.85512226819992 -0.03015725500882 -0.51754850149155
vn 0.85233098268509 -0.07537663727999 -0.51754248142242
vn 0.74858349561691 -0.03790731355548 0.66195607185364
vn 0.75201684236526 0.03018817491829 0.65845227241516
vn 0.67482858896255 -0.04534483328462 -0.73658007383347
vn 0.74545419216156 -0.04531351104379 0.66501486301422
vn 0.74038219451904 -0.03021904453635 0.671506524086
vn -0.67889589071274 -0.03012592531741 0.73361629247665
vn -0.67901301383972 -0.07147011905909 0.73063898086548
vn 0.52811598777771 -0.05218969658017 0.84756696224213
vn 0.52919441461563 -0.03759424388409 0.84766733646393
vn -0.84860455989838 0.01878148876131 0.52869421243668
vn -0.84858077764511 0.01884415559471 0.52873015403748
vn 0.62301033735275 -0.13425222039223 0.77060651779175
vn 0.62245571613312 -0.09753409773111 0.77655392885208
vn 0.78207403421402 0.04525066912174 -0.62154048681259
vn 0.7437561750412 -0.06778181344271 0.66500550508499
vn -0.65735971927643 0.06012645736337 0.75117444992065
vn -0.65551209449768 0.04146951436996 0.75404518842697
vn 0.76306557655334 -0.03768765181303 0.64522135257721
vn 0.7512925863266 -0.0452506840229 0.65841615200043
vn -0.67267167568207 -0.14969092607498 0.72464162111282
vn -0.65772384405136 -0.28562718629837 0.69700539112091
vn -0.58964514732361 0.05281430482864 -0.80593377351761
vn 0.77401745319366 -0.39960274100304 -0.49113604426384
vn -0.9916820526123 0.07172061502934 -0.10687777400017
vn -0.98967921733856 0.02262552455068 -0.14150328934193
vn -0.16484470665455 -0.01121881511062 0.9862557053566
vn -0.16306573152542 -0.21741054952145 0.96236282587051
vn -0.76087194681168 0.40595254302025 0.50623750686646
vn -0.58061361312866 0.71518075466156 0.38910707831383
vn 0.0205938629806 0.98844289779663 -0.15018832683563
vn -0.12794232368469 0.84143793582916 -0.52498853206635
vn 0.70917725563049 -0.08284620195627 -0.70014578104019
vn 0.31107357144356 0.90346962213516 0.29491671919823
vn -0.81471872329712 0.36242011189461 0.45264235138893
vn -0.82306170463562 0.28532302379608 0.49108064174652
vn 0.36110433936119 -0.33572861552238 0.86999422311783
vn 0.27369517087936 -0.44151237607002 0.8544927239418
vn 0.27019616961479 0.94887417554855 -0.16319273412228
vn 0.997145652771 0.07547031342983 -0.00218754517846
vn 0.9985448718071 -0.05281322076917 -0.01090639829636
vn 0.03443801403046 -0.02684415318072 0.99904626607895
vn 0.02006294578314 -0.0714703425765 0.99724090099335
vn 0.69476121664047 -0.03021923825145 -0.71860533952713
vn 0.6971024274826 -0.04528181627393 -0.71554017066956
vn 0.45335066318512 0.77010548114777 0.44878807663918
vn 0.50507408380508 0.69895350933075 0.50632411241531
vn 0.17019410431385 0.79168701171875 0.58674156665802
vn 0.24616317451 0.6018294095993 0.75974011421204
vn 0.89115345478058 0.13544182479382 -0.43301385641098
vn 0.84261566400528 0.17250448465347 -0.51013827323914
vn -0.88182270526886 0.26031550765038 0.39322328567505
vn -0.84522491693497 0.33884623646736 0.41325303912163
vn 0.29797831177711 -0.36854302883148 0.88055944442749
vn 0.35985523462296 -0.2149756103754 0.90790402889252
vn 0.18931531906128 0.93792021274567 0.29062932729721
vn -0.12797251343727 -0.98646652698517 -0.10250301659107
vn 0.75763297080994 0.1352826654911 -0.63850671052933
vn -0.74621427059174 -0.0301260817796 0.66502386331558
vn -0.74902021884918 -0.03400091826916 0.66167414188385
vn 0.72261899709702 0.23007054626942 0.65183532238007
vn 0.67210501432419 0.07540751248598 -0.73660606145859
vn -0.93214350938797 0.09790819883347 0.34860068559647
vn 0.34366434812546 -0.16016003489494 0.92533427476883
vn 0.35603719949722 -0.04493825137615 0.93339061737061
vn 0.991763651371 -0.12806425988674 -0.00209377869032
vn 0 0.00003125097646 1
vn -0.93168538808823 0.06778337061405 0.35688614845276
vn 0.35475784540176 0 0.9349582195282
vn -0.5241739153862 -0.05290803313255 -0.84996616840363
vn -0.84277534484863 -0.07909613102674 0.53242230415344
vn 0.61941963434219 0.02256298996508 0.78473573923111
vn 0.61823302507401 -0.04500103741884 0.78470557928085
vn -0.77238893508911 -0.00753138540313 0.63510519266129
vn -0.76939988136292 0.01884436048567 0.63848942518234
vn 0.62716770172119 -0.08997040241957 0.77367043495178
vn 0.62398040294647 -0.12722112238407 0.77101439237595
vn 0.77608573436737 0.05265782773495 -0.62842506170273
vn 0.77379429340363 0.04518825933337 -0.63182312250137
vn 0.99172186851501 0.12793791294098 0.01093753520399
vn -0.00368759408593 -0.09140858054161 0.99580663442612
vn 0.39663189649582 0.84054589271545 -0.36900642514229
vn -0.41678953170776 -0.9027054309845 0.10681462287903
vn -0.47941568493843 -0.72982692718506 0.48735332489014
vn -0.60706925392151 -0.48206788301468 0.63172578811646
vn -0.47376319766045 0.01500041782856 -0.88052451610565
vn -0.27934861183167 -0.94767272472382 0.15453393757343
vn -0.44698250293732 -0.76930493116379 -0.4564827978611
vn -0.3023544549942 -0.90368831157684 -0.30319824814796
vn 0.70920461416244 -0.08290825784206 -0.70011073350906
vn 0.69713407754898 -0.04528184235096 -0.71550935506821
vn 0.76948636770248 -0.01515659689903 0.63848340511322
vn -0.86749643087387 0.11662872135639 0.48357796669006
vn 0.71748596429825 0.09047091752291 -0.69067281484604
vn 0.67858558893204 0.07531506568193 -0.73064988851547
vn -0.82450145483017 0.19071908295155 0.53275096416473
vn -0.84203833341599 0.0864694789052 0.53244197368622
vn -0.16306462883949 -0.21744032204151 0.96235626935959
vn 0.97083795070648 -0.09794006496668 0.21881823241711
vn 0.40998587012291 -0.13316181302071 0.90231895446777
vn -0.868801176548 0.20934855937958 0.44872903823853
vn -0.6221621632576 0.03778161108494 -0.78197622299194
vn -0.62363797426224 0.08972061425447 -0.7765474319458
vn -0.78499609231949 -0.04140769317746 0.61811530590057
vn -0.7883495092392 -0.02640644088387 0.61466073989868
vn -0.8304032087326 -0.17606848478317 0.52861171960831
vn -0.30591401457787 -0.61039054393768 -0.73064357042313
vn 0.40801030397415 -0.16181659698486 0.89852267503738
vn 0.77208757400513 -0.02259448356926 -0.63511437177658
vn 0.769591152668 -0.00753153022379 -0.63849252462387
vn -0.62638092041016 -0.01887517794967 -0.77928858995438
vn -0.62552261352539 -0.07534646987915 -0.77655929327011
vn 0.92173624038696 -0.09040796756744 -0.37713217735291
vn -0.36369231343269 0.04896939918399 -0.93023109436035
vn -0.37094882130623 0.00012500380399 -0.9286532998085
vn -0.54619860649109 0.10525214672089 -0.83101689815521
vn -0.53578805923462 0.1015012934804 -0.83822947740555
vn -0.84545397758484 0.04131330549717 0.53244787454605
vn -0.85326272249222 -0.06400095671415 0.51753896474838
vn 0.3981611430645 0.03003161773086 0.91682374477386
vn 0.41760540008545 0.0894712433219 0.90421271324158
vn 0.86670964956284 -0.40238529443741 -0.29478880763054
vn 0.67617177963257 0.06787656247616 -0.73361057043076
vn 0.67561167478561 0.03006329759955 -0.73664450645447
vn -0.73852229118347 0.06037681922317 -0.6715202331543
vn 0.67042303085327 -0.06037651002407 -0.73951852321625
vn 0.62307626008987 -0.01500033028424 0.78201723098755
vn 0.62298536300659 0.06765805929899 0.77930200099945
vn 0.78875571489334 -0.00753130437806 -0.61466068029404
vn 0.8502379655838 0.03775085508823 -0.52504312992096
vn 0.84545391798019 0.07540771365166 -0.52869778871536
vn 0.85510843992233 -0.03015676885843 -0.51757138967514
vn -0.67270714044571 -0.14966061711311 0.72461491823196
vn -0.67901450395584 -0.07143902778625 0.73064064979553
vn -0.72773438692093 0.0453447252512 -0.68435847759247
vn -0.72092014551163 0.05662609264255 -0.69070082902908
vn -0.65344876050949 0.01118769217283 0.75688803195953
vn -0.19859951734543 -0.97218441963196 0.12415985018015
vn -0.23897156119347 -0.96001130342484 0.14584547281265
vn 0.48506662249565 -0.01484387647361 0.87435120344162
vn 0.49657508730888 -0.01490662805736 0.8678657412529
vn -0.17144237458706 0.06240802630782 0.98321551084518
vn -0.98511803150177 0 -0.17187924683094
vn -0.84849709272385 0.40860742330551 0.33629250526428
vn -0.8727850317955 0.32860693335533 0.36092072725296
vn -0.3462889790535 -0.6904217004776 -0.63513922691345
vn -0.60829013586044 0.07528235018253 -0.79013651609421
vn 0.50297474861145 -0.03768794983625 0.86347901821136
vn 0.49572920799255 -0.11190860718489 0.86123692989349
vn 0.51660341024399 -0.08256404846907 0.85223478078842
vn -0.85614448785782 -0.13522182404995 0.49873009324074
vn -0.37100240588188 -0.00771880010143 -0.92859983444214
vn -0.62848085165024 0.04512587189674 -0.7765149474144
vn -0.62936228513718 0.07162710279226 -0.77380400896072
vn 0.78839004039764 0.02256293222308 -0.61476176977158
vn 0.78874385356903 0.00753149017692 -0.61467581987381
vn -0.78457063436508 -0.04900050908327 0.6181001663208
vn -0.77935498952866 -0.04525065422058 0.62494653463364
vn -0.62305593490601 -0.01512559968978 -0.78203099966049
vn 0.77229011058807 0.00746883591637 -0.63522607088089
vn 0.77182966470718 0.03028192184865 -0.6351078748703
vn 0.207689255476 0.97135198116302 -0.1155009791255
vn 0.24097312986851 0.96139252185822 -0.13287742435932
vn -0.49254456162453 -0.02265686169267 -0.86999225616455
vn -0.50401276350021 -0.01884422823787 -0.86349058151245
vn 0.93250042200088 -0.01503176055849 -0.36085602641106
vn 0.35875955224037 0.00750019960105 0.93339985609055
vn 0.5242879986763 0.05256317555904 0.84991717338562
vn 0.53166043758392 0.05265666544437 0.84531915187836
vn -0.62241947650909 -0.09781457483768 -0.77654767036438
vn -0.61954671144485 -0.06787669658661 -0.7820195555687
vn -0.78586518764496 0.01884426549077 0.61811065673828
vn -0.78228724002838 0.04146906360984 0.62153601646423
vn -0.52338737249374 0.06031392142177 -0.84995758533478
vn 0.8523046374321 -0.07543957233429 -0.51757669448853
vn -0.83881020545959 0.07175247371197 0.53967487812042
vn -0.63017439842224 -0.06409560143948 -0.77380359172821
vn -0.76955097913742 0.01131279021502 0.63848513364792
vn -0.76392650604248 -0.01128154899925 0.64520460367203
vn -0.4770644903183 -0.02637510932982 -0.87847244739532
vn 0.53013533353806 -0.02265669219196 0.84761029481888
vn -0.85936099290848 -0.11272101104259 0.49879124760628
vn 0.5264185667038 0.02256302908063 0.84992611408234
vn -0.86154109239578 -0.0376879312098 0.50628703832626
vn 0.5249205827713 0.04500122740865 0.84996074438095
vn -0.86236208677292 0 0.50629198551178
vn 0.85254257917404 0.03781300038099 -0.5212881565094
vn 0.8556399345398 0.00003125054718 -0.51757150888443
vn 0.51591956615448 -0.06015780568123 0.85452210903168
vn 0.84242510795593 -0.08297061175108 -0.53238695859909
vn 0.79114675521851 -0.02271937392652 -0.61120426654816
vn -0.62964421510696 -0.02259444072843 -0.77655500173569
vn -0.62748688459396 -0.08653375506401 -0.77380365133286
vn -0.77424079179764 0.03768857195973 0.63176798820496
vn -0.76940077543259 0.01878187805414 0.63849014043808
vn 0.84586882591248 0.11294084787369 -0.52129673957825
vn 0.50651115179062 -0.09747090190649 0.85670638084412
vn 0.85254555940628 -0.0377193801105 -0.52129000425339
vn -0.37091201543808 -0.00728136347607 -0.92863947153091
vn -0.78585052490234 0.01881266199052 0.61813032627106
vn -0.78033399581909 0.02259437181056 0.62495470046997
vn -0.62641561031342 -0.09406391531229 -0.77379286289215
vn 0.42909768223763 0.25787734985352 0.86566418409348
vn 0.43491700291634 0.29735109210014 0.84995853900909
vn 0.89901340007782 0.03015669994056 -0.43688151240349
vn 0.89554315805435 0.00003125041621 -0.44497466087341
vn -0.98509687185287 0.00006250019942 -0.17200054228306
vn 0.99175977706909 -0.12809500098228 0.00206252024509
vn 0.84617793560028 -0.02262558043003 -0.53241991996765
vn 0.84635096788406 -0.01512512937188 -0.532410800457
vn -0.4502035677433 0.76971489191055 -0.45260986685753
vn -0.45019719004631 0.7697040438652 -0.4526347219944
vn -0.45011159777641 0.76974922418594 -0.45264294743538
vn 0.52226841449738 0.03012606315315 0.85224884748459
vn 0.84199011325836 0.0603452809155 -0.53610736131668
vn 0.84242290258408 0.08300164341927 -0.53238552808762
vn -0.73130148649216 0.0340009406209 -0.68120634555817
vn -0.73489087820053 0.018937908113 -0.6779208779335
vn 0.67296004295349 0.01509425602853 -0.73952478170395
vn 0.83791488409042 0.1948145031929 -0.5098489522934
vn 0.32666710019112 0.58855080604553 0.73952460289001
vn 0.32078945636749 0.61345320940018 0.72164344787598
vn 0.67213600873947 0.07543873786926 -0.73657459020615
vn 0.8508061170578 -0.23869448900223 -0.46813869476318
vn -0.32819858193398 0.38288789987564 -0.86352914571762
vn -0.3979774415493 0.22750495374203 -0.88873815536499
vn -0.88205289840698 0.11653410643339 0.45651119947433
vn 0.80802154541016 0.2744448184967 -0.52132642269135
vn -0.2159765213728 -0.70883804559708 -0.67149293422699
vn -0.74042594432831 -0.02659445628524 0.67161160707474
vn 0.24659956991673 -0.95455378293991 -0.16737896203995
vn 0.59314411878586 -0.70914781093597 -0.38116851449013
vn -0.27457499504089 0.44527027010918 -0.85225754976273
vn -0.97967356443405 0.12793977558613 -0.15450273454189
vn 0.19128431379795 0.33659917116165 -0.92201483249664
vn 0.19813074171543 0.21553748846054 -0.95618396997452
vn 0.84240418672562 0.08294036984444 -0.53242468833923
vn 0.62579542398453 0.09756471216679 0.77386122941971
vn -0.78033232688904 0.02268807590008 0.62495338916779
vn 0.54016208648682 0.03743790462613 0.84072786569595
vn 0.85027348995209 0.03778229653835 -0.5249832868576
vn -0.74661540985107 -0.01887554861605 -0.66498804092407
vn -0.74367088079453 -0.0112814726308 -0.66845071315765
vn -0.67451608181 -0.08272071927786 0.7336111664772
vn -0.67400395870209 -0.10887563973665 0.73066049814224
vn 0.26062959432602 0.72413778305054 0.63851130008698
vn -0.76955074071884 0.01134403608739 0.63848489522934
vn 0.5266364812851 -0.01512532960624 0.84995603561401
vn -0.85108536481857 -0.00371884997003 0.52501410245895
vn -0.53157562017441 0.05278255790472 -0.84536463022232
vn -0.53500950336456 0.05653225630522 -0.84295248985291
vn -0.84579974412918 0.0339694917202 0.53241789340973
vn 0.73213201761246 0 0.68116277456284
vn 0.72904688119888 0.00765641406178 0.68442094326019
vn -0.67448353767395 -0.08272056281567 0.73364108800888
vn -0.67852115631104 -0.03762617334723 0.73361659049988
vn -0.76886194944382 -0.03390705212951 0.63851517438889
vn 0.91419047117233 -0.09797242283821 -0.39326471090317
vn 0.35600990056992 -0.04493875056505 0.9334009885788
vn 0.34366607666016 -0.16012957692146 0.92533892393112
vn 0.3598824441433 -0.21497319638729 0.90789377689362
vn -0.3815396130085 -0.23991151154041 -0.89267575740814
vn -0.38848251104355 -0.43260905146599 -0.81359124183655
vn -0.89141982793808 0.19462795555592 0.40925621986389
vn -0.50007873773575 -0.02262573316693 -0.86568433046341
vn -0.49919459223747 -0.03771928325295 -0.86566853523254
vn 0.85565376281738 0 -0.51754868030548
vn 0.85256803035736 0.03771899268031 -0.52125334739685
vn 0.78033339977264 -0.02262560650706 -0.62495428323746
vn 0.43520015478134 0.23175674676895 0.86999404430389
vn -0.5036318898201 0.02650036290288 -0.86351180076599
vn 0.74754971265793 0.12762814760208 0.65182858705521
vn 0.68171018362045 0.03772000223398 -0.73064929246902
vn 0.2974750995636 0.93992638587952 -0.16747233271599
vn 0.67232632637024 0.15019059181213 -0.72485864162445
vn -0.73801952600479 0.00759395118803 -0.67473661899567
vn 0.67616087198257 0.01512510329485 -0.73659878969192
vn 0.52348119020462 -0.05993891879916 0.84992635250092
vn 0.73778212070465 -0.0227822419256 0.67465436458588
vn 0.73495280742645 -0.01503156404942 0.67795163393021
vn -0.67939674854279 -0.01503173075616 0.73361718654633
vn -0.6795060634613 -0.00750006688759 0.73363155126572
vn 0.6753301024437 0.03771973028779 -0.73655039072037
vn 0.84288543462753 -0.20203374326229 -0.49872490763664
vn 0.84290385246277 -0.20200690627098 -0.49870458245277
vn 0.97967439889908 -0.12797112762928 0.15447162091732
vn 0.97968220710754 -0.12790964543819 0.1544728577137
vn 0.19141025841236 0.33660081028938 -0.92198807001114
vn -0.432264149189 -0.25257077813148 -0.86565333604813
vn -0.42841187119484 -0.25900340080261 -0.86566764116287
vn 0.89569854736328 -0.00028125348035 -0.44466173648834
vn -0.53405326604843 0.01509437151253 -0.84531611204147
vn -0.53794091939926 -0.00378127396107 -0.84297406673431
vn 0.84361058473587 0.03021935373545 -0.53610444068909
vn 0.84414881467819 -0.00003125088188 -0.53610891103745
vn 0.76957583427429 -0.00753138028085 -0.6385110616684
vn 0.62984997034073 -0.01509389840066 0.77657014131546
vn -0.76366794109344 -0.27706676721573 0.58313399553299
vn -0.78167170286179 -0.20162898302078 0.59019923210144
vn -0.41113272309303 0.1156896725297 -0.9042044878006
vn -0.62307506799698 0.01512530446053 -0.78201580047607
vn 0.84565567970276 -0.03772011771798 -0.5323942899704
vn 0.52320063114166 0.0073751853779 0.85217761993408
vn -0.85068970918655 -0.02646881900728 0.52500134706497
vn -0.74132990837097 0.00012500293087 -0.67114078998566
vn -0.78500705957413 -0.04143787547946 0.61809933185577
vn 0.84615439176559 -0.02265703678131 -0.53245598077774
vn 0.84564059972763 -0.03775069490075 -0.53241604566574
vn -0.62460941076279 0.12406561523676 -0.77101933956146
vn -0.678551197052 -0.03771985694766 0.73358404636383
vn -0.6258664727211 0.13484865427017 -0.76818418502808
vn 0.02431277558208 0.07459459453821 -0.99691754579544
vn 0.40760606527328 0.47148302197456 0.78202366828918
vn 0.36104014515877 -0.3357270359993 0.87002146244049
vn -0.17150305211544 0.06240735948086 0.98320496082306
vn -0.78875744342804 -0.00371878501028 0.61469328403473
vn 0.67130315303802 0.10540969669819 -0.73364901542664
vn 0.67129296064377 0.0828764513135 -0.73654413223267
vn -0.34844157099724 -0.11515759676695 -0.93022966384888
vn -0.52466070652008 0.07906316965818 -0.84763211011887
vn 0.8458885550499 0.11297056078911 -0.52125835418701
vn 0.84365153312683 0.14281699061394 -0.51754748821259
vn 0.72598373889923 0.01512531284243 0.68754547834396
vn -0.67404097318649 -0.1088140681386 0.73063552379608
vn 0.84544992446899 0.075469866395 -0.52869528532028
vn -0.67952120304108 -0.00759398657829 0.73361659049988
vn -0.67938047647476 -0.01509387139231 0.73363089561462
vn -0.78458577394485 -0.04900145530701 0.61808091402054
vn -0.78877252340317 0.00375010701828 0.61467379331589
vn 0.77205741405487 -0.02271952107549 -0.63514655828476
vn -0.53295075893402 0.03778219223022 -0.84530228376389
vn 0.84632843732834 -0.01509403437376 -0.53244751691818
vn -0.93044835329056 0.03393789753318 0.36484798789024
vn -0.93083745241165 0.01884425617754 0.36494728922844
vn -0.88401472568512 0.19444073736668 0.42510083317757
vn -0.76888847351074 -0.03396934270859 0.63847994804382
vn 0.41231620311737 -0.11146975308657 0.90419566631317
vn 0.40801763534546 -0.16188199818134 0.89850753545761
vn 0.6188308596611 -0.07506472617388 0.78192949295044
vn -0.89554315805435 0 0.44497466087341
vn -0.41682624816895 -0.2971972823143 -0.85902833938599
vn 0 0.09153316169977 -0.99580204486847
vn 0.90695321559906 -0.00756263080984 -0.42116352915764
vn 0.42707571387291 -0.00756273418665 0.90418422222137
vn -0.3808841407299 -0.84055143594742 0.38522797822952
vn -0.68092328310013 0.08293956518173 -0.72764313220978
vn -0.60704666376114 -0.48204350471497 0.63176608085632
vn 0.26065942645073 0.72410261631012 0.6385390162468
vn -0.65770864486694 -0.28569668531418 0.69699120521545
vn -0.78870397806168 0.01131273619831 0.61466908454895
vn 0.62981790304184 0.0676880851388 0.77378791570663
vn -0.7822892665863 0.04140667244792 0.62153762578964
vn -0.78587764501572 0.01881256327033 0.61809581518173
vn -0.66232264041901 0.37513074278831 0.64854115247726
vn -0.66236138343811 0.37510371208191 0.64851725101471
vn -0.66235363483429 0.37513056397438 0.64850962162018
vn -0.66237890720367 0.37509596347809 0.64850383996964
vn -0.97968697547913 0.12791027128696 -0.15444235503674
vn -0.99171769618988 -0.12797264754772 -0.0109065817669
vn -0.99171739816666 -0.12797260284424 -0.01093783043325
vn -0.00362502061762 -0.09162552654743 0.99578696489334
vn -0.00365630188026 -0.09153255075216 0.99579536914825
vn -0.6788621544838 -0.03018831647933 0.73364490270615
vn -0.642822265625 -0.03025045804679 0.76541787385941
vn -0.72988456487656 -0.12784542143345 -0.6715087890625
vn -0.17144271731377 0.06237689778209 0.98321741819382
vn 0.98512953519821 0 0.17181327939034
vn 0.67041009664536 -0.06031284481287 -0.73953545093536
vn 0.84358906745911 0.03015719912946 -0.53614187240601
vn 0.85256904363632 -0.03768778964877 -0.5212539434433
vn 0.17019301652908 0.79171317815781 0.58670651912689
vn -0.41922265291214 0.00003125028888 -0.90788346529007
vn -0.38353776931763 0.05278214812279 -0.92201560735703
vn 0.68170940876007 0.0377512127161 -0.730648458004
vn -0.8955991268158 0 0.44486194849014
vn -0.90511524677277 0 0.42516633868217
vn -0.42319166660309 0 -0.90604019165039
vn 0.90511524677277 0 -0.42516633868217
vn 0.90522199869156 0 -0.424939006567
vn 0.42910930514336 0.25788435339928 0.86565631628036
vn 0.35469332337379 0.00746887270361 0.93495285511017
vn -0.99703812599182 -0.0753755196929 -0.01528135593981
vn -0.18725492060184 -0.33429005742073 0.92368054389954
vn 0.84413468837738 0 -0.53613114356995
vn 0.42316600680351 0.0000312507218 0.90605217218399
vn 0.35875973105431 0.00743770133704 0.9334003329277
vn 0.32672894001007 0.58851832151413 0.73952305316925
vn 0.85295969247818 0.06787677109241 -0.51754474639893
vn -0.73181617259979 -0.02256261557341 0.68112844228745
vn -0.50401377677917 -0.69698786735535 -0.5100764632225
vn -0.32878977060318 -0.06003280356526 -0.94249314069748
vn -0.77485853433609 -0.02259418182075 0.63173073530197
vn -0.88830786943436 0.09800294041634 0.44866970181465
vn 0.45453941822052 -0.06000107526779 0.88870346546173
vn -0.90511447191238 0.00740641960874 0.42510348558426
vn 0.42701283097267 -0.00746897468343 0.9042147397995
vn 0.42316600680351 -0.0000312507218 0.90605217218399
vn 0.02009418420494 -0.07147029787302 0.9972403049469
vn -0.77485907077789 -0.02256294712424 0.63173121213913
vn 0.84368169307709 0.14275430142879 -0.51751559972763
vn -0.18722280859947 -0.33431977033615 0.92367631196976
vn 0.03446928784251 -0.02678166888654 0.9990468621254
vn -0.78878438472748 0.00371876475401 0.61465871334076
vn -0.99175977706909 0.12809500098228 0.00206252024509
vn -0.064158603549 -0.93353420495987 -0.35270041227341
vn -0.06409448385239 -0.93354195356369 -0.35269153118134
vn -0.06425125151873 -0.93351829051971 -0.35272565484047
vn -0.064189016819 -0.93352204561234 -0.35272708535194
vn 0.429080337286 0.25791695713997 0.86566096544266
vn -0.18925276398659 -0.338004976511 0.92191976308823
vn 0.69476187229156 -0.03018801659346 -0.71860605478287
vn 0 0.00006250195293 1
vn -0.00006250194565 -0.00028125877725 0.99999994039536
vn 0.99172651767731 0.1279072612524 0.01087508536875
vn -0.18919159471989 -0.33785107731819 0.92198872566223
vn 0.85294586420059 0.06787566840649 -0.51756757497787
vn -0.12806424498558 -0.99176359176636 0.00212502921931
vn -0.12803350389004 -0.99176752567291 0.00215628813021
vn 0.42910459637642 0.25781899690628 0.86567813158035
vn 0.11106339842081 -0.96744531393051 0.22740809619427
vn 0.11109425872564 -0.9674419760704 0.22740730643272
vn 0.11106576770544 -0.9674659371376 0.22731918096542
vn 0.11103332042694 -0.96745556592941 0.2273792475462
vn -0.00368754146621 -0.0915635228157 0.99579238891602
vn -0.45547929406166 -0.87436401844025 0.16741013526917
vn -0.45551416277885 -0.87433964014053 0.16744269430637
vn 0.17250171303749 -0.0597193390131 -0.98319721221924
# 665 normals

vt 0.4288472533226 0.46875309944153 0
vt 0.4550743997097 0.32077658176422 0
vt 0.45216026902199 0.29530656337738 0
vt 0.4288472533226 0.28319787979126 0
vt 0.37602868676186 0.67769056558609 0
vt 0.39448481798172 0.67610388994217 0
vt 0.41245526075363 0.65414124727249 0
vt 0.36789339780807 0.62282568216324 0
vt 0.19122438132763 0.09881174564362 0
vt 0.19304572045803 0.08762168884277 0
vt 0.19863112270832 0.07050251960754 0
vt 0.17932502925396 0.098060131073 0
vt 0.65068525075912 0.28987848758698 0
vt 0.63344329595566 0.1022355556488 0
vt 0.63356471061707 0.30056750774384 0
vt 0.02803321927786 0.63460034132004 0
vt 0.02815464138985 0.63810765743256 0
vt 0.03167587891221 0.6376901268959 0
vt 0.03106877021492 0.63443332910538 0
vt 0.73325216770172 0.27735221385956 0
vt 0.73300933837891 0.10206854343414 0
vt 0.70836067199707 0.27442944049835 0
vt 0.41124105453491 0.00252676010132 0
vt 0.46673089265823 0.01638913154602 0
vt 0.49186524748802 0.01797580718994 0
vt 0.51821380853653 0.00252676010132 0
vt 0.42532598972321 0.01680672168732 0
vt 0.41670504212379 0.01171267032623 0
vt 0.45556008815765 0.06515789031982 0
vt 0.47887310385704 0.05254817008972 0
vt 0.50012195110321 0.03776729106903 0
vt 0.46928077936172 0.0332578420639 0
vt 0.95290458202362 0.13906264305115 0
vt 0.97148215770721 0.15534675121307 0
vt 0.98119592666626 0.15451169013977 0
vt 0.98119592666626 0.12561786174774 0
vt 0.52853471040726 0.32069301605225 0
vt 0.52513486146927 0.32528591156006 0
vt 0.50473600625992 0.34916925430298 0
vt 0.52853471040726 0.46875309944153 0
vt 0.36777198314667 0.56871235370636 0
vt 0.34628027677536 0.53397291898727 0
vt 0.31058222055435 0.58424490690231 0
vt 0.32648849487305 0.60979837179184 0
vt 0.93262714147568 0.0694168806076 0
vt 0.92801308631897 0.08687007427216 0
vt 0.96419686079025 0.09989738464355 0
vt 0.95229750871658 0.07868623733521 0
vt 0.0902012810111 0.06140005588531 0
vt 0.12128531932831 0.07200562953949 0
vt 0.20215237140656 0.06140005588531 0
vt 0.13573452830315 0.08486592769623 0
vt 0.15127654373646 0.09722506999969 0
vt 0.9862956404686 0.10582637786865 0
vt 0.9862956404686 0.10106647014618 0
vt 0.98350292444229 0.10114991664886 0
vt 0.98350292444229 0.10590994358063 0
vt 0.60515201091766 0.30766570568085 0
vt 0.58281034231186 0.30449247360229 0
vt 0.72790962457657 0.30182015895844 0
vt 0.70981776714325 0.29973244667053 0
vt 0.69840407371521 0.29822933673859 0
vt 0.67363399267197 0.31985795497894 0
vt 0.01091271825135 0.12211048603058 0
vt 0.01079129613936 0.1245322227478 0
vt 0.01346257980913 0.12419819831848 0
vt 0.01334115769714 0.12252807617188 0
vt 0.47292342782021 0.35100650787354 0
vt 0.44293218851089 0.23668372631073 0
vt 0.44523921608925 0.25939798355103 0
vt 0.46418103575706 0.29171562194824 0
vt 0.49745067954063 0.29898083209991 0
vt 0.73604488372803 0.38415920734406 0
vt 0.73604488372803 0.39451432228088 0
vt 0.73895901441574 0.39451432228088 0
vt 0.73895901441574 0.38415920734406 0
vt 0.62822216749191 0.46875309944153 0
vt 0.6466783285141 0.34349071979523 0
vt 0.62822216749191 0.33405435085297 0
vt 0.84362477064133 0.00252676010132 0
vt 0.83913218975067 0.03517854213715 0
vt 0.86596643924713 0.05538749694824 0
vt 0.86633068323135 0.00277733802795 0
vt 0.53387725353241 0.31635057926178 0
vt 0.533755838871 0.10231912136078 0
vt 0.41536939144135 0.61723059415817 0
vt 0.41816210746765 0.58516347408295 0
vt 0.42083337903023 0.57414036989212 0
vt 0.40432000160217 0.57915085554123 0
vt 0.79141330718994 0.29706025123596 0
vt 0.7542582154274 0.27985751628876 0
vt 0.78655648231506 0.31651759147644 0
vt 0.72790962457657 0.46875309944153 0
vt 0.6599133014679 0.3368935585022 0
vt 0.36922904849052 0.53071612119675 0
vt 0.37712147831917 0.54541355371475 0
vt 0.0218406971544 0.63042491674423 0
vt 0.02171927690506 0.63434982299805 0
vt 0.02524051442742 0.63460034132004 0
vt 0.02511909231544 0.63025790452957 0
vt 0.41269811987877 0.63927680253983 0
vt 0.55464041233063 0.31417942047119 0
vt 0.42314040660858 0.02724516391754 0
vt 0.42277613282204 0.04352927207947 0
vt 0.43613255023956 0.0185604095459 0
vt 0.32915976643562 0.30182015895844 0
vt 0.35575118660927 0.29680967330933 0
vt 0.34676596522331 0.29371988773346 0
vt 0.80124849081039 0.27635014057159 0
vt 0.80829101800919 0.24862539768219 0
vt 0.38950651884079 0.24779033660889 0
vt 0.38003560900688 0.27267575263977 0
vt 0.42593312263489 0.28069257736206 0
vt 0.63332188129425 0.00252676010132 0
vt 0.53363442420959 0.00261032581329 0
vt 0.32272440195084 0.68654245138168 0
vt 0.29601156711578 0.67919367551804 0
vt 0.29382598400116 0.6847887635231 0
vt 0.33000972867012 0.66341066360474 0
vt 0.3109464943409 0.61714708805084 0
vt 0.30657529830933 0.64779460430145 0
vt 0.35368701815605 0.67852562665939 0
vt 0.43406838178635 0.10240256786346 0
vt 0.43418979644775 0.23868799209595 0
vt 0.42229044437408 0.67242956161499 0
vt 0.55403333902359 0.33146560192108 0
vt 0.57042527198792 0.3561840057373 0
vt 0.3092465698719 0.55735522508621 0
vt 0.30815377831459 0.5271252989769 0
vt 0.30438968539238 0.5290459394455 0
vt 0.35247281193733 0.51017308235168 0
vt 0.86912339925766 0.10515832901001 0
vt 0.88126564025879 0.12010633945465 0
vt 0.91659939289093 0.12052392959595 0
vt 0.39569902420044 0.55409842729568 0
vt 0.9338413476944 0.00261032581329 0
vt 0.9516903758049 0.02632665634155 0
vt 0.95569729804993 0.00770425796509 0
vt 0.37505730986595 0.28879284858704 0
vt 0.40504851937294 0.55518400669098 0
vt 0.9365126490593 0.06757962703705 0
vt 0.87252324819565 0.00386297702789 0
vt 0.93129146099091 0.00286078453064 0
vt 0.39958453178406 0.0396044254303 0
vt 0.40626275539398 0.05463588237762 0
vt 0.42083337903023 0.06206810474396 0
vt 0.40128445625305 0.01405096054077 0
vt 0.86293089389801 0.11492884159088 0
vt 0.59228128194809 0.35852217674255 0
vt 0.84034639596939 0.06006395816803 0
vt 0.51117134094238 0.31017100811005 0
vt 0.8386464715004 0.09162998199463 0
vt 0.65614920854568 0.2914651632309 0
vt 0.70617508888245 0.27609968185425 0
vt 0.8386464715004 0.11342573165894 0
vt 0.61049455404282 0.35551595687866 0
vt 0.32029595971107 0.43184244632721 0
vt 0.32029595971107 0.42524528503418 0
vt 0.31726041436195 0.42524528503418 0
vt 0.31738185882568 0.43184244632721 0
vt 0.00581299420446 0.1388121843338 0
vt 0.00593441585079 0.13513779640198 0
vt 0.00289886607789 0.13505434989929 0
vt 0.0027774439659 0.13864517211914 0
vt 0.0054487278685 0.14265358448029 0
vt 0.00569157209247 0.14657843112946 0
vt 0.0088485442102 0.14641141891479 0
vt 0.00872712209821 0.14273703098297 0
vt 0.74490869045258 0.47568428516388 0
vt 0.74442303180695 0.47150886058807 0
vt 0.74138748645782 0.47192633152008 0
vt 0.74175173044205 0.47585129737854 0
vt 0.50947147607803 0.09480333328247 0
vt 0.51214271783829 0.09505391120911 0
vt 0.51226413249969 0.09246516227722 0
vt 0.50947147607803 0.09246516227722 0
vt 0.49975767731667 0.09004342556 0
vt 0.49611502885818 0.08987641334534 0
vt 0.49599361419678 0.09254860877991 0
vt 0.49975767731667 0.09254860877991 0
vt 0.98010313510895 0.11050283908844 0
vt 0.98058879375458 0.10582637786865 0
vt 0.97743183374405 0.10557591915131 0
vt 0.97682470083237 0.10950076580048 0
vt 0.00629868218675 0.12436521053314 0
vt 0.00605583796278 0.12787258625031 0
vt 0.00860569998622 0.12803959846497 0
vt 0.0088485442102 0.1245322227478 0
vt 0.5026718378067 0.09012687206268 0
vt 0.50510025024414 0.09021043777466 0
vt 0.50522166490555 0.08703708648682 0
vt 0.50303608179092 0.08703708648682 0
vt 0.00617726007476 0.11960530281067 0
vt 0.00654152594507 0.12219405174255 0
vt 0.0088485442102 0.12211048603058 0
vt 0.0088485442102 0.11935472488403 0
vt 0.7365306019783 0.46708285808563 0
vt 0.73640918731689 0.4693375825882 0
vt 0.73871618509293 0.46950459480286 0
vt 0.73871618509293 0.46708285808563 0
vt 0.02779037691653 0.62290918827057 0
vt 0.02791179716587 0.63017439842224 0
vt 0.03082592599094 0.63009089231491 0
vt 0.03070450387895 0.62290918827057 0
vt 0.49125814437866 0.08979284763336 0
vt 0.49113672971725 0.09254860877991 0
vt 0.51930665969849 0.04586756229401 0
vt 0.51930665969849 0.0526317358017 0
vt 0.52222073078156 0.0526317358017 0
vt 0.52234220504761 0.04595100879669 0
vt 0.47668752074242 0.09555494785309 0
vt 0.46612378954887 0.09555494785309 0
vt 0.46612378954887 0.09856116771698 0
vt 0.47668752074242 0.09847772121429 0
vt 0.73604488372803 0.35668504238129 0
vt 0.73604488372803 0.36470186710358 0
vt 0.73895901441574 0.36470186710358 0
vt 0.73895901441574 0.35668504238129 0
vt 0.31434628367424 0.47768843173981 0
vt 0.31446772813797 0.46056926250458 0
vt 0.31155359745026 0.46056926250458 0
vt 0.31143218278885 0.47768843173981 0
vt 0.31434628367424 0.3966019153595 0
vt 0.31434628367424 0.38766658306122 0
vt 0.31143218278885 0.38766658306122 0
vt 0.31143218278885 0.3966019153595 0
vt 0.00605583796278 0.15417766571045 0
vt 0.00593441585079 0.15033626556396 0
vt 0.00302028795704 0.15050327777863 0
vt 0.00314171006903 0.15426123142242 0
vt 0.01212693843991 0.10866570472717 0
vt 0.01261262595654 0.10423982143402 0
vt 0.00933423172683 0.10407280921936 0
vt 0.00921280961484 0.10849869251251 0
vt 0.02208354137838 0.61238712072372 0
vt 0.02196211926639 0.62290918827057 0
vt 0.02487624809146 0.62290918827057 0
vt 0.02499767020345 0.61238712072372 0
vt 0.74405872821808 0.46892011165619 0
vt 0.74114459753036 0.4693375825882 0
vt 0.5000005364418 0.08695352077484 0
vt 0.49623644351959 0.08687007427216 0
vt 0.01127698365599 0.12795615196228 0
vt 0.01406969036907 0.12770557403564 0
vt 0.50716441869736 0.09021043777466 0
vt 0.50704300403595 0.08695352077484 0
vt 0.73349505662918 0.46699941158295 0
vt 0.73349505662918 0.46900355815887 0
vt 0.01273404806852 0.10165107250214 0
vt 0.01564817689359 0.10449028015137 0
vt 0.01552675385028 0.10156750679016 0
vt 0.02244780771434 0.58015298843384 0
vt 0.02269065193832 0.55819034576416 0
vt 0.01989794522524 0.55810683965683 0
vt 0.01965510286391 0.58006948232651 0
vt 0.31434628367424 0.35752010345459 0
vt 0.31434628367424 0.36862671375275 0
vt 0.31726041436195 0.36862671375275 0
vt 0.31726041436195 0.35752010345459 0
vt 0.51967090368271 0.09530436992645 0
vt 0.51554256677628 0.09513735771179 0
vt 0.51542115211487 0.09831070899963 0
vt 0.5195494890213 0.09831070899963 0
vt 0.24440722167492 0.26357340812683 0
vt 0.24452865123749 0.27626669406891 0
vt 0.24732135236263 0.27626669406891 0
vt 0.24732135236263 0.26348984241486 0
vt 0.51189988851547 0.09822714328766 0
vt 0.74102318286896 0.46708285808563 0
vt 0.74126607179642 0.46148788928986 0
vt 0.74102318286896 0.46474468708038 0
vt 0.74405872821808 0.46491169929504 0
vt 0.74418020248413 0.4617383480072 0
vt 0.50728583335876 0.09480333328247 0
vt 0.50716441869736 0.098060131073 0
vt 0.50910717248917 0.098060131073 0
vt 0.50510025024414 0.09480333328247 0
vt 0.50279325246811 0.09488689899445 0
vt 0.50303608179092 0.09814369678497 0
vt 0.50534307956696 0.09814369678497 0
vt 0.4998791217804 0.09505391120911 0
vt 0.5000005364418 0.09822714328766 0
vt 0.49611502885818 0.09522092342377 0
vt 0.49623644351959 0.09822714328766 0
vt 0.9862956404686 0.09547138214111 0
vt 0.98350292444229 0.09547138214111 0
vt 0.73604488372803 0.45681142807007 0
vt 0.73604488372803 0.45021426677704 0
vt 0.73313075304031 0.45029771327972 0
vt 0.73313075304031 0.45689487457275 0
vt 0.74187314510345 0.35017144680023 0
vt 0.74199455976486 0.35668504238129 0
vt 0.74490869045258 0.35668504238129 0
vt 0.74478727579117 0.35008788108826 0
vt 0.02815464138985 0.55819034576416 0
vt 0.02803321927786 0.58015298843384 0
vt 0.03082592599094 0.58015298843384 0
vt 0.03094734810293 0.55827385187149 0
vt 0.98058879375458 0.0803564786911 0
vt 0.98058879375458 0.07050251960754 0
vt 0.97767466306686 0.07058596611023 0
vt 0.97767466306686 0.0803564786911 0
vt 0.74175173044205 0.43351256847382 0
vt 0.74175173044205 0.42424321174622 0
vt 0.73883759975433 0.42424321174622 0
vt 0.73883759975433 0.43351256847382 0
vt 0.31446772813797 0.41889870166779 0
vt 0.31446772813797 0.42524528503418 0
vt 0.31726041436195 0.41889870166779 0
vt 0.02839748561382 0.53221929073334 0
vt 0.02560478076339 0.53221929073334 0
vt 0.02536193653941 0.55819034576416 0
vt 0.98071020841599 0.09547138214111 0
vt 0.98058879375458 0.08862376213074 0
vt 0.97767466306686 0.08862376213074 0
vt 0.97767466306686 0.09555494785309 0
vt 0.73628777265549 0.46157133579254 0
vt 0.73337364196777 0.4617383480072 0
vt 0.25035691261292 0.25313484668732 0
vt 0.25023546814919 0.26348984241486 0
vt 0.2531495988369 0.26357340812683 0
vt 0.25339245796204 0.25313484668732 0
vt 0.73883759975433 0.46140432357788 0
vt 0.73883759975433 0.46466112136841 0
vt 0.50510025024414 0.09254860877991 0
vt 0.5026718378067 0.09254860877991 0
vt 0.32915976643562 0.46875309944153 0
vt 0.03191872313619 0.6412810087204 0
vt 0.02815464138985 0.6412810087204 0
vt 0.01176267210394 0.1388121843338 0
vt 0.01200551632792 0.14257001876831 0
vt 0.01516248844564 0.14240300655365 0
vt 0.01467679999769 0.13847815990448 0
vt 0.73871618509293 0.47217690944672 0
vt 0.52513486146927 0.03785073757172 0
vt 0.52513486146927 0.04586756229401 0
vt 0.52804899215698 0.04586756229401 0
vt 0.52792757749557 0.03785073757172 0
vt 0.03106877021492 0.65004932880402 0
vt 0.03155445680022 0.64537286758423 0
vt 0.02803321927786 0.64512234926224 0
vt 0.02779037691653 0.64954829216003 0
vt 0.00326313194819 0.11993932723999 0
vt 0.00362739805132 0.1224445104599 0
vt 0.00629868218675 0.1039057970047 0
vt 0.00629868218675 0.10841512680054 0
vt 0.01127698365599 0.13163042068481 0
vt 0.01139840576798 0.13513779640198 0
vt 0.01431253366172 0.13497078418732 0
vt 0.01419111154974 0.13154697418213 0
vt 0.50728583335876 0.09238159656525 0
vt 0.02147643268108 0.63743960857391 0
vt 0.01795519329607 0.63434982299805 0
vt 0.01831945963204 0.63743960857391 0
vt 0.02463340386748 0.63777363300323 0
vt 0.0245119817555 0.64119750261307 0
vt 0.02779037691653 0.61238712072372 0
vt 0.03070450387895 0.61238712072372 0
vt 0.48482277989388 0.08970940113068 0
vt 0.49125814437866 0.08678650856018 0
vt 0.48494419455528 0.08678650856018 0
vt 0.52513486146927 0.05271518230438 0
vt 0.52817046642303 0.0526317358017 0
vt 0.47656607627869 0.08970940113068 0
vt 0.47656607627869 0.08678650856018 0
vt 0.73604488372803 0.37397122383118 0
vt 0.73895901441574 0.37397122383118 0
vt 0.31434628367424 0.34298968315125 0
vt 0.31434628367424 0.32211267948151 0
vt 0.31143218278885 0.32211267948151 0
vt 0.31131073832512 0.34298968315125 0
vt 0.31434628367424 0.40478575229645 0
vt 0.31446772813797 0.4121345281601 0
vt 0.31726041436195 0.4121345281601 0
vt 0.31726041436195 0.40478575229645 0
vt 0.52513486146927 0.02824735641479 0
vt 0.52804899215698 0.02833080291748 0
vt 0.98350292444229 0.1110874414444 0
vt 0.42338326573372 0.55702120065689 0
vt 0.83293968439102 0.23827040195465 0
vt 0.83269679546356 0.10198509693146 0
vt 0.98957401514053 0.10557591915131 0
vt 0.98933118581772 0.10106647014618 0
vt 0.73604488372803 0.47200989723206 0
vt 0.73313075304031 0.47159230709076 0
vt 0.0213550105691 0.64512234926224 0
vt 0.0213550105691 0.64111393690109 0
vt 0.01807661540806 0.64103043079376 0
vt 0.01807661540806 0.64512234926224 0
vt 0.98071020841599 0.10106647014618 0
vt 0.00350597593933 0.1241147518158 0
vt 0.50935000181198 0.09004342556 0
vt 0.01844088174403 0.63009089231491 0
vt 0.01904799230397 0.62282568216324 0
vt 0.73883759975433 0.45672786235809 0
vt 0.73883759975433 0.45021426677704 0
vt 0.24125024676323 0.25313484668732 0
vt 0.24149309098721 0.26357340812683 0
vt 0.24416437745094 0.25313484668732 0
vt 0.00314171006903 0.12770557403564 0
vt 0.01200551632792 0.14632785320282 0
vt 0.32017454504967 0.3966019153595 0
vt 0.32017454504967 0.40478575229645 0
vt 0.32308867573738 0.40478575229645 0
vt 0.32308867573738 0.3966019153595 0
vt 0.01200551632792 0.11300814151764 0
vt 0.00896996632218 0.11284112930298 0
vt 0.0027774439659 0.14674544334412 0
vt 0.31726041436195 0.46065270900726 0
vt 0.31726041436195 0.47768843173981 0
vt 0.32017454504967 0.47768843173981 0
vt 0.32017454504967 0.46065270900726 0
vt 0.48494419455528 0.09547138214111 0
vt 0.48482277989388 0.09254860877991 0
vt 0.47656607627869 0.09263217449188 0
vt 0.73628777265549 0.33864724636078 0
vt 0.73616629838943 0.34440934658051 0
vt 0.73908042907715 0.34440934658051 0
vt 0.73908042907715 0.33864724636078 0
vt 0.52464920282364 0.09221458435059 0
vt 0.51967090368271 0.09238159656525 0
vt 0.52477061748505 0.09547138214111 0
vt 0.98338150978088 0.0803564786911 0
vt 0.98338150978088 0.07050251960754 0
vt 0.0229334961623 0.53221929073334 0
vt 0.02014078944921 0.53213578462601 0
vt 0.31434628367424 0.43184244632721 0
vt 0.31446772813797 0.43919110298157 0
vt 0.31738185882568 0.43919110298157 0
vt 0.73313075304031 0.36470186710358 0
vt 0.73325216770172 0.37405478954315 0
vt 0.73300933837891 0.35668504238129 0
vt 0.98920977115631 0.08862376213074 0
vt 0.98920977115631 0.08027291297913 0
vt 0.9862956404686 0.08027291297913 0
vt 0.9862956404686 0.08862376213074 0
vt 0.02524051442742 0.58015298843384 0
vt 0.74490869045258 0.49255287647247 0
vt 0.74503010511398 0.48228132724762 0
vt 0.74187314510345 0.48236489295959 0
vt 0.74175173044205 0.49246942996979 0
vt 0.25302818417549 0.27626669406891 0
vt 0.25011405348778 0.27626669406891 0
vt 0.52416348457336 0.08912479877472 0
vt 0.51942807435989 0.08929181098938 0
vt 0.50898575782776 0.08687007427216 0
vt 0.73640918731689 0.46466112136841 0
vt 0.74150890111923 0.45681142807007 0
vt 0.74187314510345 0.33864724636078 0
vt 0.74199455976486 0.33196663856506 0
vt 0.73908042907715 0.33196663856506 0
vt 0.46612378954887 0.09263217449188 0
vt 0.32005313038826 0.32211267948151 0
vt 0.31993171572685 0.29079711437225 0
vt 0.31713899970055 0.29079711437225 0
vt 0.31713899970055 0.32211267948151 0
vt 0.31155359745026 0.4121345281601 0
vt 0.31155359745026 0.41889870166779 0
vt 0.32017454504967 0.38766658306122 0
vt 0.31726041436195 0.38766658306122 0
vt 0.31726041436195 0.3966019153595 0
vt 0.73871618509293 0.49230241775513 0
vt 0.73871618509293 0.48236489295959 0
vt 0.7355592250824 0.48236489295959 0
vt 0.7356806397438 0.49238586425781 0
vt 0.45313164591789 0.09563839435577 0
vt 0.45313164591789 0.09856116771698 0
vt 0.74187314510345 0.38415920734406 0
vt 0.74187314510345 0.37405478954315 0
vt 0.32005313038826 0.36862671375275 0
vt 0.32005313038826 0.37831366062164 0
vt 0.32296726107597 0.37831366062164 0
vt 0.32296726107597 0.36862671375275 0
vt 0.73616629838943 0.35008788108826 0
vt 0.73313075304031 0.35008788108826 0
vt 0.73908042907715 0.35017144680023 0
vt 0.32029595971107 0.43919110298157 0
vt 0.32321009039879 0.43919110298157 0
vt 0.32321009039879 0.43184244632721 0
vt 0.7356806397438 0.47585129737854 0
vt 0.73264509439468 0.47568428516388 0
vt 0.74211597442627 0.32227969169617 0
vt 0.73908042907715 0.32227969169617 0
vt 0.74211597442627 0.30724823474884 0
vt 0.73908042907715 0.30724823474884 0
vt 0.74199455976486 0.28470098972321 0
vt 0.7392019033432 0.28478443622589 0
vt 0.74503010511398 0.30724823474884 0
vt 0.74490869045258 0.28461742401123 0
vt 0.74163031578064 0.45029771327972 0
vt 0.74442303180695 0.45689487457275 0
vt 0.74454444646835 0.45029771327972 0
vt 0.31726041436195 0.34298968315125 0
vt 0.32017454504967 0.34298968315125 0
vt 0.32017454504967 0.35752010345459 0
vt 0.32308867573738 0.35752010345459 0
vt 0.32308867573738 0.34298968315125 0
vt 0.74503010511398 0.32227969169617 0
vt 0.74187314510345 0.34440934658051 0
vt 0.74478727579117 0.34440934658051 0
vt 0.45313164591789 0.09271562099457 0
vt 0.32308867573738 0.46065270900726 0
vt 0.32308867573738 0.44837701320648 0
vt 0.32017454504967 0.44837701320648 0
vt 0.00411308603361 0.09847772121429 0
vt 0.00374881993048 0.10081589221954 0
vt 0.00654152594507 0.10114991664886 0
vt 0.00690579181537 0.09881174564362 0
vt 0.25023546814919 0.28870940208435 0
vt 0.25302818417549 0.28870940208435 0
vt 0.52222073078156 0.05939590930939 0
vt 0.52513486146927 0.05947935581207 0
vt 0.74466586112976 0.43359613418579 0
vt 0.74466586112976 0.42424321174622 0
vt 0.9720892906189 0.00252676010132 0
vt 0.96917515993118 0.00252676010132 0
vt 0.96917515993118 0.00544953346252 0
vt 0.9720892906189 0.00544953346252 0
vt 0.74187314510345 0.39451432228088 0
vt 0.74466586112976 0.39451432228088 0
vt 0.74478727579117 0.38415920734406 0
vt 0.9862956404686 0.07050251960754 0
vt 0.9862956404686 0.05931234359741 0
vt 0.98338150978088 0.05931234359741 0
vt 0.00605583796278 0.11267411708832 0
vt 0.00338455406018 0.10833168029785 0
vt 0.00314171006903 0.11259055137634 0
vt 0.01929083652794 0.61230361461639 0
vt 0.00593441585079 0.13163042068481 0
vt 0.00872712209821 0.13522136211395 0
vt 0.00872712209821 0.13163042068481 0
vt 0.51202130317688 0.08979284763336 0
vt 0.00581299420446 0.11668252944946 0
vt 0.0088485442102 0.11659896373749 0
vt 0.0245119817555 0.64512234926224 0
vt 0.74393731355667 0.46699941158295 0
vt 0.73349505662918 0.46491169929504 0
vt 0.00872712209821 0.13897919654846 0
vt 0.25011405348778 0.24536859989166 0
vt 0.24732135236263 0.24545216560364 0
vt 0.24732135236263 0.25313484668732 0
vt 0.73325216770172 0.38415920734406 0
vt 0.73325216770172 0.39451432228088 0
vt 0.31446772813797 0.44837701320648 0
vt 0.31155359745026 0.44837701320648 0
vt 0.74199455976486 0.36470186710358 0
vt 0.74490869045258 0.36470186710358 0
vt 0.98617422580719 0.00261032581329 0
vt 0.9862956404686 0.01822638511658 0
vt 0.98920977115631 0.01822638511658 0
vt 0.9890883564949 0.00261032581329 0
vt 0.00302028795704 0.11676597595215 0
vt 0.31143218278885 0.43184244632721 0
vt 0.31155359745026 0.43919110298157 0
vt 0.74175173044205 0.41463971138 0
vt 0.73895901441574 0.41463971138 0
vt 0.73592346906662 0.43351256847382 0
vt 0.73592346906662 0.44236445426941 0
vt 0.73883759975433 0.44236445426941 0
vt 0.98046737909317 0.03300726413727 0
vt 0.98034596443176 0.01822638511658 0
vt 0.97743183374405 0.01822638511658 0
vt 0.97755324840546 0.03300726413727 0
vt 0.32321009039879 0.42524528503418 0
vt 0.49125814437866 0.09538793563843 0
vt 0.48494419455528 0.09839415550232 0
vt 0.49125814437866 0.09831070899963 0
vt 0.00302028795704 0.13154697418213 0
vt 0.32296726107597 0.32211267948151 0
vt 0.515056848526 0.0862854719162 0
vt 0.51165705919266 0.08653604984283 0
vt 0.51542115211487 0.08954238891602 0
vt 0.73616629838943 0.30724823474884 0
vt 0.73628777265549 0.28461742401123 0
vt 0.73337364196777 0.28461742401123 0
vt 0.73325216770172 0.30724823474884 0
vt 0.31726041436195 0.44837701320648 0
vt 0.51554256677628 0.09246516227722 0
vt 0.73616629838943 0.32227969169617 0
vt 0.02803321927786 0.59827423095703 0
vt 0.03082592599094 0.59827423095703 0
vt 0.73871618509293 0.4760183095932 0
vt 0.98350292444229 0.08862376213074 0
vt 0.9862956404686 0.04678618907928 0
vt 0.98338150978088 0.04678618907928 0
vt 0.74163031578064 0.44236445426941 0
vt 0.98058879375458 0.05931234359741 0
vt 0.98046737909317 0.04678618907928 0
vt 0.97767466306686 0.04678618907928 0
vt 0.97767466306686 0.05931234359741 0
vt 0.98338150978088 0.03300726413727 0
vt 0.83160400390625 0.00544953346252 0
vt 0.83160400390625 0.00252676010132 0
vt 0.82868987321854 0.00252676010132 0
vt 0.82868987321854 0.00544953346252 0
vt 0.24440722167492 0.23793637752533 0
vt 0.24440722167492 0.24536859989166 0
vt 0.24719992280006 0.23793637752533 0
vt 0.00981992017478 0.09914577007294 0
vt 0.00994134228677 0.09672403335571 0
vt 0.00714863603935 0.09647345542908 0
vt 0.73604488372803 0.41463971138 0
vt 0.73604488372803 0.40470230579376 0
vt 0.73313075304031 0.40470230579376 0
vt 0.73313075304031 0.41463971138 0
vt 0.31726041436195 0.50157177448273 0
vt 0.31434628367424 0.5014882683754 0
vt 0.01139840576798 0.11960530281067 0
vt 0.01176267210394 0.11684954166412 0
vt 0.00896996632218 0.15025281906128 0
vt 0.32017454504967 0.50165528059006 0
vt 0.74454444646835 0.44236445426941 0
vt 0.74187314510345 0.40470230579376 0
vt 0.73895901441574 0.40470230579376 0
vt 0.9862956404686 0.03300726413727 0
vt 0.31155359745026 0.40478575229645 0
vt 0.73313075304031 0.43351256847382 0
vt 0.73313075304031 0.44236445426941 0
vt 0.32017454504967 0.4121345281601 0
vt 0.9890883564949 0.03300726413727 0
vt 0.32017454504967 0.41889870166779 0
vt 0.52222073078156 0.03785073757172 0
vt 0.00338455406018 0.10373866558075 0
vt 0.00253459997475 0.14265358448029 0
vt 0.24173593521118 0.27635014057159 0
vt 0.32308867573738 0.38766658306122 0
vt 0.98326009511948 0.00269377231598 0
vt 0.98338150978088 0.01822638511658 0
vt 0.51930665969849 0.08603501319885 0
vt 0.73616629838943 0.33196663856506 0
vt 0.73313075304031 0.32227969169617 0
vt 0.73325216770172 0.33196663856506 0
vt 0.98034596443176 0.00269377231598 0
vt 0.97743183374405 0.00261032581329 0
vt 0.32308867573738 0.41881513595581 0
vt 0.74478727579117 0.37405478954315 0
vt 0.9890883564949 0.05931234359741 0
vt 0.9890883564949 0.04678618907928 0
vt 0.32296726107597 0.4121345281601 0
vt 0.31131073832512 0.50157177448273 0
vt 0.31726041436195 0.37831366062164 0
vt 0.73604488372803 0.42424321174622 0
vt 0.73313075304031 0.42424321174622 0
vt 0.46612378954887 0.08970940113068 0
vt 0.45301023125648 0.08970940113068 0
vt 0.01200551632792 0.1501692533493 0
vt 0.31155359745026 0.42524528503418 0
vt 0.01504106633365 0.1501692533493 0
vt 0.01516248844564 0.14641141891479 0
vt 0.31422486901283 0.29071354866028 0
vt 0.01273404806852 0.09922933578491 0
vt 0.0095770759508 0.10156750679016 0
vt 0.52222073078156 0.02824735641479 0
vt 0.73240226507187 0.48228132724762 0
vt 0.73252367973328 0.49255287647247 0
vt 0.00642010383308 0.16219449043274 0
vt 0.00350597593933 0.1623615026474 0
vt 0.99018114805222 0.10950076580048 0
vt 0.98690277338028 0.11033582687378 0
vt 0.97767466306686 0.10106647014618 0
vt 0.01467679999769 0.11718356609344 0
vt 0.01491964422166 0.11309158802032 0
vt 0.98920977115631 0.09547138214111 0
vt 0.32308867573738 0.47768843173981 0
vt 0.31434628367424 0.37831366062164 0
vt 0.31143218278885 0.36862671375275 0
vt 0.31143218278885 0.37831366062164 0
vt 0.99710220098495 0.00252676010132 0
vt 0.99418807029724 0.00252676010132 0
vt 0.99418807029724 0.00544953346252 0
vt 0.99710220098495 0.00544953346252 0
vt 0.25011405348778 0.23793637752533 0
vt 0.51942807435989 0.02824735641479 0
vt 0.51942807435989 0.01881086826324 0
vt 0.51651394367218 0.01881086826324 0
vt 0.51651394367218 0.02824735641479 0
vt 0.31143218278885 0.35752010345459 0
vt 0.9890883564949 0.07050251960754 0
vt 0.02511909231544 0.59827423095703 0
vt 0.02220496349037 0.59827423095703 0
vt 0.24173593521118 0.28870940208435 0
vt 0.24452865123749 0.28870940208435 0
vt 0.03106877021492 0.53221929073334 0
vt 0.74466586112976 0.40470230579376 0
vt 0.73337364196777 0.34432578086853 0
vt 0.01406969036907 0.12018978595734 0
vt 0.00933423172683 0.16211092472076 0
vt 0.00909138843417 0.15401065349579 0
vt 0.01929083652794 0.59827423095703 0
vt 0.01273404806852 0.09689104557037 0
vt 0.01273404806852 0.17923009395599 0
vt 0.01249120384455 0.17071235179901 0
vt 0.0095770759508 0.17071235179901 0
vt 0.00981992017478 0.17931365966797 0
vt 0.4288472533226 0.56846183538437 0
vt 0.52853471040726 0.56846183538437 0
vt 0.00666294805706 0.1707957983017 0
vt 0.00690579181537 0.17939710617065 0
vt 0.01552675385028 0.09922933578491 0
vt 0.46612378954887 0.08678650856018 0
vt 0.51942807435989 0.03785073757172 0
vt 0.24149309098721 0.24536859989166 0
vt 0.74466586112976 0.41463971138 0
vt 0.00374881993048 0.17087936401367 0
vt 0.45313164591789 0.08678650856018 0
vt 0.01504106633365 0.10891628265381 0
vt 0.74478727579117 0.33873081207275 0
vt 0.0245119817555 0.64971530437469 0
vt 0.02123358845711 0.64996582269669 0
vt 0.52428495883942 0.09864473342896 0
vt 0.32284584641457 0.29071354866028 0
vt 0.01212693843991 0.1539272069931 0
vt 0.01528390962631 0.1539272069931 0
vt 0.01224835962057 0.16211092472076 0
vt 0.01516248844564 0.16202747821808 0
vt 0.01540533173829 0.17062878608704 0
vt 0.01552675385028 0.17914664745331 0
vt 0.00399166392162 0.17948067188263 0
vt 0.51651394367218 0.03776729106903 0
vt 0.31143218278885 0.29071354866028 0
vt 0.74490869045258 0.33205008506775 0
vt 0.25302818417549 0.24528515338898 0
vt 0.51627105474472 0.04586756229401 0
vt 0.32308867573738 0.50157177448273 0
vt 0.51930665969849 0.05939590930939 0
vt 0.39618471264839 0.01062703132629 0
vt 0.39327058196068 0.01062703132629 0
vt 0.39327058196068 0.01354992389679 0
vt 0.39618471264839 0.01354992389679 0
vt 0.01552675385028 0.09697461128235 0
vt 0.24161452054977 0.23785293102264 0
vt 0.01795519329607 0.64971530437469 0
vt 0.51639252901077 0.0526317358017 0
vt 0.51639252901077 0.05939590930939 0
vt 0.52817046642303 0.05947935581207 0
vt 0.52513486146927 0.01881086826324 0
vt 0.52234220504761 0.01881086826324 0
vt 0.25290676951408 0.23785293102264 0
vt 0.73337364196777 0.33864724636078 0
vt 0.52367782592773 0.01354992389679 0
vt 0.52367782592773 0.01062703132629 0
vt 0.52076369524002 0.01062703132629 0
vt 0.52076369524002 0.01354992389679 0
vt 0.52416348457336 0.08578443527222 0
vt 0.00435592979193 0.09613943099976 0
vt 0.38817086815834 0.01062703132629 0
vt 0.38537815213203 0.01062703132629 0
vt 0.38537815213203 0.01354992389679 0
vt 0.38817086815834 0.01354992389679 0
vt 0.52804899215698 0.01881086826324 0
vt 0.96116131544113 0.00252676010132 0
vt 0.96116131544113 0.00544953346252 0
vt 0.96407544612885 0.00544953346252 0
vt 0.96407544612885 0.00252676010132 0
vt 0.24732135236263 0.28870940208435 0
# 755 texture coordinates

o model-06
usemtl mat--0001
f 2614/3832/1185 2599/3831/1185 2598/3830/1185 2612/3829/1185
f 2624/3836/3442 2626/3835/3441 2625/3834/3440 2581/3833/3439
f 2594/3840/3446 2595/3839/3445 2593/3838/3444 2651/3837/3443
f 2582/3843/1680 2584/3842/1681 2583/3841/1681
f 2763/3847/3450 2727/3846/3449 2752/3845/3448 2753/3844/3447
f 2636/3850/1681 2585/3849/1680 2635/3848/1681
f 2591/3854/3453 2592/3853/3453 2590/3852/3452 2588/3851/3451
f 2658/3856/3451 2588/3851/3451 2657/3855/3451
f 2654/3860/3457 2656/3859/3456 2655/3858/3455 2596/3857/3454
f 2642/3864/3461 2644/3863/3460 2643/3862/3459 2641/3861/3458
f 2580/3868/3462 2620/3867/3462 2618/3866/1185 2617/3865/1185
f 2622/3872/3466 2598/3871/3465 2632/3870/3464 2631/3869/3463
f 2638/3876/3470 2640/3875/3469 2639/3874/3468 2637/3873/3467
f 2588/3879/3445 2656/3878/3472 2591/3877/3471
f 2596/3881/3444 2655/3880/3444 2595/3839/3445 2594/3840/3446
f 2948/3885/3476 2952/3884/3475 2946/3883/3474 2944/3882/3473
f 2650/3887/1185 2582/3843/1185 2648/3886/1185
f 2603/3891/1184 2629/3890/1184 2604/3889/1184 2602/3888/1184
f 3066/3895/3480 3065/3894/3479 3000/3893/3478 2999/3892/3477
f 2621/3896/1185 2612/3829/1185 2598/3830/1185
f 2609/3900/2199 2645/3899/2199 2641/3898/2199 2643/3897/2199
f 2828/3904/3484 2829/3903/3483 2797/3902/3482 2799/3901/3481
f 2627/3907/1184 2626/3906/1184 2616/3905/1184
f 2583/3911/3488 2649/3910/3487 2648/3909/3486 2582/3908/3485
f 2609/3900/2199 2643/3897/2199 2610/3913/2199 2647/3912/2199
f 2628/3917/3492 2604/3916/3491 2629/3915/3490 2603/3914/3489
f 2605/3920/1184 2606/3919/1184 2638/3918/1184
f 2601/3922/1184 2603/3891/1184 2602/3888/1184 2600/3921/1184
f 2613/3924/3494 2631/3869/3463 2632/3870/3464 2634/3923/3493
f 2747/3928/3498 2748/3927/3497 2728/3926/3496 2729/3925/3495
f 2624/3836/3442 2603/3914/3489 2601/3929/3499 2626/3835/3441
f 2610/3913/1185 2650/3887/1185 2597/3930/1185 2647/3912/1185
f 2654/3860/3457 2596/3857/3454 2652/3932/3501 2653/3931/3500
f 2588/3851/3451 2590/3852/3452 2589/3933/3451 2657/3855/3451
f 2630/3936/2194 2611/3935/2194 2602/3934/2194
f 2584/3842/1681 2585/3849/1680 2636/3850/1681 2583/3841/1681
f 2606/3919/1184 2642/3938/1184 2640/3937/1184 2638/3918/1184
f 2655/3880/3444 2656/3878/3472 2588/3879/3445 2595/3839/3445
f 2615/3941/2194 2634/3940/2194 2633/3939/2194
f 2584/3842/339 2610/3913/339 2607/3943/339 2585/3942/339
f 2617/3946/3504 2618/3945/3503 2579/3944/3502
f 2580/3868/3462 2612/3829/1185 2621/3896/1185 2620/3867/3462
f 2620/3949/3507 2621/3948/3506 2619/3947/3505
f 2654/3860/3457 2653/3931/3500 2589/3933/3509 2590/3852/3508
f 2621/3948/3506 2598/3871/3465 2622/3872/3466
f 2579/3944/3502 2619/3947/3505 2623/3950/3510
f 2624/3836/3442 2619/3947/3505 2621/3948/3506 2622/3872/3466
f 2643/3897/2199 2644/3952/2199 2607/3951/2199 2610/3913/2199
f 2625/3834/3440 2626/3835/3441 2627/3953/3511
f 2653/3931/3500 2658/3856/3513 2657/3855/3512 2589/3933/3509
f 2618/3945/3503 2620/3949/3507 2619/3947/3505 2579/3944/3502
f 2624/3836/3442 2631/3869/3463 2628/3917/3492 2603/3914/3489
f 2635/3848/1184 2585/3849/1184 2642/3938/1184 2606/3919/1184
f 2624/3836/3442 2622/3872/3466 2631/3869/3463
f 2623/3955/1681 2580/3868/1681 2617/3865/1681 2579/3954/1681
f 2598/3871/3465 2599/3956/3514 2632/3870/3464
f 2640/3875/3469 2642/3864/3461 2641/3861/3458 2639/3874/3468
f 2599/3956/3514 2614/3958/3516 2615/3957/3515
f 2633/3959/3517 2634/3923/3493 2632/3870/3464
f 2645/3962/3520 2609/3961/3519 2646/3960/3518 2639/3874/3468
f 2613/3924/3494 2611/3963/3521 2631/3869/3463
f 2635/3966/3524 2606/3965/3523 2636/3964/3522
f 2613/3967/2199 2634/3940/2194 2615/3941/2194 2614/3832/2199
f 2628/3917/3492 2631/3869/3463 2611/3963/3521 2630/3968/3525
f 2605/3969/3526 2638/3876/3470 2637/3873/3467
f 2649/3910/3487 2583/3911/3488 2587/3970/3527 2637/3873/3467
f 2637/3873/3467 2587/3970/3527 2586/3971/3528 2605/3969/3526
f 2652/3932/3501 2594/3974/3531 2651/3973/3530 2593/3972/3529
f 2641/3861/3458 2645/3962/3520 2639/3874/3468
f 2595/3975/3533 2588/3851/3532 2658/3856/3513 2653/3931/3500
f 2609/3961/3519 2608/3976/3534 2646/3960/3518
f 2615/3957/3515 2633/3959/3517 2632/3870/3464 2599/3956/3514
f 2581/3977/1680 2616/3905/1680 2580/3868/1681 2623/3955/1681
f 2648/3909/3486 2649/3910/3487 2650/3978/3535
f 2626/3906/1184 2601/3922/1184 2600/3921/1184 2616/3905/1184
f 2606/3965/3523 2605/3969/3526 2586/3971/3528 2636/3964/3522
f 2654/3860/3457 2590/3852/3508 2592/3853/3536 2656/3859/3456
f 2609/3900/2199 2647/3912/2199 2608/3979/2199
f 2649/3910/3487 2646/3960/3518 2597/3980/3537 2650/3978/3535
f 2624/3836/3442 2581/3833/3439 2623/3950/3510 2619/3947/3505
f 2586/3982/1680 2587/3981/1680 2583/3841/1681 2636/3850/1681
f 2613/3967/2199 2614/3832/2199 2612/3829/2194 2611/3935/2194
f 2656/3859/3456 2592/3853/3536 2591/3854/3538
f 2594/3974/3531 2652/3932/3501 2596/3857/3454
f 2647/3983/3539 2597/3980/3537 2646/3960/3518 2608/3976/3534
f 2625/3984/1680 2627/3907/1680 2616/3905/1680 2581/3977/1680
f 2649/3910/3487 2637/3873/3467 2639/3874/3468 2646/3960/3518
f 2912/3988/3543 2911/3987/3542 2921/3986/3541 2920/3985/3540
f 3062/3992/3547 3063/3991/3546 3051/3990/3545 3052/3989/3544
f 3023/3996/3551 3022/3995/3550 3054/3994/3549 3053/3993/3548
f 2767/4000/3555 2769/3999/3554 2768/3998/3553 2766/3997/3552
f 2699/4004/3559 2700/4003/3558 2668/4002/3557 2669/4001/3556
f 2695/4008/3563 2694/4007/3562 2710/4006/3561 2709/4005/3560
f 2584/3842/1185 2582/3843/1185 2650/3887/1185 2610/3913/1185
f 2950/4012/3567 2943/4011/3566 2949/4010/3565 3115/4009/3564
f 3028/4016/3571 3027/4015/3570 3049/4014/3569 3048/4013/3568
f 2674/4019/3574 2707/4018/3573 2708/4017/3572
f 3030/4024/3579 3029/4023/3578 3047/4022/3577 3046/4021/3576
f 2839/4028/3583 2840/4027/3582 2779/4026/3581 2780/4025/3580
f 2732/4032/3587 2730/4031/3586 2754/4030/3585 2755/4029/3584
f 2694/4007/3562 2693/4034/3589 2711/4033/3588 2710/4006/3561
f 3079/4038/3593 3071/4037/3592 3070/4036/3591 3072/4035/3590
f 2684/4042/3597 2686/4041/3596 2685/4040/3595 2683/4039/3594
f 2825/4046/3601 2826/4045/3600 2803/4044/3599 2805/4043/3598
f 2872/4050/3605 2874/4049/3604 2879/4048/3603 2878/4047/3602
f 2936/4054/3609 2890/4053/3608 2889/4052/3607 2888/4051/3606
f 3012/4058/3613 3010/4057/3612 3055/4056/3611 3056/4055/3610
f 3033/4062/3617 3034/4061/3616 2992/4060/3615 2994/4059/3614
f 2745/4066/3621 2746/4065/3620 2731/4064/3619 2733/4063/3618
f 2769/3999/3554 2841/4068/3623 2842/4067/3622 2768/3998/3553
f 2678/4070/3625 2676/4069/3624 2709/4005/3560 2710/4006/3561
f 2676/4069/3624 2674/4020/3575 2708/4017/3572 2709/4005/3560
f 3065/3894/3479 3064/4072/3627 3001/4071/3626 3000/3893/3478
f 2674/4019/3574 2716/4074/3629 2706/4073/3628 2707/4018/3573
f 2842/4075/3630 2780/4025/3580 2779/4026/3581
f 3040/4079/3634 2993/4078/3633 2992/4060/3615 2991/4077/3632
f 2762/4083/3638 2761/4082/3637 2738/4081/3636 2737/4080/3635
f 2903/4087/3642 2904/4086/3641 2893/4085/3640 2894/4084/3639
f 2660/4091/3646 2667/4090/3645 2666/4089/3644 2664/4088/3643
f 3104/4095/3650 3105/4094/3649 3093/4093/3648 3101/4092/3647
f 2667/4090/3645 2703/4096/3651 2668/4002/3557 2666/4089/3644
f 2841/4068/3623 2843/4097/3652 2842/4067/3622
f 2784/4101/3656 2782/4100/3655 2844/4099/3654 2845/4098/3653
f 2670/4104/3659 2716/4103/3658 2671/4102/3657 2669/4001/3556
f 2674/4107/3662 2673/4106/3661 2672/4105/3660
f 2674/4107/3662 2676/4110/3665 2675/4109/3664 2673/4106/3661
f 2676/4110/3665 2678/4112/3667 2677/4111/3666 2675/4109/3664
f 2952/3884/3475 2953/4114/3669 2947/4113/3668 2946/3883/3474
f 2786/4118/3673 2788/4117/3672 2787/4116/3671 2785/4115/3670
f 2808/4122/3677 2806/4121/3676 2857/4120/3675 2858/4119/3674
f 2761/4126/3680 2762/4125/3638 2758/4124/3679 2759/4123/3678
f 2959/4130/3684 2987/4129/3683 2960/4128/3682 2958/4127/3681
f 2833/4134/3688 2832/4133/3687 2850/4132/3686 2849/4131/3685
f 2910/4137/3691 2911/3987/3542 2883/4136/3690 2884/4135/3689
f 2742/4140/3694 2741/4139/3693 2760/4138/3692 2759/4123/3678
f 2955/4144/3698 2957/4143/3697 2956/4142/3696 2954/4141/3695
f 2784/4146/3700 2786/4118/3673 2785/4115/3670 2783/4145/3699
f 3098/4150/3704 3100/4149/3703 3109/4148/3702 3110/4147/3701
f 2838/4152/3706 2837/4151/3705 2845/4098/3653 2844/4099/3654
f 2696/4154/3708 2697/4153/3707 2672/4105/3660 2673/4106/3661
f 2611/3935/2194 2612/3829/2194 2600/4155/2194 2602/3934/2194
f 2748/3927/3497 2747/3928/3498 2754/4030/3585 2753/3844/3447
f 2751/4157/3710 2752/3845/3448 2727/3846/3449 2725/4156/3709
f 3062/4161/3714 3007/4160/3713 3006/4159/3712 3005/4158/3711
f 2841/4068/3623 2769/3999/3554 2777/4162/3715 2840/4027/3582
f 3086/4166/3719 3087/4165/3718 3080/4164/3717 3081/4163/3716
f 2717/4170/3723 2719/4169/3722 2718/4168/3721 2723/4167/3720
f 3066/4172/3725 3067/4171/3724 3046/4021/3576 3047/4022/3577
f 3034/4061/3616 3033/4062/3617 3043/4174/3727 3042/4173/3726
f 3003/4178/3731 3063/4177/3730 3004/4176/3729 3002/4175/3728
f 2697/4153/3707 2698/4179/3732 2671/4102/3657 2672/4105/3660
f 2727/4182/3449 2763/4181/3734 2728/3926/3496 2726/4180/3733
f 2750/4184/3736 2749/4183/3735 2752/3845/3448 2751/4157/3710
f 2734/4186/3738 2732/4032/3587 2755/4029/3584 2756/4185/3737
f 2682/4189/3741 2680/4188/3740 2711/4033/3588 2712/4187/3739
f 3064/4072/3627 3003/4178/3731 3002/4175/3728 3001/4071/3626
f 3087/4165/3718 3089/4191/3743 3088/4190/3742 3080/4164/3717
f 2684/4193/3745 2682/4189/3741 2712/4187/3739 2713/4192/3744
f 2826/4045/3600 2827/4195/3747 2801/4194/3746 2803/4044/3599
f 2896/4199/3751 2898/4198/3750 2897/4197/3749 2895/4196/3748
f 2908/4203/3755 2909/4202/3754 2885/4201/3753 2886/4200/3752
f 3085/4205/3757 3086/4166/3719 3081/4163/3716 3082/4204/3756
f 3063/4177/3730 3062/4161/3714 3005/4158/3711 3004/4176/3729
f 3115/4009/3564 2949/4010/3565 2948/3885/3476 3116/4206/3758
f 2630/3968/3525 2602/4207/3759 2604/3916/3491 2628/3917/3492
f 2607/4209/1184 2644/4208/1184 2642/3938/1184 2585/3849/1184
f 2944/3882/3473 2946/3883/3474 2945/4211/3761 2943/4210/3760
f 2768/4213/3763 2842/4076/3631 2779/4026/3581 2778/4212/3762
f 2718/4217/3767 2725/4216/3766 2724/4215/3765 2722/4214/3764
f 2949/4010/3565 2951/4218/3768 2952/3884/3475 2948/3885/3476
f 3065/4219/3479 3066/4172/3725 3047/4022/3577 3048/4013/3568
f 2699/4004/3559 2698/4179/3732 2706/4073/3628 2705/4220/3769
f 2763/4181/3734 2730/4221/3770 2729/3925/3495 2728/3926/3496
f 2730/4221/3770 2732/4222/3771 2731/4064/3619 2729/3925/3495
f 2835/4224/3773 2836/4223/3772 2785/4115/3670 2787/4116/3671
f 3099/4227/3775 3101/4092/3647 3100/4226/3703 3098/4225/3774
f 3064/4228/3776 3065/4219/3479 3048/4013/3568 3049/4014/3569
f 3022/3995/3550 3023/3996/3551 3006/4159/3712 3008/4229/3777
f 2936/4233/3781 2887/4232/3780 2924/4231/3779 2925/4230/3778
f 3032/4235/3783 3033/4062/3617 2994/4059/3614 2996/4234/3782
f 3010/4057/3612 3061/4236/3784 3054/3994/3549 3055/4056/3611
f 2916/4240/3788 2873/4239/3787 2876/4238/3786 2915/4237/3785
f 2691/4243/3791 2692/4242/3790 2681/4241/3789 2683/4039/3594
f 2822/4247/3795 2823/4246/3794 2809/4245/3793 2811/4244/3792
f 2746/4065/3620 2747/3928/3498 2729/3925/3495 2731/4064/3619
f 2748/3927/3497 2749/4183/3735 2726/4180/3733 2728/3926/3496
f 2730/4031/3586 2763/3847/3450 2753/3844/3447 2754/4030/3585
f 2663/4250/3798 2664/4088/3643 2662/4249/3797 3112/4248/3796
f 2971/4252/3800 2972/4251/3799 2958/4127/3681 2960/4128/3682
f 2761/4082/3637 2740/4254/3802 2739/4253/3801 2738/4081/3636
f 2680/4188/3740 2678/4070/3625 2710/4006/3561 2711/4033/3588
f 2912/3988/3543 2913/4257/3805 2881/4256/3804 2882/4255/3803
f 2802/4259/3807 2804/4258/3806 2803/4044/3599 2801/4194/3746
f 2804/4258/3806 2806/4260/3808 2805/4043/3598 2803/4044/3599
f 2974/4264/3812 2975/4263/3811 2959/4262/3810 2957/4261/3809
f 2743/4265/3813 2742/4140/3694 2759/4123/3678 2758/4124/3679
f 2746/4065/3620 2745/4066/3621 2756/4185/3737 2755/4029/3584
f 2764/4269/3817 2765/4268/3816 2774/4267/3815 2773/4266/3814
f 3107/4271/3819 3109/4148/3702 3100/4149/3703 3092/4270/3818
f 3112/4248/3796 2662/4249/3797 2661/4273/3821 2659/4272/3820
f 2716/4074/3629 2670/4274/3822 2705/4220/3769 2706/4073/3628
f 2838/4152/3706 2839/4028/3583 2780/4025/3580 2781/4275/3823
f 2696/4154/3708 2695/4008/3563 2709/4005/3560 2708/4017/3572
f 2837/4151/3705 2836/4223/3772 2846/4276/3824 2845/4098/3653
f 2822/4247/3795 2821/4279/3827 2861/4278/3826 2860/4277/3825
f 2690/4280/3828 2691/4243/3791 2683/4039/3594 2685/4040/3595
f 2901/4284/3832 2900/4283/3831 2932/4282/3830 2931/4281/3829
f 2938/4286/3834 2937/4285/3833 2885/4201/3753 2884/4135/3689
f 2907/4289/3837 2906/4288/3836 2926/4287/3835 2925/4230/3778
f 3080/4164/3717 3088/4190/3742 3071/4037/3592 3079/4038/3593
f 3114/4293/3841 2772/4292/3840 2771/4291/3839 2770/4290/3838
f 2686/4041/3596 2688/4295/3843 2687/4294/3842 2685/4040/3595
f 2828/3904/3484 2827/4195/3747 2855/4297/3845 2854/4296/3844
f 2935/4301/3849 2892/4300/3848 2927/4299/3847 2928/4298/3846
f 2806/4260/3808 2808/4303/3851 2807/4302/3850 2805/4043/3598
f 2825/4046/3601 2824/4304/3852 2858/4119/3674 2857/4120/3675
f 3105/4094/3649 3104/4095/3650 3109/4148/3702 3107/4271/3819
f 2940/4307/3855 2941/4306/3854 2919/4305/3853 2920/3985/3540
f 2766/4309/3552 2768/4213/3763 2778/4212/3762 2775/4308/3856
f 2821/4279/3827 2820/4311/3858 2862/4310/3857 2861/4278/3826
f 2820/4311/3858 2819/4313/3860 2863/4312/3859 2862/4310/3857
f 2819/4313/3860 2818/4315/3862 2864/4314/3861 2863/4312/3859
f 2765/4268/3816 2767/4000/3555 2766/3997/3552 2774/4267/3815
f 2865/4317/3864 2866/4316/3863 2863/4312/3859 2864/4314/3861
f 2788/4320/3866 2786/4319/3673 2846/4276/3824 2847/4318/3865
f 2902/4321/3867 2903/4087/3642 2894/4084/3639 2895/4196/3748
f 2896/4325/3871 2934/4324/3870 2929/4323/3869 2930/4322/3868
f 2866/4316/3863 2867/4326/3872 2862/4310/3857 2863/4312/3859
f 2810/4328/3874 2808/4122/3677 2858/4119/3674 2859/4327/3873
f 2689/4329/3875 2690/4280/3828 2685/4040/3595 2687/4294/3842
f 2916/4240/3788 2918/4332/3878 2917/4331/3877 2874/4330/3876
f 3038/4336/3882 3041/4335/3881 3040/4334/3880 2988/4333/3879
f 3092/4270/3818 3094/4338/3818 3108/4337/3883 3107/4271/3819
f 3088/4190/3742 3119/4340/3884 3091/4339/1681 3071/4037/3592
f 2794/4342/3886 2792/4341/3885 2849/4131/3685 2850/4132/3686
f 2720/4346/3889 2717/4345/3887 2723/4344/3888 3113/4343/3887
f 2800/4349/3892 2798/4348/3891 2853/4347/3890 2854/4296/3844
f 2971/4252/3800 2970/4352/3895 2977/4351/3894 2976/4350/3893
f 3069/4355/3898 2995/4354/3897 3043/4174/3727 3044/4353/3896
f 2913/4257/3805 2912/3988/3543 2920/3985/3540 2919/4305/3853
f 2732/4222/3771 2734/4356/3899 2733/4063/3618 2731/4064/3619
f 3026/4359/3902 3025/4358/3901 3051/3990/3545 3050/4357/3900
f 2749/4183/3735 2748/3927/3497 2753/3844/3447 2752/3845/3448
f 2840/4027/3582 2839/4028/3583 2843/4097/3652 2841/4068/3623
f 2700/4003/3558 2699/4004/3559 2705/4220/3769 2704/4360/3903
f 3031/4362/3905 3030/4024/3579 3046/4021/3576 3045/4361/3904
f 2750/4184/3736 2721/4363/3906 2722/4214/3764 2724/4215/3765
f 2703/4096/3651 2670/4104/3659 2669/4001/3556 2668/4002/3557
f 2782/4100/3655 2842/4364/3907 2843/4097/3652 2844/4099/3654
f 2842/4075/3630 2782/4365/3908 2781/4275/3823 2780/4025/3580
f 2782/4365/3908 2784/4146/3700 2783/4145/3699 2781/4275/3823
f 3024/4366/3909 3023/3996/3551 3053/3993/3548 3052/3989/3544
f 3103/4369/3912 3102/4368/3911 3111/4367/3910 3110/4147/3701
f 2798/4371/3891 2800/4370/3913 2799/3901/3481 2797/3902/3482
f 2874/4049/3604 2917/4373/3915 2880/4372/3914 2879/4048/3603
f 2806/4121/3676 2804/4375/3917 2856/4374/3916 2857/4120/3675
f 2982/4379/3921 2983/4378/3920 2980/4377/3919 2981/4376/3918
f 3067/4171/3724 3068/4380/3922 3045/4361/3904 3046/4021/3576
f 2941/4382/3923 2940/4381/3855 2882/4255/3803 2881/4256/3804
f 2832/4133/3687 2831/4384/3925 2851/4383/3924 2850/4132/3686
f 2833/4134/3688 2834/4387/3928 2789/4386/3927 2791/4385/3926
f 2984/4391/3932 2983/4390/3931 2964/4389/3930 2963/4388/3929
f 2939/4392/3933 2940/4307/3855 2920/3985/3540 2921/3986/3541
f 2680/4395/3936 2682/4394/3935 2681/4241/3789 2679/4393/3934
f 3003/4396/3937 3064/4228/3776 3049/4014/3569 3050/4357/3900
f 2898/4397/3750 2896/4325/3871 2930/4322/3868 2931/4281/3829
f 2702/4400/3940 2704/4360/3903 2703/4399/3939 2667/4398/3938
f 2866/4404/3944 2865/4403/3943 2817/4402/3942 2816/4401/3941
f 2914/4405/3945 2915/4237/3785 2879/4048/3603 2880/4372/3914
f 2903/4087/3642 2902/4321/3867 2930/4322/3868 2929/4323/3869
f 2700/4003/3558 2701/4406/3946 2666/4089/3644 2668/4002/3557
f 2819/4313/3860 2820/4311/3858 2815/4407/3947 2816/4401/3941
f 2736/4409/3949 2734/4186/3738 2756/4185/3737 2757/4408/3948
f 2771/4291/3839 2776/4410/3950 2767/4000/3555 2765/4268/3816
f 2692/4242/3790 2693/4034/3589 2679/4393/3934 2681/4241/3789
f 2973/4411/3951 2972/4251/3799 2975/4263/3811 2974/4264/3812
f 2934/4324/3870 2935/4301/3849 2928/4298/3846 2929/4323/3869
f 2970/4352/3895 2969/4413/3953 2978/4412/3952 2977/4351/3894
f 2834/4387/3928 2833/4134/3688 2849/4131/3685 2848/4414/3954
f 2827/4195/3747 2828/3904/3484 2799/3901/3481 2801/4194/3746
f 2986/4418/3958 2985/4417/3957 2962/4416/3956 2961/4415/3955
f 2968/4419/3959 2969/4413/3953 2962/4416/3956 2963/4388/3929
f 3114/4423/3960 2770/4422/3961 2764/4421/3960 2773/4420/3960
f 3122/4426/3964 3102/4368/3911 3097/4425/3963 3124/4424/3962
f 3038/4336/3882 3117/4429/3967 3037/4428/3966 3036/4427/3965
f 2987/4129/3683 2986/4418/3958 2961/4415/3955 2960/4128/3682
f 2869/4433/3971 2868/4432/3970 2796/4431/3969 2795/4430/3968
f 3025/4358/3901 3024/4366/3909 3052/3989/3544 3051/3990/3545
f 2836/4223/3772 2837/4151/3705 2783/4145/3699 2785/4115/3670
f 2697/4153/3707 2696/4154/3708 2708/4017/3572 2707/4018/3573
f 2698/4179/3732 2699/4004/3559 2669/4001/3556 2671/4102/3657
f 2877/4435/3973 2878/4047/3602 2876/4238/3786 2875/4434/3972
f 3030/4024/3579 3031/4362/3905 2997/4437/3975 2998/4436/3974
f 2827/4195/3747 2826/4045/3600 2856/4374/3916 2855/4297/3845
f 3022/3995/3550 3021/4438/3976 3055/4056/3611 3054/3994/3549
f 2875/4434/3972 2876/4238/3786 2873/4239/3787 2871/4439/3977
f 2790/4440/3978 2788/4320/3866 2847/4318/3865 2848/4414/3954
f 2741/4139/3693 2742/4140/3694 2738/4081/3636 2739/4253/3801
f 2914/4405/3945 2913/4257/3805 2919/4305/3853 2918/4332/3878
f 3023/3996/3551 3024/4366/3909 3005/4158/3711 3006/4159/3712
f 2831/4384/3925 2830/4442/3980 2852/4441/3979 2851/4383/3924
f 2917/4373/3915 2941/4382/3923 2881/4256/3804 2880/4372/3914
f 2800/4370/3913 2802/4259/3807 2801/4194/3746 2799/3901/3481
f 2969/4413/3953 2968/4419/3959 2979/4443/3981 2978/4412/3952
f 2985/4417/3957 2984/4391/3932 2963/4388/3929 2962/4416/3956
f 2937/4285/3833 2887/4444/3982 2886/4200/3752 2885/4201/3753
f 2790/4446/3984 2792/4445/3983 2791/4385/3926 2789/4386/3927
f 2915/4237/3785 2914/4405/3945 2918/4332/3878 2916/4240/3788
f 2909/4202/3754 2908/4203/3755 2924/4231/3779 2923/4447/3985
f 2824/4304/3852 2825/4046/3601 2805/4043/3598 2807/4302/3850
f 2983/4378/3920 2984/4448/3986 2979/4443/3981 2980/4377/3919
f 2911/3987/3542 2910/4137/3691 2922/4449/3987 2921/3986/3541
f 3079/4038/3593 3078/4450/3988 3081/4163/3716 3080/4164/3717
f 2993/4451/3989 3040/4334/3880 3041/4335/3881 3042/4173/3726
f 3007/4452/3990 3062/3992/3547 3052/3989/3544 3053/3993/3548
f 2902/4321/3867 2901/4284/3832 2931/4281/3829 2930/4322/3868
f 3101/4092/3647 3093/4093/3648 3092/4453/3991 3100/4226/3703
f 2890/4454/3992 2936/4233/3781 2925/4230/3778 2926/4287/3835
f 2967/4456/3994 2966/4455/3993 2981/4376/3918 2980/4377/3919
f 2906/4288/3836 2907/4289/3837 2888/4051/3606 2889/4052/3607
f 2661/4273/3821 2702/4400/3940 2667/4398/3938 2660/4457/3995
f 2814/4460/3998 2867/4459/3997 2815/4407/3947 2813/4458/3996
f 2913/4257/3805 2914/4405/3945 2880/4372/3914 2881/4256/3804
f 2823/4246/3794 2822/4247/3795 2860/4277/3825 2859/4327/3873
f 2826/4045/3600 2825/4046/3601 2857/4120/3675 2856/4374/3916
f 2941/4306/3854 2917/4331/3877 2918/4332/3878 2919/4305/3853
f 2967/4456/3994 2968/4419/3959 2963/4388/3929 2964/4389/3930
f 2983/4390/3931 2982/4462/4000 2965/4461/3999 2964/4389/3930
f 2938/4463/3834 2939/4392/3933 2921/3986/3541 2922/4449/3987
f 2804/4375/3917 2802/4464/4001 2855/4297/3845 2856/4374/3916
f 2985/4466/4003 2986/4465/4002 2977/4351/3894 2978/4412/3952
f 2937/4467/4004 2938/4463/3834 2922/4449/3987 2923/4447/3985
f 3033/4062/3617 3032/4235/3783 3044/4353/3896 3043/4174/3727
f 2870/4468/4005 2872/4050/3605 2878/4047/3602 2877/4435/3973
f 2906/4288/3836 2905/4469/4006 2927/4299/3847 2926/4287/3835
f 2792/4445/3983 2794/4471/4008 2793/4470/4007 2791/4385/3926
f 2904/4086/3641 2903/4087/3642 2929/4323/3869 2928/4298/3846
f 2887/4444/3982 2936/4054/3609 2888/4051/3606 2886/4200/3752
f 2690/4280/3828 2689/4329/3875 2715/4473/4010 2714/4472/4009
f 3021/4438/3976 3022/3995/3550 3008/4229/3777 3009/4474/4011
f 2910/4137/3691 2909/4202/3754 2923/4447/3985 2922/4449/3987
f 2939/4475/4012 2938/4286/3834 2884/4135/3689 2883/4136/3690
f 2742/4140/3694 2743/4265/3813 2737/4080/3635 2738/4081/3636
f 2835/4224/3773 2834/4387/3928 2848/4414/3954 2847/4318/3865
f 2970/4352/3895 2971/4252/3800 2960/4128/3682 2961/4415/3955
f 3061/4477/4014 3010/4476/4013 3009/4474/4011 3008/4229/3777
f 2818/4315/3862 2819/4313/3860 2816/4401/3941 2817/4402/3942
f 2900/4283/3831 2901/4284/3832 2897/4197/3749 2899/4478/4015
f 3035/4480/4017 3036/4427/3965 2989/4479/4016 2991/4077/3632
f 2915/4237/3785 2876/4238/3786 2878/4047/3602 2879/4048/3603
f 2820/4311/3858 2821/4279/3827 2813/4458/3996 2815/4407/3947
f 2892/4300/3848 2890/4454/3992 2926/4287/3835 2927/4299/3847
f 2907/4289/3837 2908/4203/3755 2886/4200/3752 2888/4051/3606
f 3078/4450/3988 3077/4481/4018 3082/4204/3756 3081/4163/3716
f 2692/4242/3790 2691/4243/3791 2713/4192/3744 2712/4187/3739
f 2824/4304/3852 2823/4246/3794 2859/4327/3873 2858/4119/3674
f 2773/4483/3814 2774/4482/3815 2772/4292/3840 3114/4293/3841
f 2911/3987/3542 2912/3988/3543 2882/4255/3803 2883/4136/3690
f 3014/4485/4020 3012/4058/3613 3056/4055/3610 3057/4484/4019
f 2701/4406/3946 2700/4003/3558 2704/4360/3903 2702/4400/3940
f 2702/4400/3940 2661/4273/3821 2662/4249/3797 2701/4406/3946
f 2951/4218/3768 2954/4141/3695 2953/4114/3669 2952/3884/3475
f 2974/4264/3812 2947/4113/3668 2953/4114/3669 2973/4411/3951
f 2837/4151/3705 2838/4152/3706 2781/4275/3823 2783/4145/3699
f 2942/4487/4022 2944/3882/3473 2943/4210/3760 2950/4486/4021
f 3116/4206/3758 2948/3885/3476 2944/3882/3473 2942/4487/4022
f 2695/4008/3563 2696/4154/3708 2673/4106/3661 2675/4109/3664
f 2943/4011/3566 2945/4488/4023 2951/4218/3768 2949/4010/3565
f 3032/4235/3783 3031/4362/3905 3045/4361/3904 3044/4353/3896
f 2678/4112/3667 2680/4395/3936 2679/4393/3934 2677/4111/3666
f 3069/4490/3898 3068/4489/4024 2997/4437/3975 2996/4234/3782
f 2947/4113/3668 2974/4264/3812 2957/4261/3809 2955/4491/4025
f 2873/4239/3787 2916/4240/3788 2874/4330/3876 2872/4492/4026
f 2972/4251/3799 2971/4252/3800 2976/4350/3893 2975/4263/3811
f 2892/4495/4029 2935/4494/4028 2893/4085/3640 2891/4493/4027
f 3115/4499/4033 3116/4498/4032 2942/4497/4031 2950/4496/4030
f 2887/4232/3780 2937/4467/4004 2923/4447/3985 2924/4231/3779
f 2868/4432/3970 2798/4371/3891 2797/3902/3482 2796/4431/3969
f 2830/4442/3980 2829/3903/3483 2853/4347/3890 2852/4441/3979
f 2749/4183/3735 2750/4184/3736 2724/4215/3765 2726/4180/3733
f 3026/4359/3902 3027/4015/3570 3001/4071/3626 3002/4175/3728
f 2890/4053/3608 2892/4495/4029 2891/4493/4027 2889/4052/3607
f 3121/4500/4034 3111/4367/3910 3102/4368/3911 3122/4426/3964
f 3085/4504/4038 3084/4503/4037 3075/4502/4036 3074/4501/4035
f 2934/4505/3870 2896/4199/3751 2895/4196/3748 2894/4084/3639
f 2987/4506/4039 2959/4262/3810 2975/4263/3811 2976/4350/3893
f 2901/4284/3832 2902/4321/3867 2895/4196/3748 2897/4197/3749
f 2745/4066/3621 2744/4507/4040 2757/4408/3948 2756/4185/3737
f 2973/4411/3951 2953/4114/3669 2954/4141/3695 2956/4142/3696
f 2972/4251/3799 2973/4411/3951 2956/4142/3696 2958/4127/3681
f 2744/4507/4040 2745/4066/3621 2733/4063/3618 2735/4508/4041
f 3024/4366/3909 3025/4358/3901 3004/4176/3729 3005/4158/3711
f 3093/4093/3648 3095/4510/4043 3094/4509/4042 3092/4453/3991
f 2740/4511/4044 2761/4126/3680 2759/4123/3678 2760/4138/3692
f 2691/4243/3791 2690/4280/3828 2714/4472/4009 2713/4192/3744
f 2940/4381/3855 2939/4475/4012 2883/4136/3690 2882/4255/3803
f 3036/4427/3965 3035/4480/4017 3041/4335/3881 3038/4336/3882
f 2788/4117/3672 2790/4446/3984 2789/4386/3927 2787/4116/3671
f 2908/4203/3755 2907/4289/3837 2925/4230/3778 2924/4231/3779
f 2905/4469/4006 2904/4086/3641 2928/4298/3846 2927/4299/3847
f 2984/4448/3986 2985/4466/4003 2978/4412/3952 2979/4443/3981
f 2935/4494/4028 2934/4505/3870 2894/4084/3639 2893/4085/3640
f 2834/4387/3928 2835/4224/3773 2787/4116/3671 2789/4386/3927
f 2798/4348/3891 2868/4512/4045 2852/4441/3979 2853/4347/3890
f 2775/4308/3856 2778/4212/3762 2777/4162/3715 2776/4410/3950
f 3035/4480/4017 3034/4061/3616 3042/4173/3726 3041/4335/3881
f 2747/3928/3498 2746/4065/3620 2755/4029/3584 2754/4030/3585
f 2808/4303/3851 2810/4513/4046 2809/4245/3793 2807/4302/3850
f 2751/4157/3710 2719/4169/3722 2721/4363/3906 2750/4184/3736
f 2840/4027/3582 2777/4162/3715 2778/4212/3762 2779/4026/3581
f 2839/4028/3583 2838/4152/3706 2844/4099/3654 2843/4097/3652
f 3029/4023/3578 3028/4016/3571 3048/4013/3568 3047/4022/3577
f 3067/4514/4047 3066/3895/3480 2999/3892/3477 2998/4436/3974
f 3020/4516/4049 3019/4515/4048 3057/4484/4019 3056/4055/3610
f 2786/4319/3673 2784/4101/3656 2845/4098/3653 2846/4276/3824
f 2734/4356/3899 2736/4517/4050 2735/4508/4041 2733/4063/3618
f 2946/3883/3474 2947/4113/3668 2955/4491/4025 2945/4211/3761
f 2719/4169/3722 2751/4157/3710 2725/4156/3709 2718/4168/3721
f 3025/4358/3901 3026/4359/3902 3002/4175/3728 3004/4176/3729
f 3027/4015/3570 3028/4016/3571 3000/3893/3478 3001/4071/3626
f 2744/4507/4040 2743/4265/3813 2758/4124/3679 2757/4408/3948
f 3036/4427/3965 3037/4428/3966 3118/4518/4051 2989/4479/4016
f 3017/4522/4053 3018/4521/4053 3015/4520/4052 3016/4519/4052
f 2616/4524/465 2600/4523/465 2612/3829/465 2580/3868/465
f 3039/4526/4055 3058/4525/4054 3018/4521/4053 3017/4522/4053
f 2743/4265/3813 2744/4507/4040 2735/4508/4041 2737/4080/3635
f 2701/4406/3946 2662/4249/3797 2664/4088/3643 2666/4089/3644
f 2909/4202/3754 2910/4137/3691 2884/4135/3689 2885/4201/3753
f 2774/4482/3815 2766/4309/3552 2775/4308/3856 2772/4292/3840
f 2988/4527/4056 3040/4079/3634 2991/4077/3632 2989/4479/4016
f 2829/3903/3483 2828/3904/3484 2854/4296/3844 2853/4347/3890
f 2821/4279/3827 2822/4247/3795 2811/4244/3792 2813/4458/3996
f 2686/4528/4057 2684/4193/3745 2713/4192/3744 2714/4472/4009
f 2736/4517/4050 2762/4083/3638 2737/4080/3635 2735/4508/4041
f 2725/4216/3766 2727/4182/3449 2726/4180/3733 2724/4215/3765
f 3027/4015/3570 3026/4359/3902 3050/4357/3900 3049/4014/3569
f 2823/4246/3794 2824/4304/3852 2807/4302/3850 2809/4245/3793
f 3077/4481/4018 3078/4450/3988 3073/4529/4058 3074/4501/4035
f 2986/4465/4002 2987/4506/4039 2976/4350/3893 2977/4351/3894
f 2995/4354/3897 2993/4451/3989 3042/4173/3726 3043/4174/3727
f 3097/4425/3963 3099/4227/3775 3098/4225/3774 3096/4530/4059
f 2867/4459/3997 2866/4404/3944 2816/4401/3941 2815/4407/3947
f 2829/3903/3483 2830/4442/3980 2796/4431/3969 2797/3902/3482
f 2868/4512/4045 2869/4531/4060 2851/4383/3924 2852/4441/3979
f 2792/4341/3885 2790/4440/3978 2848/4414/3954 2849/4131/3685
f 3060/4532/4061 3014/4485/4020 3057/4484/4019 3058/4525/4054
f 2688/4533/4062 2686/4528/4057 2714/4472/4009 2715/4473/4010
f 2957/4143/3697 2959/4130/3684 2958/4127/3681 2956/4142/3696
f 2670/4274/3822 2703/4399/3939 2704/4360/3903 2705/4220/3769
f 2993/4078/3633 2995/4534/4063 2994/4059/3614 2992/4060/3615
f 2968/4419/3959 2967/4456/3994 2980/4377/3919 2979/4443/3981
f 2945/4488/4023 2955/4144/3698 2954/4141/3695 2951/4218/3768
f 2693/4034/3589 2694/4007/3562 2677/4111/3666 2679/4393/3934
f 2698/4179/3732 2697/4153/3707 2707/4018/3573 2706/4073/3628
f 2593/3972/3529 2595/3975/3533 2653/3931/3500 2652/3932/3501
f 2716/4103/3658 2674/4108/3663 2672/4105/3660 2671/4102/3657
f 3021/4438/3976 3020/4516/4049 3056/4055/3610 3055/4056/3611
f 2694/4007/3562 2695/4008/3563 2675/4109/3664 2677/4111/3666
f 2812/4535/4064 2810/4328/3874 2859/4327/3873 2860/4277/3825
f 3113/4537/4066 2722/4214/3764 2721/4363/3906 2720/4536/4065
f 2665/4538/4067 2660/4091/3646 2664/4088/3643 2663/4250/3798
f 2933/4539/4068 2898/4397/3750 2931/4281/3829 2932/4282/3830
f 3010/4476/4013 3012/4541/4070 3011/4540/4069 3009/4474/4011
f 3012/4541/4070 3014/4543/4072 3013/4542/4071 3011/4540/4069
f 3014/4543/4072 3060/4544/4073 3015/4520/4052 3013/4542/4071
f 3060/4544/4073 3059/4545/4073 3016/4519/4052 3015/4520/4052
f 3059/4546/4073 3060/4532/4061 3058/4525/4054 3039/4526/4055
f 3019/4515/4048 3020/4516/4049 3011/4540/4069 3013/4542/4071
f 3086/4547/4074 3085/4504/4038 3074/4501/4035 3073/4529/4058
f 2898/4198/3750 2933/4548/4075 2899/4478/4015 2897/4197/3749
f 2814/4549/4076 2812/4535/4064 2860/4277/3825 2861/4278/3826
f 3063/3991/3546 3003/4396/3937 3050/4357/3900 3051/3990/3545
f 2772/4292/3840 2775/4308/3856 2776/4410/3950 2771/4291/3839
f 2867/4326/3872 2814/4549/4076 2861/4278/3826 2862/4310/3857
f 2904/4086/3641 2905/4469/4006 2891/4493/4027 2893/4085/3640
f 3078/4450/3988 3079/4038/3593 3072/4035/3590 3073/4529/4058
f 3028/4016/3571 3029/4023/3578 2999/3892/3477 3000/3893/3478
f 3096/4550/4077 3098/4150/3704 3110/4147/3701 3111/4367/3910
f 2762/4125/3638 2736/4409/3949 2757/4408/3948 2758/4124/3679
f 3087/4551/4078 3086/4547/4074 3073/4529/4058 3072/4035/3590
f 2682/4394/3935 2684/4042/3597 2683/4039/3594 2681/4241/3789
f 2871/4439/3977 2873/4239/3787 2872/4492/4026 2870/4552/4079
f 3034/4061/3616 3035/4480/4017 2991/4077/3632 2992/4060/3615
f 3071/4037/3592 3091/4339/1681 3120/4553/4080 3070/4036/3591
f 3122/4557/4084 3124/4556/4083 3123/4555/4082 3121/4554/4081
f 2995/4534/4063 3069/4490/3898 2996/4234/3782 2994/4059/3614
f 2905/4469/4006 2906/4288/3836 2889/4052/3607 2891/4493/4027
f 3020/4516/4049 3021/4438/3976 3009/4474/4011 3011/4540/4069
f 2989/4479/4016 3118/4518/4051 2990/4558/4085 2988/4527/4056
f 3124/4424/3962 3097/4425/3963 3096/4530/4059 3123/4559/4086
f 3068/4380/3922 3069/4355/3898 3044/4353/3896 3045/4361/3904
f 2723/4560/4087 2718/4217/3767 2722/4214/3764 3113/4537/4066
f 2776/4410/3950 2777/4162/3715 2769/3999/3554 2767/4000/3555
f 2966/4455/3993 2967/4456/3994 2964/4389/3930 2965/4461/3999
f 3061/4236/3784 3007/4452/3990 3053/3993/3548 3054/3994/3549
f 2794/4471/4008 2869/4433/3971 2795/4430/3968 2793/4470/4007
f 3019/4515/4048 3018/4521/4053 3058/4525/4054 3057/4484/4019
f 2802/4464/4001 2800/4349/3892 2854/4296/3844 2855/4297/3845
f 3031/4362/3905 3032/4235/3783 2996/4234/3782 2997/4437/3975
f 3068/4489/4024 3067/4514/4047 2998/4436/3974 2997/4437/3975
f 2693/4034/3589 2692/4242/3790 2712/4187/3739 2711/4033/3588
f 3090/4562/2194 3089/4561/4088 3070/4036/3591 3120/4553/4080
f 3089/4191/3743 3090/4563/4089 3119/4340/3884 3088/4190/3742
f 2831/4384/3925 2832/4133/3687 2793/4470/4007 2795/4430/3968
f 3077/4481/4018 3076/4565/4018 3083/4564/4090 3082/4204/3756
f 2836/4223/3772 2835/4224/3773 2847/4318/3865 2846/4276/3824
f 3104/4095/3650 3103/4369/3912 3110/4147/3701 3109/4148/3702
f 3089/4561/4088 3087/4551/4078 3072/4035/3590 3070/4036/3591
f 3123/4566/4091 3096/4550/4077 3111/4367/3910 3121/4500/4034
f 2720/4536/4065 2721/4363/3906 2719/4169/3722 2717/4170/3723
f 3007/4160/3713 3061/4477/4014 3008/4229/3777 3006/4159/3712
f 2812/4567/4092 2814/4460/3998 2813/4458/3996 2811/4244/3792
f 3076/4565/4018 3077/4481/4018 3074/4501/4035 3075/4502/4036
f 3090/4571/4094 3120/4570/4093 3091/4569/4093 3119/4568/4093
f 2869/4531/4060 2794/4342/3886 2850/4132/3686 2851/4383/3924
f 2830/4442/3980 2831/4384/3925 2795/4430/3968 2796/4431/3969
f 2770/4290/3838 2771/4291/3839 2765/4268/3816 2764/4269/3817
f 2659/4272/3820 2661/4273/3821 2660/4457/3995 2665/4572/4067
f 3029/4023/3578 3030/4024/3579 2998/4436/3974 2999/3892/3477
f 2810/4513/4046 2812/4567/4092 2811/4244/3792 2809/4245/3793
f 2832/4133/3687 2833/4134/3688 2791/4385/3926 2793/4470/4007
f 3102/4368/3911 3103/4369/3912 3099/4227/3775 3097/4425/3963
f 3103/4369/3912 3104/4095/3650 3101/4092/3647 3099/4227/3775
f 2988/4333/3879 2990/4573/4095 3117/4429/3967 3038/4336/3882
f 3117/4577/4099 2990/4576/4098 3118/4575/4097 3037/4574/4096
f 3084/4578/4100 3085/4205/3757 3082/4204/3756 3083/4564/4090
f 2969/4413/3953 2970/4352/3895 2961/4415/3955 2962/4416/3956
f 3112/4582/4102 2659/4581/4101 2665/4580/4101 2663/4579/4101
f 3105/4094/3649 3106/4583/4103 3095/4510/4043 3093/4093/3648
f 3107/4271/3819 3108/4337/3883 3106/4583/4103 3105/4094/3649
f 3018/4521/4053 3019/4515/4048 3013/4542/4071 3015/4520/4052

v 0.93169617652893 1.39843416213989 -1.29999983310699
v 0.60000485181808 1.73757112026215 -1.29999983310699
v 0.70398384332657 1.6237370967865 -1.29999983310699
v 0.99999606609344 0.4831837117672 -1.02695989608765
v 0.99999606609344 0.49211034178734 -0.98257488012314
v 0.60000485181808 -0.00000078959454 -0.90000039339066
v 0.60000485181808 0.46998444199562 -0.9992698431015
v 0.60000485181808 -0.0000007363314 -1.30000007152557
v 0.60000485181808 0.59053260087967 -1.10717368125916
v 0.60000485181808 0.63814151287079 -1.13333773612976
v 0.60000485181808 1.02961778640747 -1.20560836791992
v 0.60000485181808 1.08386445045471 -1.24904131889343
v 0.60000485181808 1.64021706581116 -0.95065879821777
v 0.60000485181808 2.5 -1.29999971389771
v 0.60000485181808 2.5 -0.90000003576279
v 0.85657727718353 1.6447948217392 -0.90000015497208
v 0.99999606609344 1.49311780929565 -0.90000015497208
v 0.77699506282806 1.96317934989929 -0.90000009536743
v 0.60000485181808 1.77152299880981 -0.90000015497208
v 0.73820269107819 1.88909566402435 -0.90000009536743
v 0.99999606609344 2.5 -1.29999971389771
v 0.99999606609344 2.5 -0.90000003576279
v 0.99999606609344 1.40499556064606 -1.09188735485077
v 0.89689874649048 1.4902948141098 -1.1154819726944
v 0.99999606609344 1.65250074863434 -1.10396504402161
v 0.82609164714813 1.86162900924683 -1.06397545337677
v 0.99999606609344 1.82317566871643 -1.08295285701752
v 0.99999606609344 1.63380825519562 -1.00369119644165
v 0.90377283096313 1.46343851089478 -0.91300392150879
v 0.99999606609344 1.47328078746796 -0.93010318279266
v 0.94209682941437 1.48045265674591 -0.90000015497208
v 0.99999606609344 1.28818595409393 -1.12508153915405
v 0.82620185613632 1.4362770318985 -1.18030512332916
v 0.71603757143021 1.76435112953186 -1.18683958053589
v 0.62721186876297 1.57757782936096 -0.98374861478806
v 0.90568763017654 1.48190224170685 -0.90000015497208
v 0.60000485181808 1.56704890727997 -0.9778271317482
v 0.60000485181808 1.54507565498352 -1.00839972496033
v 0.60000485181808 1.55995333194733 -1.06066262722015
v 0.65105760097504 1.7863245010376 -1.29999983310699
v 0.80936795473099 1.48884522914886 -1.29999983310699
v 0.99999606609344 1.34655261039734 -1.29999983310699
v 0.67823708057404 1.01412963867188 -1.29999983310699
v 0.71162933111191 1.00550818443298 -1.16786229610443
v 0.71809017658234 0.89777779579163 -1.29999995231628
v 0.70172464847565 0.67567926645279 -1.29999995231628
v 0.64696621894836 0.91547852754593 -1.14070701599121
v 0.64169013500214 0.62746000289917 -1.13959836959839
v 0.60000485181808 0.88656222820282 -1.1335985660553
v 0.88777923583984 0.4982140660286 -1.02016448974609
v 0.60000485181808 0.45564070343971 -0.94707214832306
v 0.60000485181808 0.45739552378654 -0.90000027418137
v 0.60000485181808 0.93905407190323 -1.16293203830719
v 0.60000485181808 0.9249392747879 -1.14347207546234
v 0.90655553340912 0.49157628417015 -1.17872703075409
v 0.99999606609344 0.48074221611023 -1.11901664733887
v 0.99999606609344 0.47608810663223 -0.92879903316498
v 0.80312752723694 0.45861625671387 -0.90000027418137
v 0.99999606609344 0.38438001275063 -1.21677327156067
v 0.60000485181808 1.07684516906738 -1.29999983310699
v 0.99999606609344 -0.0000007363314 -1.30000007152557
v 0.99999606609344 0.35386151075363 -1.29999995231628
v 0.88798582553864 0.46555930376053 -1.29999995231628
v 0.99999606609344 -0.00000078959454 -0.90000039339066
v 0.99999606609344 0.40681108832359 -0.90000033378601
v 0.80009686946869 1.72757637500763 -1.1151819229126
v 0.80158466100693 1.89420747756958 -1.10996472835541
v 0.7908947467804 1.727423787117 -1.10444760322571
v 0.79238247871399 1.89390230178833 -1.09923040866852
v 0.78774011135101 1.60641777515411 -1.10703015327454
v 0.79694223403931 1.60626518726349 -1.11777746677399
v 0.78342831134796 1.51654076576233 -1.10816490650177
v 0.79260289669037 1.51608300209045 -1.11891222000122
v 0.77851039171219 1.44642448425293 -1.10867357254028
v 0.77370262145996 1.3879052400589 -1.10902571678162
v 0.78287726640701 1.38721859455109 -1.11977303028107
v 0.76979035139084 1.33579480648041 -1.10936486721039
v 0.77897876501083 1.33533704280853 -1.12011218070984
v 0.76762759685516 1.28772819042206 -1.10953438282013
v 0.77681595087051 1.28757560253143 -1.12028169631958
v 0.76777911186218 1.2420266866684 -1.10931265354156
v 0.77698129415512 1.24217927455902 -1.12005996704102
v 0.77036893367767 1.19678294658661 -1.10854315757751
v 0.77954351902008 1.19724082946777 -1.11930358409882
v 0.77502512931824 1.14970815181732 -1.10714757442474
v 0.7841859459877 1.15031850337982 -1.11790800094604
v 0.78092110157013 1.09820818901062 -1.10507369041443
v 0.79009574651718 1.09874224662781 -1.11582112312317
v 0.78684467077255 1.03923118114471 -1.10236084461212
v 0.79603308439255 1.03946006298065 -1.11309516429901
v 0.79145950078964 0.96896225214005 -1.09917831420898
v 0.7940080165863 0.88282370567322 -1.09608721733093
v 0.79444885253906 0.77547484636307 -1.09405255317688
v 0.80366480350494 0.77539855241776 -1.10478687286377
v 0.79344320297241 0.64058297872543 -1.09449601173401
v 0.79238247871399 0.47089999914169 -1.09924364089966
v 0.803113758564 0.47051852941513 -1.09003531932831
v 0.80417448282242 0.6403540968895 -1.08528769016266
v 0.80518013238907 0.77555114030838 -1.08484423160553
v 0.80473929643631 0.88328152894974 -1.08687889575958
v 0.80216324329376 0.96980148553848 -1.08998310565948
v 0.79752081632614 1.04052817821503 -1.09317862987518
v 0.79158353805542 1.09981036186218 -1.09590458869934
v 0.78568750619888 1.15123414993286 -1.09797835350037
v 0.78107267618179 1.19785118103027 -1.09937393665314
v 0.77852416038513 1.24248445034027 -1.10011744499207
v 0.77837258577347 1.28749930858612 -1.10033917427063
v 0.78052163124084 1.3351081609726 -1.1001695394516
v 0.78442013263702 1.38698971271515 -1.09983050823212
v 0.78922784328461 1.44558525085449 -1.09947824478149
v 0.79414576292038 1.5157778263092 -1.09896957874298
v 0.79847133159637 1.60588371753693 -1.09783482551575
v 0.80162596702576 1.72704231739044 -1.09523928165436
v 0.803113758564 1.89352083206177 -1.09003520011902
v 0.8108281493187 1.72711861133575 -1.10597360134125
v 0.81232970952988 1.89390230178833 -1.10076951980591
v 0.81232970952988 0.47089999914169 -1.10075664520264
v 0.80767351388931 1.6057311296463 -1.10858225822449
v 0.80333417654037 1.51539635658264 -1.10971701145172
v 0.79840248823166 1.44489860534668 -1.11022567749023
v 0.79358100891113 1.38630306720734 -1.11059081554413
v 0.78969621658325 1.33465039730072 -1.11091697216034
v 0.78756099939346 1.2873467206955 -1.11108648777008
v 0.78771251440048 1.2426370382309 -1.11086475849152
v 0.7902472615242 1.19830894470215 -1.11012136936188
v 0.79484832286835 1.15176820755005 -1.10873878002167
v 0.80075812339783 1.10026812553406 -1.10666501522064
v 0.80672299861908 1.04075706005096 -1.10392594337463
v 0.81137919425964 0.96980148553848 -1.10071742534637
v 0.81395524740219 0.88312888145447 -1.09760022163391
v 0.81439608335495 0.77539855241776 -1.09556555747986
v 0.8133904337883 0.64043039083481 -1.09600901603699
v 0.80159842967987 0.47135779261589 -1.10996496677399
v 0.80265915393829 0.64065927267075 -1.1052303314209
v 0.80322396755218 0.88267111778259 -1.10680842399597
v 0.80066168308258 0.96896225214005 -1.10991263389587
v 0.7876849770546 1.44581413269043 -1.11942088603973
v 0.67512375116348 1.28246378898621 -1.22630751132965
v 0.6946576833725 1.27468156814575 -1.20912992954254
v 0.68588256835938 1.25270819664001 -1.20293462276459
v 0.70001643896103 1.25316596031189 -1.2035346031189
v 0.68019318580627 1.22020602226257 -1.20661270618439
v 0.63335579633713 1.28620231151581 -1.24884557723999
v 0.66914510726929 1.29238224029541 -1.2182469367981
v 0.62867206335068 1.27643632888794 -1.23970258235931
v 0.66202306747437 1.28246378898621 -1.21120381355286
v 0.66800171136856 1.2724689245224 -1.21926426887512
v 0.68122637271881 1.27483415603638 -1.19430017471313
v 0.68279683589935 1.2675096988678 -1.20628666877747
v 0.69307351112366 1.28208231925964 -1.1971435546875
v 0.70056748390198 1.25423407554626 -1.18943524360657
v 0.68644738197327 1.25377631187439 -1.18883526325226
v 0.68063402175903 1.21890890598297 -1.19253945350647
v 0.67593652009964 1.17107117176056 -1.19600880146027
v 0.67544054985046 1.17183411121368 -1.21012127399445
v 0.6737048625946 1.1104918718338 -1.19822609424591
v 0.67387014627457 1.03770518302917 -1.19920432567596
v 0.6749033331871 0.97064077854156 -1.19938695430756
v 0.67437982559204 0.97064077854156 -1.2135124206543
v 0.67603296041489 0.91791999340057 -1.19899570941925
v 0.67727273702621 0.87939041852951 -1.1980174779892
v 0.67863655090332 0.85009258985519 -1.19670009613037
v 0.68017941713333 0.81965041160584 -1.19552624225616
v 0.68191516399384 0.78783482313156 -1.19450891017914
v 0.68354070186615 0.75395929813385 -1.19373941421509
v 0.68303096294403 0.75388300418854 -1.20787787437439
v 0.68264526128769 0.71016520261765 -1.19407856464386
v 0.67860901355743 0.65439260005951 -1.19570887088776
v 0.67144560813904 0.58656519651413 -1.19863057136536
v 0.67096346616745 0.58725184202194 -1.21274292469025
v 0.6854692697525 0.58488667011261 -1.1991913318634
v 0.69268774986267 0.65309554338455 -1.19624364376068
v 0.6967653632164 0.70955485105515 -1.19460022449493
v 0.6976745724678 0.75418817996979 -1.19426107406616
v 0.6960214972496 0.78859782218933 -1.19504368305206
v 0.69429951906204 0.82041335105896 -1.19604802131653
v 0.69275665283203 0.85077929496765 -1.19722187519073
v 0.69139283895493 0.8799244761467 -1.19853913784027
v 0.69015300273895 0.91822522878647 -1.19950437545776
v 0.68903720378876 0.97094595432282 -1.19990873336792
v 0.68800401687622 1.0378577709198 -1.19972610473633
v 0.68783873319626 1.11026298999786 -1.19876086711884
v 0.69004285335541 1.17015564441681 -1.1965696811676
v 0.6946576833725 1.21707785129547 -1.19315242767334
v 0.6942030787468 1.2184511423111 -1.20722568035126
v 0.68954688310623 1.17091858386993 -1.21066904067993
v 0.6873152256012 1.11064445972443 -1.21288633346558
v 0.68749433755875 1.03793406486511 -1.21385157108307
v 0.6885136961937 0.9708696603775 -1.21403408050537
v 0.68964332342148 0.91799634695053 -1.21364283561707
v 0.69088315963745 0.87939041852951 -1.21266460418701
v 0.69224691390991 0.85016888380051 -1.21134734153748
v 0.69378983974457 0.81987929344177 -1.21017348766327
v 0.69551175832748 0.78813999891281 -1.2091691493988
v 0.69716489315033 0.75403559207916 -1.20839965343475
v 0.69625568389893 0.70978373289108 -1.20872569084167
v 0.69219183921814 0.6537059545517 -1.21036911010742
v 0.68500089645386 0.58564960956573 -1.21330380439758
v 0.67811304330826 0.6549266576767 -1.20982134342194
v 0.68213558197021 0.7104703783989 -1.2082040309906
v 0.68140548467636 0.787453353405 -1.20863437652588
v 0.6796835064888 0.819116294384 -1.20965170860291
v 0.67814064025879 0.84948223829269 -1.21082556247711
v 0.67676305770874 0.87885630130768 -1.21214294433594
v 0.67552322149277 0.91761481761932 -1.21312117576599
v 0.67336046695709 1.0378577709198 -1.21334290504456
v 0.67318135499954 1.11087334156036 -1.2123646736145
v 0.87258464097977 0.90800148248672 -1.21935570240021
v 0.87878370285034 0.91235041618347 -1.23128986358643
v 0.87816381454468 0.89609926939011 -1.22080338001251
v 0.88436281681061 0.90044814348221 -1.23275065422058
v 0.88378429412842 0.88404446840286 -1.22226417064667
v 0.88992822170258 0.88854593038559 -1.23419845104218
v 0.8905343413353 0.87015855312347 -1.22411632537842
v 0.89652681350708 0.87488889694214 -1.2359983921051
v 0.89560383558273 0.90479707717896 -1.2253292798996
v 0.88940477371216 0.90044814348221 -1.21339499950409
v 0.89498388767242 0.88846963644028 -1.21484279632568
v 0.90114164352417 0.89289486408234 -1.22677707672119
v 0.90765756368637 0.87946671247482 -1.22856390476227
v 0.90167891979218 0.8746600151062 -1.21668183803558
v 0.91260302066803 0.85398370027542 -1.21999478340149
v 0.90152734518051 0.84932965040207 -1.22745525836945
v 0.92338943481445 0.83361262083054 -1.22326850891113
v 0.93096601963043 0.80484890937805 -1.22423374652863
v 0.93384516239166 0.7629622220993 -1.22171640396118
v 0.93673807382584 0.7210755944252 -1.21921217441559
v 0.92467057704926 0.72046518325806 -1.22656834125519
v 0.93272936344147 0.67606073617935 -1.21289944648743
v 0.92410576343536 0.62875705957413 -1.20400416851044
v 0.91538572311401 0.58076667785645 -1.1950306892395
v 0.91360867023468 0.53620964288712 -1.19320464134216
v 0.91360867023468 0.49310222268105 -1.19320464134216
v 0.91360867023468 0.45014742016792 -1.19320464134216
v 0.92108887434006 0.45014742016792 -1.20519113540649
v 0.92108887434006 0.49310222268105 -1.20519113540649
v 0.92108887434006 0.53582817316055 -1.20519113540649
v 0.9227557182312 0.57863038778305 -1.20689976215363
v 0.93128287792206 0.62524741888046 -1.21569061279297
v 0.94000291824341 0.67316150665283 -1.22467720508575
v 0.94412183761597 0.71977853775024 -1.23119866847992
v 0.94118762016296 0.76273334026337 -1.23379421234131
v 0.93817073106766 0.80584073066711 -1.23635053634644
v 0.92987775802612 0.83727484941483 -1.23529410362244
v 0.91847145557404 0.85901927947998 -1.23185074329376
v 0.90739583969116 0.85436522960663 -1.23929822444916
v 0.91191422939301 0.82979780435562 -1.23062467575073
v 0.91840261220932 0.83346003293991 -1.24263727664948
v 0.92622721195221 0.80378073453903 -1.24362850189209
v 0.92914766073227 0.76151263713837 -1.24109816551208
v 0.93205434083939 0.71916818618774 -1.23855483531952
v 0.92801803350449 0.67354297637939 -1.23216378688812
v 0.91935312747955 0.62601035833359 -1.22324252128601
v 0.91078466176987 0.57908815145493 -1.21441245079041
v 0.90909022092819 0.53590446710587 -1.21267771720886
v 0.90909022092819 0.49310225248337 -1.21267771720886
v 0.90909022092819 0.45014744997025 -1.21267771720886
v 0.90161001682282 0.45014742016792 -1.20069134235382
v 0.90161001682282 0.49310222268105 -1.20069134235382
v 0.90161001682282 0.53628593683243 -1.20069134235382
v 0.90341466665268 0.58122444152832 -1.20254337787628
v 0.91217601299286 0.62951999902725 -1.21156907081604
v 0.92074447870255 0.67644220590591 -1.22038602828979
v 0.92180520296097 0.76166522502899 -1.22902047634125
v 0.91902250051498 0.80278891324997 -1.23151159286499
v 0.90395188331604 0.72351706027985 -1.0151299238205
v 0.90902137756348 0.71092814207077 -1.00243926048279
v 0.91550970077515 0.72046518325806 -1.01064324378967
v 0.91804444789886 0.70734220743179 -0.99883937835693
v 0.92695730924606 0.71565854549408 -1.0060521364212
v 0.92687463760376 0.69742369651794 -0.99473083019257
v 0.89108538627625 0.73633480072021 -1.00939106941223
v 0.90258812904358 0.73320668935776 -1.00493037700653
v 0.88521695137024 0.7266451716423 -1.00093924999237
v 0.89671963453293 0.72351706027985 -0.99647861719131
v 0.8865807056427 0.71687924861908 -1.01113879680634
v 0.89808344841003 0.71382743120193 -1.00667810440063
v 0.90818101167679 0.72046518325806 -0.99204403162003
v 0.91465562582016 0.73000222444534 -1.00024795532227
v 0.92816960811615 0.72412741184235 -0.99480909109116
v 0.91924291849136 0.71588742733002 -0.98759639263153
v 0.92942315340042 0.70474815368652 -0.98290091753006
v 0.93960338830948 0.69360888004303 -0.97820550203323
v 0.93582886457443 0.68803924322128 -0.99063539505005
v 0.9435019493103 0.67865484952927 -0.97544038295746
v 0.9386391043663 0.67743408679962 -0.98866587877274
v 0.93808805942535 0.65736818313599 -0.97551864385605
v 0.93351453542709 0.65858888626099 -0.98884850740433
v 0.93264669179916 0.63592886924744 -0.97557085752487
v 0.92549705505371 0.61510002613068 -0.97631430625916
v 0.91719031333923 0.59465259313583 -0.97751426696777
v 0.90871828794479 0.5736711025238 -0.97872722148895
v 0.90698254108429 0.54093998670578 -0.97897505760193
v 0.90235388278961 0.54116886854172 -0.99234402179718
v 0.90698254108429 0.50591999292374 -0.97897505760193
v 0.90235388278961 0.50591999292374 -0.99234402179718
v 0.90698254108429 0.47089996933937 -0.97897505760193
v 0.90235388278961 0.47089999914169 -0.99234402179718
v 0.92034494876862 0.47089996933937 -0.98361831903458
v 0.92034494876862 0.50591999292374 -0.98361831903458
v 0.92034494876862 0.54063481092453 -0.98361831903458
v 0.92177766561508 0.57092446088791 -0.98340964317322
v 0.92961603403091 0.58984595537186 -0.98227488994598
v 0.93804675340652 0.6105985045433 -0.98107492923737
v 0.9454442858696 0.63219040632248 -0.98030543327332
v 0.95100969076157 0.65408742427826 -0.98024022579193
v 0.95678168535233 0.67827332019806 -0.98029237985611
v 0.95157450437546 0.69841557741165 -0.98398351669312
v 0.93993401527405 0.71161484718323 -0.98940932750702
v 0.93738549947739 0.70429039001465 -1.00123929977417
v 0.94781374931335 0.6928459405899 -0.99642640352249
v 0.95191890001297 0.67705261707306 -0.99351787567139
v 0.94643616676331 0.6553081870079 -0.99357002973557
v 0.94098097085953 0.63379257917404 -0.99363523721695
v 0.93379008769989 0.61281114816666 -0.99437868595123
v 0.92546951770782 0.5922874212265 -0.99556559324265
v 0.91730052232742 0.57229781150818 -0.9967395067215
v 0.91571635007858 0.54078739881516 -0.99697422981262
v 0.91571635007858 0.50591999292374 -0.99697422981262
v 0.91571635007858 0.47089999914169 -0.99697428941727
v 0.90424120426178 0.57504445314407 -0.99207013845444
v 0.91304385662079 0.59709405899048 -0.99080497026443
v 0.92124038934708 0.61731261014938 -0.98961806297302
v 0.92818331718445 0.63745480775833 -0.98890066146851
v 0.58865368366241 0.99734449386597 -0.92382961511612
v 0.58679395914078 1.00566077232361 -0.93513780832291
v 0.61043304204941 0.97857558727264 -0.94118970632553
v 0.60857331752777 0.98689186573029 -0.95249789953232
v 0.63075220584869 0.96133261919022 -0.95741510391235
v 0.6303802728653 0.96804666519165 -0.96989715099335
v 0.64805448055267 0.92631262540817 -0.9832661151886
v 0.65578263998032 0.83803778886795 -0.97456651926041
v 0.61918061971664 0.99513185024261 -0.94816768169403
v 0.62104034423828 0.98689186573029 -0.93685948848724
v 0.6427646279335 0.96812295913696 -0.95420652627945
v 0.6423926949501 0.97476077079773 -0.96667551994324
v 0.66170620918274 0.92944073677063 -0.98129665851593
v 0.66036999225616 0.92661780118942 -0.96751028299332
v 0.6467182636261 0.92341333627701 -0.96947973966599
v 0.66975122690201 0.83941113948822 -0.97279268503189
v 0.67914623022079 0.75220447778702 -0.97810113430023
v 0.66516387462616 0.75098371505737 -0.97984892129898
v 0.68658512830734 0.65485036373138 -0.98295313119888
v 0.69304591417313 0.55253702402115 -0.98758339881897
v 0.6790360212326 0.55177408456802 -0.98931807279587
v 0.6995205283165 0.45030000805855 -0.99221360683441
v 0.70121490955353 0.451062977314 -1.0062347650528
v 0.6947403550148 0.55330002307892 -1.00160443782806
v 0.68827950954437 0.65561336278915 -0.99697422981262
v 0.68081307411194 0.75312000513077 -0.99210923910141
v 0.67141807079315 0.8404792547226 -0.98680073022842
v 0.65744948387146 0.83910596370697 -0.98857456445694
v 0.66683077812195 0.75189930200577 -0.99385696649551
v 0.6742696762085 0.65477406978607 -0.99870896339416
v 0.68073046207428 0.55253702402115 -1.00333917140961
v 0.68720501661301 0.45022371411324 -1.00796937942505
v 0.68551063537598 0.44946074485779 -0.99394834041595
v 0.67257523536682 0.65393483638763 -0.98468780517578
v 0.68967086076736 1.42704522609711 -0.99994790554047
v 0.68935406208038 1.42605340480804 -0.98584854602814
v 0.68548309803009 1.48419117927551 -0.99596983194351
v 0.67134916782379 1.48380970954895 -0.99632197618484
v 0.68681931495666 1.56414973735809 -0.99656981229782
v 0.69367963075638 1.66798889636993 -1.00176084041595
v 0.67957329750061 1.66890454292297 -1.00212609767914
v 0.70056748390198 1.77220964431763 -1.00696492195129
v 0.70025062561035 1.77289640903473 -0.9928395152092
v 0.69336277246475 1.66875195503235 -0.98763537406921
v 0.68647491931915 1.56460750102997 -0.98244434595108
v 0.68513870239258 1.48373341560364 -0.98184436559677
v 0.67100477218628 1.48335194587708 -0.9821965098381
v 0.67235481739044 1.56514155864716 -0.98279649019241
v 0.67925643920898 1.6696674823761 -0.98801362514496
v 0.68614429235458 1.77381193637848 -0.99320471286774
v 0.68646115064621 1.77312529087067 -1.00733017921448
v 0.67268544435501 1.56476008892059 -0.99692195653915
v 0.67524772882462 1.42506158351898 -0.98623985052109
v 0.67556458711624 1.42605340480804 -1.00033915042877
v 0.67946308851242 1.36738157272339 -0.99024403095245
v 0.67977994680405 1.36837339401245 -1.00434339046478
v 0.69356942176819 1.36837339401245 -0.98986577987671
v 0.66585266590118 1.5250096321106 -1.19423496723175
v 0.65203565359116 1.52790892124176 -1.19490015506744
v 0.67358088493347 1.56041121482849 -1.20156502723694
v 0.65975004434586 1.56331038475037 -1.20223021507263
v 0.6674782037735 1.59871184825897 -1.20956039428711
v 0.67133545875549 1.65135633945465 -1.21322536468506
v 0.65196681022644 1.53080821037292 -1.1810485124588
v 0.65969496965408 1.56620967388153 -1.18837869167328
v 0.66579759120941 1.52790892124176 -1.18039643764496
v 0.67352575063705 1.56331038475037 -1.18772649765015
v 0.68124014139175 1.59871184825897 -1.19505667686462
v 0.68147432804108 1.59672820568085 -1.2090517282486
v 0.66724407672882 1.60069561004639 -1.19555222988129
v 0.67097723484039 1.65181410312653 -1.19909989833832
v 0.6850973367691 1.65135633945465 -1.19870865345001
v 0.6854692697525 1.65082228183746 -1.21284711360931
v 0.6850973367691 1.7211674451828 -1.19870865345001
v 0.6854692697525 1.7211674451828 -1.21284711360931
v 0.6850973367691 1.79105484485626 -1.19870865345001
v 0.6854692697525 1.79105484485626 -1.21284711360931
v 0.67096346616745 1.79105484485626 -1.19908690452576
v 0.67096346616745 1.7211674451828 -1.19908690452576
v 0.67133545875549 1.7211674451828 -1.21322536468506
v 0.67133545875549 1.79105484485626 -1.21322536468506
v 0.89798700809479 1.10278594493866 -1.16941440105438
v 0.89536964893341 1.11949479579926 -1.17197072505951
v 0.90933817625046 1.12163114547729 -1.17229688167572
v 0.91195559501648 1.10278594493866 -1.18370938301086
v 0.89266961812973 1.13475406169891 -1.18861353397369
v 0.89269715547562 1.1365852355957 -1.17459237575531
v 0.89357876777649 1.15604078769684 -1.1908438205719
v 0.89346861839294 1.15665113925934 -1.17671835422516
v 0.91088104248047 1.18358373641968 -1.18983948230743
v 0.90681725740433 1.13750076293945 -1.17473590373993
v 0.90933817625046 1.11949479579926 -1.18626582622528
v 0.90677589178085 1.13566970825195 -1.18875694274902
v 0.89536964893341 1.11735856533051 -1.18593966960907
v 0.90696877241135 1.15245485305786 -1.17643141746521
v 0.90707898139954 1.15184450149536 -1.19055688381195
v 0.92278325557709 1.17595410346985 -1.18953955173492
v 0.93920391798019 1.20158970355988 -1.1885222196579
v 0.95212554931641 1.22608077526093 -1.1882221698761
v 0.95733273029327 1.24706220626831 -1.18938302993774
v 0.96248483657837 1.26857781410217 -1.19062209129333
v 0.95926129817963 1.28551554679871 -1.19336116313934
v 0.94802033901215 1.29490005970001 -1.19715654850006
v 0.93887329101562 1.28437113761902 -1.19469153881073
v 0.93859779834747 1.30222451686859 -1.20028686523438
v 0.9316685795784 1.31389784812927 -1.20329976081848
v 0.91900873184204 1.30764150619507 -1.20219111442566
v 0.92544198036194 1.32854676246643 -1.20649528503418
v 0.91238260269165 1.32312965393066 -1.20558226108551
v 0.91922914981842 1.34296667575836 -1.20969080924988
v 0.90542590618134 1.33991479873657 -1.20914304256439
v 0.91823726892471 1.3643296957016 -1.21019947528839
v 0.90410339832306 1.36402451992035 -1.20982122421265
v 0.91823726892471 1.38767635822296 -1.21018648147583
v 0.91823726892471 1.41109931468964 -1.21018648147583
v 0.89798700809479 1.10064971446991 -1.18338334560394
v 0.91860926151276 1.41109931468964 -1.19606101512909
v 0.91860926151276 1.38767635822296 -1.19606101512909
v 0.90446162223816 1.41109931468964 -1.19568276405334
v 0.91859543323517 1.36455857753754 -1.19606101512909
v 0.91939443349838 1.34464526176453 -1.19564354419708
v 0.92520779371262 1.33144593238831 -1.19266986846924
v 0.93135178089142 1.31702601909637 -1.18951344490051
v 0.93782633543015 1.30603933334351 -1.186683177948
v 0.94683563709259 1.29902005195618 -1.18369626998901
v 0.95883429050446 1.28887259960175 -1.17961382865906
v 0.96252620220184 1.27010369300842 -1.17656183242798
v 0.95726382732391 1.24790155887604 -1.17527055740356
v 0.95193266868591 1.22646224498749 -1.1740837097168
v 0.93877685070038 1.20143711566925 -1.17438364028931
v 0.92227357625961 1.17572522163391 -1.17540109157562
v 0.91037136316299 1.18335485458374 -1.17570102214813
v 0.92699861526489 1.20868527889252 -1.18883526325226
v 0.92655783891678 1.20860886573792 -1.17469668388367
v 0.93872177600861 1.2314977645874 -1.17440974712372
v 0.94352948665619 1.25125861167908 -1.17551839351654
v 0.94839227199554 1.27056157588959 -1.17657494544983
v 0.94657391309738 1.28192961215973 -1.17832267284393
v 0.93768858909607 1.2885674238205 -1.18123126029968
v 0.92699861526489 1.29711258411407 -1.18481802940369
v 0.91869187355042 1.31076967716217 -1.18840479850769
v 0.91216218471527 1.32610523700714 -1.19174373149872
v 0.90560495853424 1.34159338474274 -1.19510889053345
v 0.90446162223816 1.36417710781097 -1.19568276405334
v 0.90446162223816 1.38767635822296 -1.19568276405334
v 0.90410339832306 1.41109931468964 -1.20982122421265
v 0.90410339832306 1.38767635822296 -1.20982122421265
v 0.92775630950928 1.29337406158447 -1.19842171669006
v 0.94835096597672 1.26903557777405 -1.1906350851059
v 0.94359838962555 1.25041925907135 -1.18964385986328
v 0.93890082836151 1.23111629486084 -1.18853521347046
v 0.93169617652893 1.26712822914124 -1.00143480300903
v 0.94036108255386 1.30184304714203 -0.99574810266495
v 0.94695961475372 1.29818081855774 -0.98377472162247
v 0.92794919013977 1.29818081855774 -0.98999619483948
v 0.93664163351059 1.33259046077728 -0.98442685604095
v 0.92418837547302 1.32953858375549 -0.97847932577133
v 0.93508493900299 1.36043858528137 -0.97571420669556
v 0.92268681526184 1.36082005500793 -0.96890580654144
v 0.94206929206848 1.38393783569336 -0.97545337677002
v 0.93026345968246 1.38721859455109 -0.96838408708572
v 0.94938415288925 1.40903925895691 -0.97502291202545
v 0.95128518342972 1.4294867515564 -0.97615766525269
v 0.93923145532608 1.42864739894867 -0.96881449222565
v 0.94509989023209 1.44337260723114 -0.97965317964554
v 0.93370741605759 1.44032073020935 -0.97186654806137
v 0.93884575366974 1.45748746395111 -0.98318779468536
v 0.93153083324432 1.47465407848358 -0.98737454414368
v 0.92352718114853 1.49380445480347 -0.99200481176376
v 0.91534441709518 1.51356518268585 -0.99673932790756
v 0.9136775135994 1.56842231750488 -0.99770450592041
v 0.90162378549576 1.56826972961426 -0.99029612541199
v 0.9136775135994 1.63144302368164 -0.99770450592041
v 0.9136775135994 1.6944637298584 -0.99770450592041
v 0.92107510566711 1.6944637298584 -0.98565286397934
v 0.92107510566711 1.63144302368164 -0.98565286397934
v 0.92107510566711 1.56865119934082 -0.98565286397934
v 0.92243885993958 1.51654076576233 -0.98487031459808
v 0.92986398935318 1.49922156333923 -0.98057919740677
v 0.93785387277603 1.48007118701935 -0.97596204280853
v 0.94512748718262 1.46305704116821 -0.97178828716278
v 0.95135408639908 1.44901859760284 -0.96826672554016
v 0.95833837985992 1.43238592147827 -0.96424949169159
v 0.9563684463501 1.40797114372253 -0.96277564764023
v 0.94879180192947 1.38172519207001 -0.96320605278015
v 0.9416835308075 1.35761559009552 -0.96351909637451
v 0.94324016571045 1.32908082008362 -0.9724143743515
v 0.93078696727753 1.32602894306183 -0.96646678447723
v 0.92929917573929 1.35799705982208 -0.9567237496376
v 0.93699979782104 1.38508224487305 -0.9561368227005
v 0.94436979293823 1.41041266918182 -0.95570641756058
v 0.9462708234787 1.43154668807983 -0.9569063782692
v 0.93996155261993 1.44589042663574 -0.9604931473732
v 0.93370741605759 1.46000528335571 -0.96402776241302
v 0.92640626430511 1.47717189788818 -0.96821451187134
v 0.91840261220932 1.49632227420807 -0.97284477949142
v 0.91056424379349 1.51493859291077 -0.97737061977386
v 0.90903514623642 1.5684986114502 -0.97824448347092
v 0.90903514623642 1.63144302368164 -0.97824448347092
v 0.90903514623642 1.6944637298584 -0.97824448347092
v 0.90162378549576 1.6944637298584 -0.99029612541199
v 0.90162378549576 1.63144302368164 -0.99029612541199
v 0.90346974134445 1.51196300983429 -0.98922663927078
v 0.91206580400467 1.49090528488159 -0.98427033424377
v 0.92008322477341 1.47167861461639 -0.97962707281113
v 0.92742568254471 1.45443558692932 -0.9754142165184
v 0.93737173080444 1.4114807844162 -0.9679536819458
v 0.93456149101257 1.29459488391876 -0.978022813797
v 0.95070660114288 1.26712822914124 -0.99521338939667
v 0.63693749904633 1.26674675941467 -1.24580657482147
v 0.64160746335983 1.27643632888794 -1.25494968891144
v 0.88382560014725 0.91235041618347 -1.21193420886993
v 0.89002466201782 0.91669929027557 -1.223881483078
v 0.89244920015335 0.7266451716423 -1.0195906162262
v 0.59927475452423 1.00566077232361 -0.91949939727783
v 0.59740126132965 1.01397705078125 -0.93080753087997
v 0.69388622045517 1.36936521530151 -1.00396513938904
v 0.91195559501648 1.1049222946167 -1.1697404384613
v 0.93829470872879 1.26346600055695 -0.98946142196655
v 0.94409430027008 1.27071416378021 -1.00718677043915
# 544 vertices

vn 0.86067032814026 0.36722475290298 0.35269328951836
vn 0.53550809621811 0.82688742876053 -0.17172133922577
vn 0.1054707095027 0.97461181879044 0.19750365614891
vn 0.42397993803024 0.51441985368729 0.74539470672607
vn -0.10490867495537 0.56095045804977 0.82117521762848
vn 0.33913099765778 0.1175958365202 0.93336027860641
vn 0.10118887573481 0.08275112509727 0.99141973257065
vn 0.07334568351507 0.59454697370529 0.80070865154266
vn -0.49082371592522 -0.87026995420456 -0.0415009483695
vn -0.18369138240814 -0.89189386367798 0.41325876116753
vn 0.00568772945553 -0.84878420829773 0.52870881557465
vn -0.96299666166306 -0.23919443786144 -0.12419110536575
vn 0.65802806615829 0.45398810505867 0.60074436664581
vn 0.59586280584335 -0.21453811228275 -0.77389979362488
vn 0.61889505386353 -0.37407463788986 -0.69067871570587
vn -0.57135528326035 0.39088287949562 -0.72163957357407
vn -0.70694983005524 0.19034704566002 -0.68116807937622
vn 0.72614073753357 0.00003125067451 -0.68754613399506
vn 0.72614073753357 -0.00003125067451 -0.68754613399506
vn -0.68911248445511 0.003750101896 -0.72464472055435
vn -0.68909692764282 -0.00371876731515 -0.72465962171555
vn -0.04525027424097 0.94066196680069 0.33631452918053
vn -0.04334520176053 0.98959565162659 0.13719210028648
vn -0.04534412547946 0.85897588729858 0.51000428199768
vn 0.14631806313992 -0.7912175655365 0.59377253055573
vn -0.57810890674591 -0.42935499548912 0.69386196136475
vn 0.38397732377052 -0.57979422807693 0.71860980987549
vn 0.67301094532013 -0.58791583776474 0.44878858327866
vn 0.78011375665665 -0.58448374271393 -0.2231619656086
vn 0.75827193260193 -0.65164387226105 0.01959431730211
vn 0.2958764731884 -0.34506422281265 0.89072316884994
vn 0.71627700328827 -0.40410897135735 0.56889641284943
vn -0.41635143756866 0.11159580945969 0.90232914686203
vn -0.49054092168808 0.07865780591965 0.86786091327667
vn -0.88620734214783 0.20947344601154 -0.41322800517082
vn -0.82900339365006 0.36332768201828 -0.42514279484749
vn -0.38975927233696 -0.15394116938114 0.90795916318893
vn -0.18375214934349 -0.95529252290726 0.23162771761417
vn 0.03125087171793 -0.09087754786015 0.99537163972855
vn 0.15593840181828 -0.97628688812256 0.15015712380409
vn 0.15587742626667 -0.97629636526108 0.15015858411789
vn 0.1559736430645 -0.97628062963486 0.15016096830368
vn -0.35063219070435 -0.16412837803364 0.92201894521713
vn -0.17578613758087 -0.38491693139076 -0.90605640411377
vn 0.18150250613689 -0.82198011875153 0.53981995582581
vn 0.03212590143085 -0.92886990308762 -0.36901038885117
vn -0.74032819271088 -0.58444994688034 0.3321633040905
vn -0.66092783212662 -0.67692840099335 0.32394808530807
vn -0.58373355865479 -0.77017575502396 -0.25706902146339
vn -0.57914632558823 -0.77224713563919 -0.26119711995125
vn 0.024562779814 0.99529260396957 0.09375107288361
vn 0.02259403467178 0.77207225561142 0.6351330280304
vn -0.04528279229999 0.94065701961517 0.3363239467144
vn 0.02062515355647 -0.97922599315643 -0.20172025263309
vn -0.04337615519762 -0.96077567338943 0.27391356229782
vn -0.87082856893539 -0.34260004758835 0.35253772139549
vn 0.29100587964058 -0.34416317939758 0.89267420768738
vn -0.66099041700363 -0.67689716815948 0.32388558983803
vn 0.04709571227431 0.62827616930008 0.77656364440918
vn -0.70901364088058 -0.67698174715042 -0.19747254252434
vn 0.19934883713722 0.20863032341003 0.95746195316315
vn 0.61054682731628 -0.63595372438431 -0.47201207280159
vn -0.00753125781193 0.99928224086761 -0.03712503984571
vn -0.16165879368782 0.54353982210159 0.82366919517517
vn 0.48563796281815 0.85880416631699 0.16312935948372
vn 0.27919521927834 0.92280685901642 -0.26547613739967
vn 0.12594065070152 0.98624336719513 -0.10706517100334
vn 0.78614121675491 0.59729355573654 -0.15881577134132
vn 0.99917197227478 0.0377193428576 0.01525024045259
vn 0.62082386016846 0.77663916349411 -0.10681445151567
vn 0.10047211498022 0.38191902637482 0.91871821880341
vn 0.6377335190773 0.68048453330994 -0.36088335514069
vn 0.75664484500885 -0.08290842175484 -0.64854818582535
vn 0.69886291027069 0.23731900751591 -0.67473727464676
vn -0.51176345348358 -0.48907533288002 -0.70633101463318
vn -0.66860848665237 -0.0415321663022 -0.7424538731575
vn 0.86065274477005 0.36723059415817 0.35273012518883
vn 0.70460534095764 0.66460466384888 -0.24866034090519
vn 0.52495837211609 0.31626260280609 -0.79018771648407
vn -0.39226514101028 -0.74480992555618 -0.53980207443237
vn 0.67638808488846 0.00003125060175 -0.73654544353485
vn 0.67633509635925 0.0075002508238 -0.73655587434769
vn -0.73134613037109 -0.03400010988116 -0.68115842342377
vn -0.73051142692566 -0.04906326904893 -0.68113565444946
vn 0.99648213386536 -0.02253155224025 -0.08071983605623
vn 0.99627727270126 0.03009457327425 -0.08078345656395
vn 0.06387556344271 0.01450012717396 0.99785250425339
vn 0.06553169339895 0 0.99785047769547
vn 0.7213870882988 -0.08272013813257 -0.68757402896881
vn 0.72120320796967 -0.05287615209818 -0.69070255756378
vn 0.6794245839119 -0.00746895186603 0.73370730876923
vn 0.68908089399338 -0.00762520357966 0.72464430332184
vn 0.25572603940964 -0.12437854707241 -0.95871484279633
vn 0.2556948363781 -0.12444107234478 -0.9587150812149
vn 0.88462048768997 0.42991924285889 0.18059921264648
vn 0.89009404182434 0.416733533144 0.18456903100014
vn -0.07406293600798 0.026093903929 -0.99691212177277
vn -0.07175176590681 0.01890671625733 -0.99724328517914
vn 0.99602645635605 -0.03768850117922 -0.08068963885307
vn 0.99663019180298 -0.01509382762015 -0.08062542229891
vn -0.99525332450867 0.06031269952655 0.07637525349855
vn -0.99636650085449 0.03768835961819 0.07637674361467
vn 0.07993955165148 -0.02200056612492 0.9965568780899
vn 0.08178213238716 -0.01468765828758 0.99654197692871
vn -0.99682855606079 0.02256286516786 0.07631373405457
vn -0.99662780761719 -0.03015633299947 0.07631271332502
vn -0.09031418710947 -0.01503153145313 -0.99579989910126
vn -0.08728364109993 0 -0.99618351459503
vn 0.67304044961929 0.00700009521097 -0.73957258462906
vn 0.67938047647476 0.01509387139231 -0.73363089561462
vn 0.73219215869904 0.00018750118033 0.68109810352325
vn 0.73153835535049 -0.03018779307604 0.68113166093826
vn 0.67952179908752 0.00746898958459 -0.73361724615097
vn 0.6888455748558 0 -0.72490811347961
vn -0.72614073753357 0 -0.68754613399506
vn -0.72851753234863 -0.03021948039532 -0.68436026573181
vn -0.6795215010643 -0.00753148831427 0.73361694812775
vn -0.6792671084404 -0.01503162737936 0.73373717069626
vn -0.73289066553116 -0.05665745586157 -0.67798322439194
vn -0.73229914903641 -0.06415782123804 -0.67795407772064
vn 0.28747379779816 0.36210012435913 -0.88670307397842
vn 0.28741320967674 0.36213377118111 -0.88670897483826
vn 0.95030504465103 -0.00021875546372 0.31132027506828
vn 0.95020347833633 0 0.31163021922112
vn -0.994244992733 -0.07550199329853 0.07600200921297
vn -0.08665743470192 -0.02971915341914 -0.99579477310181
vn 0.99490636587143 -0.06037690117955 -0.08072129637003
vn 0.99422127008438 -0.07540643960238 -0.07640644162893
vn -0.07775016874075 0.01134377345443 -0.9969083070755
vn -0.08212719857693 0.01128155272454 -0.99655801057816
vn 0.67952132225037 0.00756273744628 -0.73361676931381
vn -0.73214226961136 -0.00381258991547 -0.68114107847214
vn -0.73204189538956 -0.0112814148888 -0.68116617202759
vn 0.25068885087967 0 0.96806770563126
vn 0.2506015598774 -0.007468983531 0.9680615067482
vn -0.86878073215485 -0.43992182612419 0.22735179960728
vn -0.87215179204941 -0.43320080637932 0.22735074162483
vn 0.99606901407242 0.04518779367208 -0.07618799805641
vn 0.9973184466362 0.01487508788705 -0.07165668159723
vn 0.08212594687939 0.02903158403933 0.99619901180267
vn 0.08571988344193 0.04306307062507 0.99538820981979
vn -0.06771899014711 -0.03981263935566 -0.99690979719162
vn -0.06943915039301 -0.02618812210858 -0.99724239110947
vn -0.67235743999481 0.03384443745017 0.73945254087448
vn -0.67529910802841 0.03765724599361 0.7365819811821
vn -0.72394919395447 0.10912676900625 -0.68116730451584
vn -0.72698283195496 0.08662667870522 -0.68116945028305
vn 0.06947049498558 -0.00743768643588 0.99755626916885
vn 0.6817392706871 -0.03784488886595 -0.73061573505402
vn 0.68491923809052 -0.03778196871281 -0.72763878107071
vn -0.72395169734955 0.10909589380026 -0.68116962909698
vn 0.68895643949509 -0.01512541528791 -0.72464489936829
vn 0.72951984405518 -0.09018994867802 0.67798715829849
vn 0.7337658405304 -0.04531347751617 0.67788964509964
vn -0.0872526243329 0.00003125094008 -0.99618619680405
vn 0.73320984840393 0.05268910527229 0.67795813083649
vn 0.73146504163742 0.03012613393366 0.68121308088303
vn -0.99420654773712 0.07534519582987 0.07665771991014
vn 0.08153375983238 -0.01471920218319 0.99656188488007
vn -0.69148021936417 0.21153475344181 0.69073015451431
vn -0.63585609197617 0.25734874606133 0.72763913869858
vn -0.62841546535492 0.222472012043 -0.74538594484329
vn -0.68357795476913 0.1277529001236 -0.71861004829407
vn 0.23987986147404 0.1363777667284 0.96117573976517
vn 0.25619480013847 0.12340977787971 0.95871490240097
vn 0.96166610717773 -0.1652829349041 -0.21881474554539
vn 0.9557780623436 -0.20984989404678 -0.20603729784489
vn 0.66983968019485 -0.00753155490384 -0.7424675822258
vn -0.73339051008224 0.08290800452232 -0.67473304271698
vn -0.73460590839386 0.02640668675303 -0.67797994613647
vn 0.99740672111511 -0.00003125099465 -0.07197104394436
vn -0.07328321784735 -0.01143780816346 -0.99724555015564
vn 0.99421620368958 0.07547093182802 -0.07640846073627
vn 0.08215679228306 0.0496565811336 0.99538159370422
vn 0.84756207466125 0.48345506191254 -0.21888294816017
vn 0.85850316286087 0.46375173330307 -0.2188757956028
vn -0.26334556937218 0.00378127628937 -0.96469414234161
vn -0.2585332095623 0.01878139004111 -0.9658197760582
vn -0.67955756187439 0 0.73362219333649
vn 0.72964358329773 0.0601890347898 0.68117362260818
vn 0.72963947057724 0.06028244644403 0.68116974830627
vn 0.07712568342686 -0.01456262823194 0.99691504240036
vn 0.73206669092178 0.01506258640438 0.68106639385223
vn -0.41882342100143 0.90124219655991 0.11112789809704
vn -0.41885063052177 0.90123355388641 0.11109557747841
vn -0.41875860095024 0.9012685418129 0.11115853488445
vn -0.66555345058441 -0.11994151026011 0.73664957284927
vn -0.66417866945267 -0.17144328355789 0.72764956951141
vn -0.62570285797119 -0.47135531902313 -0.62154650688171
vn -0.64363938570023 -0.41163423657417 -0.64520198106766
vn 0.24991215765476 -0.01528161205351 0.96814793348312
vn 0.25872454047203 -0.01503158733249 0.96583420038223
vn -0.84752762317657 -0.48351579904556 0.21888214349747
vn -0.85473871231079 -0.4666046500206 0.2273803204298
vn 0.99525254964828 -0.06028329581022 -0.07640884816647
vn 0.99421846866608 -0.07537735253572 -0.07647113502026
vn 0.43557411432266 0.82989716529846 -0.34863430261612
vn 0.44217014312744 0.82640093564987 -0.34863594174385
vn 0.62661010026932 0.00003125081639 0.77933287620544
vn 0.62326103448868 0 0.78201389312744
vn -0.99525117874146 0.06034571677446 0.07637748122215
vn -0.99423068761826 0.07534465193748 0.07634466141462
vn 0.07765813171864 -0.0290944557637 0.99655544757843
vn -0.6827010512352 -0.0114377271384 0.73060828447342
vn -0.68275862932205 -0.00378129770979 0.7306342124939
vn -0.73131603002548 -0.03400016576052 -0.68119078874588
vn -0.73204165697098 -0.01131266076118 -0.68116593360901
vn 0.0778771340847 0.00765645969659 0.99693357944489
vn 0.99737644195557 -0.00750001054257 -0.07200010120869
vn 0.99737375974655 -0.0075314771384 -0.07203342020512
vn -0.07625038176775 0.0188125949353 -0.99691122770309
vn -0.07872095704079 0.02593822777271 -0.99655920267105
vn -0.99696952104568 0.01509423367679 0.0763149484992
vn -0.07175172120333 0.01893795467913 -0.99724274873734
vn -0.0741250962019 0.02609378285706 -0.99690753221512
vn 0.08222140371799 -0.02912594005466 0.9961884021759
vn 0.99704152345657 -0.00746882706881 -0.07650079578161
vn 0.07378329336643 -0.02834453620017 0.99687141180038
vn 0.07709447294474 -0.01468763779849 0.99691557884216
vn -0.25906756520271 0.12712749838829 0.95745629072189
vn -0.25631731748581 0.12347106635571 0.95867425203323
vn 0.72288382053375 0.02253152430058 0.69060212373734
vn 0.72600358724594 0 0.68769091367722
vn -0.68592303991318 0 0.72767406702042
vn -0.7304824590683 -0.04903217032552 -0.68116903305054
vn -0.99670630693436 0.0074688908644 0.08075152337551
vn -0.99670445919037 0.00737512577325 0.08078262209892
vn 0.72255772352219 0.09794108569622 -0.68433755636215
vn 0.689357817173 0.00003125063449 0.72442102432251
vn 0.68900567293167 -0.00006250051229 0.7247559428215
vn 0.99114167690277 0.10543926805258 -0.08075135946274
vn -0.07150182873011 -0.05009502917528 -0.99618172645569
vn -0.06431398540735 -0.05237621068954 -0.99655431509018
vn 0.07743824273348 0.04903171956539 0.99579071998596
vn -0.07331433147192 0.01140653435141 -0.99724364280701
vn -0.07328327000141 0.01137531455606 -0.99724626541138
vn -0.99571049213409 -0.04521979391575 0.0807206183672
vn -0.99388039112091 -0.07540666311979 0.0807191953063
vn 0.99113589525223 0.10546991229057 -0.08078213781118
vn 0.9938628077507 0.07547020167112 -0.08087654411793
vn -0.08665727078915 -0.02978160046041 -0.99579292535782
vn -0.08053261786699 -0.04359449073672 -0.99579817056656
vn -0.99148833751678 -0.10543958097696 0.07637650519609
vn 0.06809486448765 0.02868797071278 0.99726629257202
vn 0.0712514296174 0.04253210127354 0.99655115604401
vn -0.67289817333221 0.01887565106153 0.73949426412582
vn -0.72772085666656 0.04528138414025 -0.68437701463699
vn -0.23369443416595 0 0.97231006622314
vn -0.23841385543346 0.00384387280792 0.97115606069565
vn -0.97160029411316 -0.01884387806058 -0.2358765900135
vn -0.97279703617096 0.00375006068498 -0.2316287457943
vn -0.99673426151276 0.00012500194134 0.08075125515461
vn -0.99666488170624 -0.01462512649596 0.08028194308281
vn 0.2348461151123 0.07418824732304 0.96919727325439
vn 0.27212792634964 0.09581353515387 0.9574790596962
vn -0.97432458400726 0.03009412251413 0.22312776744366
vn -0.96930611133575 -0.05275135114789 0.24013115465641
vn -0.68901765346527 -0.00746894162148 0.72470605373383
vn -0.68276607990265 -0.01137526798993 0.73054844141006
vn -0.732142329216 -0.00378133961931 -0.68114113807678
vn -0.73462027311325 0.02646970562637 -0.67796194553375
vn 0.61638242006302 0 0.78744697570801
vn 0.61973744630814 0.0074689751491 0.78477364778519
vn 0.78443145751953 0.08294016122818 -0.61464476585388
vn 0.78517246246338 0.07540780305862 -0.61466890573502
vn -0.07121919840574 0.03306271135807 -0.99691259860992
vn -0.99705845117569 0.00743770273402 0.07628333568573
vn 0.53950786590576 0.20725303888321 -0.81607443094254
vn 0.63442957401276 0.14225523173809 -0.75977796316147
vn -0.62567758560181 -0.47142231464386 -0.62152117490768
vn -0.52661055326462 -0.64127039909363 -0.5580803155899
vn 0.68216979503632 0.68610745668411 -0.25278630852699
vn 0.28122779726982 0.33185443282127 -0.90043520927429
vn 0.22903199493885 0.13006292283535 -0.96469062566757
vn -0.96871501207352 0.15031677484512 -0.197474360466
vn -0.95790070295334 0.01890675723553 -0.28647643327713
vn -0.41826555132866 0.10431637614965 0.90231478214264
vn -0.31032186746597 0.08550257980824 0.94677859544754
vn 0.91129904985428 0.04518838226795 0.40925797820091
vn 0.87685656547546 -0.21684691309929 0.42906874418259
vn 0.41988149285316 -0.09750150889158 -0.90232640504837
vn 0.52150905132294 -0.07525130361319 -0.84992092847824
vn -0.90261596441269 -0.03396958485246 -0.4291042983532
vn -0.87402057647705 0.22794285416603 -0.42910385131836
vn -0.65032655000687 -0.71173411607742 -0.26553699374199
vn -0.77890521287918 -0.52670788764954 -0.34041947126389
vn 0.492791056633 0.01506279874593 -0.87001729011536
vn 0.39888456463814 -0.02312555350363 -0.91670948266983
vn 0.06612561643124 0.99632179737091 0.05450050532818
vn 0.52078461647034 0.72381716966629 0.45262795686722
vn -0.5516123175621 0.15978664159775 0.81865257024765
vn -0.64013385772705 0.0940950512886 0.76247936487198
vn -0.50860893726349 -0.72508412599564 -0.46429508924484
vn -0.0471884906292 -0.99783343076706 -0.04584471136332
vn -0.58650481700897 0.04878165200353 0.80847537517548
vn -0.50858157873154 -0.72512102127075 -0.46426746249199
vn -0.73226910829544 -0.06415793299675 -0.6779865026474
vn 0.75830119848251 -0.00753144780174 -0.65186089277267
vn 0.76040863990784 0.13534973561764 -0.63518434762955
vn 0.66372966766357 0.09047024697065 -0.74248099327087
vn -0.68849188089371 0.03012601286173 0.72461807727814
vn 0.73636561632156 0.08287745714188 0.67148864269257
vn 0.71971017122269 -0.1496297121048 0.67795884609222
vn -0.62071299552917 0.34670174121857 0.70321637392044
vn -0.58098345994949 0.3586340546608 -0.73064345121384
vn 0.72757637500763 -0.1051582545042 0.6779191493988
vn 0.61969619989395 0.0150002092123 0.78469842672348
vn 0.78432667255402 0.10597067326307 -0.61122977733612
vn -0.07334543764591 0.011375262402 -0.99724173545837
vn -0.87214559316635 -0.43319770693779 0.22738036513329
vn -0.86880612373352 -0.43985635042191 0.2273815125227
vn -0.25494241714478 0.00003125060539 -0.96695625782013
vn -0.25065955519676 -0.00003125041258 -0.96807527542114
vn 0.67960679531097 0.00006250119623 -0.73357659578323
vn 0.67948925495148 0.00750022614375 -0.733647108078
vn -0.78483778238297 -0.07900254428387 0.61464482545853
vn -0.78402119874954 -0.08653358370066 0.61467283964157
vn 0.68260228633881 0.01509393937886 -0.73063415288925
vn 0.69223076105118 0.00746887968853 -0.72163754701614
vn 0.73492282629013 0.01503159012645 0.67798411846161
vn 0.73024189472198 0.05278292670846 0.6811466217041
vn -0.69848781824112 -0.00756270624697 0.71558201313019
vn -0.68906968832016 0 0.72469508647919
vn -0.07771907746792 0.01137504819781 -0.99691039323807
vn 0.72745591402054 -0.08278334885836 0.68114227056503
vn -0.09034509956837 -0.01509397476912 -0.99579614400864
vn -0.61029404401779 -0.29153737425804 0.7365779876709
vn -0.73292195796967 -0.05662621185184 -0.67795199155807
vn -0.72898679971695 -0.01512537430972 -0.68436062335968
vn 0.78517431020737 0.07537673413754 -0.61467033624649
vn -0.06768788397312 -0.03981272503734 -0.99691188335419
vn -0.06431419402361 -0.05231387913227 -0.996557533741
vn -0.20972645282745 -0.9575976729393 0.19753849506378
vn -0.20968921482563 -0.95763278007507 0.1974078565836
vn -0.20969419181347 -0.95762431621552 0.19744379818439
vn 0.68876504898071 0.00012500272715 0.72498458623886
vn 0.71704703569412 -0.00753141567111 0.69698411226273
vn 0.71208435297012 -0.19406846165657 -0.67473948001862
vn 0.69570261240005 -0.28719374537468 -0.65842056274414
vn 0.10731434077024 -0.99057948589325 0.08506395667791
vn 0.64530336856842 0.04518905282021 -0.7625886797905
vn -0.27750623226166 -0.95427143573761 -0.11115875095129
vn -0.50183033943176 -0.83899861574173 -0.21035122871399
vn 0.42972764372826 0.06759515404701 -0.90042489767075
vn 0.37841191887856 0.02275034226477 -0.92535769939423
vn 0.28244310617447 0.05968868732452 0.95742529630661
vn -0.95992773771286 -0.15775354206562 0.23163019120693
vn -0.23743963241577 -0.14065751433372 -0.96116483211517
vn -0.21481868624687 -0.12928496301174 -0.96805906295776
vn -0.96357786655426 0.16522137820721 0.21028459072113
vn -0.95502412319183 0.21325539052486 0.20603646337986
vn 0.19375462830067 0.08740834146738 0.9771483540535
vn 0.21616157889366 0.01496911980212 0.97624284029007
vn -0.97253268957138 0.02262576110661 0.23166404664516
vn -0.96124529838562 0.13544124364853 0.24013163149357
vn -0.07150194048882 -0.05006385967135 -0.99618327617645
vn -0.06940816342831 -0.02612571790814 -0.99724620580673
vn 0.72129189968109 -0.08278246968985 -0.68766641616821
vn 0.6890811920166 -0.00756270531565 0.72464466094971
vn -0.9550307393074 0.21319437026978 0.2060691267252
vn -0.66986036300659 -0.00012500309094 0.74248713254929
vn -0.72898745536804 -0.01506288629025 -0.68436127901077
vn -0.96355795860291 0.16525457799435 0.21034958958626
vn 0.61619621515274 0.01506271306425 0.78744864463806
vn 0.78223156929016 0.1204707249999 -0.61122870445251
vn -0.60950756072998 -0.01146889198571 -0.79269731044769
vn -0.61291915178299 -0.00746890669689 -0.79011034965515
vn -0.72495537996292 -0.04143852367997 0.68754822015762
vn -0.7225444316864 -0.09768928587437 0.68438756465912
vn -0.68911254405975 0.00371885136701 -0.724644780159
vn -0.7078515291214 0.00371879059821 -0.70635145902634
vn -0.69226151704788 0.00375006231479 0.72163701057434
vn -0.72627246379852 0.16106747090816 -0.66827064752579
vn -0.0805327296257 -0.04356329888105 -0.99579954147339
vn 0.22631992399693 0.96993798017502 0.08944043517113
vn 0.22634956240654 0.96993112564087 0.08943980187178
vn -0.36285397410393 -0.00368760386482 0.93183869123459
vn -0.36288100481033 0.00375006208196 0.93182796239853
vn -0.07625047117472 0.01875011622906 -0.99691236019135
vn -0.07331433147192 -0.01140653435141 -0.99724364280701
vn 0.87031024694443 0.43692082166672 -0.22728882730007
vn 0.8702546954155 0.43700233101845 -0.22734497487545
vn 0.25072574615479 0 0.96805816888809
vn -0.43498101830482 0.00378135684878 0.90043169260025
vn -0.44663518667221 0.01125025656074 0.89464545249939
vn 0.89730697870255 -0.02265689894557 0.44082516431808
vn 0.89959132671356 0 0.43673273921013
vn 0.43513530492783 0 -0.90036505460739
vn 0.42706403136253 -0.00743752671406 -0.9041907787323
vn -0.90108752250671 0.02268812991679 -0.43304327130318
vn -0.89947515726089 -0.0000312502234 -0.43697187304497
vn 0.68919777870178 -0.00018750278105 0.72457325458527
vn 0.69570076465607 -0.28713047504425 -0.6584500670433
vn -0.25069642066956 0 -0.96806573867798
vn -0.89011859893799 -0.41666787862778 -0.18459889292717
vn -0.89010834693909 -0.41666305065155 -0.18465927243233
vn -0.64929193258286 0.5572903752327 0.51753973960876
vn -0.64923316240311 0.55735611915588 0.517542719841
vn -0.64920455217361 0.55735844373703 0.51757609844208
vn -0.64913368225098 0.55747622251511 0.517538189888
vn 0.42641466856003 -0.11940860748291 -0.89661145210266
vn 0.41416329145432 -0.11947078257799 -0.90232783555984
vn 0.82770413160324 -0.36628860235214 0.42513355612755
vn 0.84220832586288 -0.33153945207596 0.42516675591469
vn 0.43244543671608 -0.11228331923485 -0.89464145898819
vn 0.86273258924484 -0.26756677031517 0.42906937003136
vn -0.90467524528503 0.23919253051281 -0.35263240337372
vn -0.90467202663422 0.2391604334116 -0.35266241431236
vn -0.90466850996017 0.23922199010849 -0.35262978076935
vn -0.90467166900635 0.23925407230854 -0.3525997698307
vn 0.94859904050827 -0.02265712246299 0.31566840410233
vn 0.64234888553619 0.41365957260132 0.64519274234772
vn 0.60775655508041 0.46294248104095 0.64522570371628
vn -0.51147502660751 -0.32497271895409 0.79547852277756
vn -0.5252993106842 -0.09725335240364 0.84534162282944
vn -0.51177126169205 -0.48905155062675 -0.70634180307388
vn -0.39225599169731 -0.74482387304306 -0.53978943824768
vn -0.19450551271439 -0.04493877291679 -0.97987145185471
vn -0.23385009169579 -0.07784586399794 -0.96915125846863
vn 0.96936804056168 0.05275132134557 -0.23988102376461
vn 0.95453399419785 0.15790671110153 -0.25284448266029
vn -0.19766294956207 -0.0987533479929 -0.9752830862999
vn 0.97026932239532 -0.03025060333312 -0.24012978374958
vn 0.29960390925407 0.02990726195276 0.95359480381012
vn -0.89987224340439 -0.37479314208031 0.22306956350803
vn -0.26897451281548 -0.07831417769194 -0.9599581360817
vn 0.9727618098259 -0.12862655520439 -0.19284610450268
vn -0.23743860423565 -0.01506256964058 -0.97128576040268
vn 0.97549551725388 -0.02265687100589 -0.21884974837303
vn 0.36293783783913 0.00009375008085 -0.93181335926056
vn 0.36281871795654 -0.00009375160153 -0.93185973167419
vn -0.2338492423296 0 0.9722728729248
vn 0.97267025709152 0 0.23219083249569
vn 0.11490930616856 -0.93171226978302 -0.34454041719437
vn 0.11484552174807 -0.93173313140869 -0.34450531005859
vn -0.72613561153412 0.00375005463138 0.68754130601883
vn -0.72613579034805 -0.00368755473755 0.68754142522812
vn -0.07872082293034 0.02600068598986 -0.99655759334564
vn 0.68380218744278 -0.12722264230251 0.71849077939987
vn 0.67036294937134 -0.23678803443909 0.70323890447617
vn -0.96124935150146 0.13541056215763 0.24013264477253
vn 0.69857919216156 -0.28019419312477 -0.65839070081711
vn 0.64374077320099 -0.35491839051247 -0.67796069383621
vn 0.59536105394363 -0.36547937989235 0.71552079916
vn -0.97432953119278 0.03015677630901 0.22309765219688
vn 0.61373746395111 -0.15669226646423 0.77380478382111
vn 0.56751668453217 -0.3964803814888 0.72161495685577
vn 0.6986346244812 0.00006250086153 -0.7154785990715
vn 0.67808133363724 -0.04540751129389 -0.73358285427094
vn -0.723268866539 -0.13153468072414 -0.67792391777039
vn -0.70070606470108 -0.21216186881065 -0.68117427825928
vn -0.73588800430298 -0.08659528195858 0.67154312133789
vn 0.67709988355637 0.23678338527679 0.69675630331039
vn -0.32707142829895 0.04490747302771 0.94393199682236
vn 0.97280561923981 0.01509412750602 0.23113077878952
vn 0.95508617162704 0.23175574839115 0.18466083705425
vn 0.66416555643082 0.12784554064274 -0.73657286167145
vn -0.61638242006302 0 -0.78744697570801
vn -0.78401696681976 -0.08659562468529 0.61466950178146
vn -0.78480488061905 -0.07909613847733 0.6146747469902
vn 0.15556704998016 -0.08687754720449 -0.98399752378464
vn 0.22509998083115 -0.0073127024807 -0.97430825233459
vn -0.97159969806671 -0.01887511648238 -0.23587645590305
vn -0.94267797470093 -0.2317553460598 -0.24009929597378
vn -0.25316429138184 0.05581427365541 0.96581190824509
vn -0.20634727180004 0.06621988862753 0.97623550891876
vn 0.94971787929535 -0.17247426509857 0.2613208591938
vn 0.92628514766693 -0.27516669034958 0.25744727253914
vn 0.68927383422852 -0.20844469964504 -0.69386768341064
vn -0.68360996246338 0.12775303423405 -0.71857953071594
vn -0.62843012809753 0.22247719764709 -0.74537205696106
vn -0.64309549331665 0.11606281995773 0.75693958997726
vn -0.66857570409775 -0.04153207316995 -0.74248337745666
vn 0.28275996446609 0.95322108268738 0.10684751719236
vn -0.35350456833839 0.03006288968027 0.93494957685471
vn -0.39873185753822 0.10062830895185 0.91152995824814
vn -0.86069941520691 0.26772245764732 -0.43303722143173
vn -0.87402606010437 0.22797556221485 -0.42907530069351
vn 0.69960707426071 0.21537908911705 0.68129420280457
vn 0.69348323345184 0.1422217041254 0.70629596710205
vn 0.22553503513336 0 0.97423505783081
vn -0.97379910945892 0.00375006860122 0.22737917304039
vn 0.72611033916473 0 0.68757820129395
vn -0.68902122974396 0 0.7247411608696
vn 0.68879705667496 0 -0.72495418787003
vn 0.97379899024963 0 -0.22741040587425
vn 0.72423994541168 -0.05284529551864 -0.68752014636993
vn -0.67308956384659 -0.00003125125659 -0.73956102132797
vn -0.65678656101227 -0.00768756214529 -0.75403738021851
vn 0.66985690593719 -0.00753139751032 0.74245202541351
vn -0.7141221165657 -0.23760317265987 -0.65846365690231
vn -0.7232386469841 -0.13153485953808 -0.67795610427856
vn -0.70689505338669 0.19041165709496 -0.68120682239532
vn -0.74066382646561 0.25531509518623 0.62147510051727
vn -0.73076242208481 0.04515701904893 0.68113660812378
vn 0.89712601900101 0.36804449558258 -0.24435253441334
vn 0.2571008503437 -0.13100361824036 -0.95746392011642
vn -0.88433057069778 -0.43063381314278 -0.18031619489193
vn -0.8775999546051 -0.44419062137604 -0.18031376600266
vn 0.73913782835007 0.05281341820955 0.67148047685623
vn -0.33494338393211 0.0890953168273 0.93801647424698
vn -0.50182378292084 -0.83901888132095 -0.21028597652912
vn -0.61638242006302 -0.0000312503762 -0.78744697570801
vn -0.22281800210476 -0.97074276208878 -0.08950220793486
vn -0.22263264656067 -0.97118955850601 -0.08500291407108
vn -0.28963094949722 -0.36060112714767 0.88661193847656
vn -0.30576074123383 -0.32573020458221 0.89465647935867
vn 0.72172784805298 0.04525057226419 -0.69069623947144
vn -0.70785135030746 0.00378129049204 -0.70635133981705
vn -0.68911230564117 0.00381260272115 -0.72464454174042
vn 0.25232121348381 -0.05997082218528 -0.96578335762024
vn -0.92626345157623 0.27556651830673 -0.25709748268127
vn 0.68175542354584 0.07531309872866 0.72769325971603
vn -0.58288651704788 -0.66954445838928 0.46038410067558
vn -0.43557888269424 -0.82990622520447 0.3486068546772
vn 0.363136023283 -0.0526578463614 -0.93024694919586
vn -0.8290131688118 0.36331826448441 -0.4251317679882
vn -0.88620173931122 0.20944085717201 -0.41325664520264
vn -0.13734659552574 0.12015874683857 0.98320788145065
vn -0.25625520944595 0.12334625422955 0.95870691537857
vn 0.88453489542007 0.43017321825027 0.18041338026524
vn 0.95352679491043 0.18747401237488 0.23588162660599
vn 0.36178609728813 -0.08246985822916 -0.92860621213913
vn -0.95779466629028 -0.19125267863274 -0.21459674835205
vn 0.86796134710312 0.44366842508316 -0.22316236793995
vn -0.9263151884079 0.27541634440422 -0.25707194209099
vn -0.95127487182617 0.17647336423397 -0.2528503537178
vn 0.63714510202408 0.51604753732681 0.57248675823212
vn 0.40644773840904 0.73173719644547 0.54713881015778
vn 0.23378306627274 0 -0.97228878736496
vn -0.40409880876541 0.11156389117241 0.90788638591766
vn -0.83860921859741 0.33556869626045 -0.42910167574883
vn -0.43498113751411 0.00371885579079 0.90043187141418
vn -0.89948743581772 0.00003125064904 -0.43694657087326
vn -0.62320756912231 0 -0.78205645084381
vn -0.55172508955002 0.0678757801652 -0.83125948905945
vn 0.58273249864578 0.66695320606232 -0.46432343125343
vn -0.83858233690262 0.33563295006752 -0.429103910923
vn -0.72439259290695 0.049032445997 0.68764173984528
vn -0.69846314191818 0.01125041395426 -0.71555757522583
vn 0.70471203327179 -0.00012500435696 0.70949345827103
vn 0.68919777870178 0 0.72457331418991
vn 0.72617107629776 -0.00003125063813 -0.68751406669617
vn 0.72424232959747 -0.05278296768665 -0.68752241134644
vn 0.2557515501976 -0.12425076216459 -0.95872461795807
vn 0.89006435871124 0.4167967736721 0.18456937372684
vn -0.74861133098602 -0.30188208818436 0.59029513597488
vn -0.78170555830002 -0.12397161871195 0.61120164394379
vn -0.61619591712952 -0.01509395614266 -0.78744828701019
vn -0.55235987901688 0.01165658980608 -0.83352428674698
vn -0.33150988817215 -0.11434715241194 0.93649661540985
vn 0.92105275392532 -0.16512885689735 0.35269573330879
vn 0.4782338142395 0.62045705318451 0.62155085802078
vn -0.31788611412048 0.08903436362743 0.94393926858902
vn -0.90263479948044 -0.03393787145615 -0.4290671646595
vn -0.77890068292618 -0.52673614025116 -0.3403862118721
vn -0.43550565838814 -0.82994824647903 0.34859827160835
vn -0.58289033174515 -0.66951763629913 0.46041834354401
vn -0.95024609565735 0.00375010771677 -0.31147769093513
vn -0.96930855512619 -0.05284523963928 0.240100517869
vn 0.86476641893387 -0.2090977281332 0.45657116174698
vn 0.89948743581772 0 0.43694657087326
vn 0.43516063690186 0 -0.90035283565521
vn -0.22522313892841 0.00368757196702 -0.97430020570755
vn -0.97254776954651 0.02265663444996 0.23159767687321
vn 0.7928591966629 0.5135412812233 0.32810014486313
vn 0.65114760398865 0.71099346876144 0.26550921797752
vn -0.58092224597931 0.35866612195969 -0.73067635297775
vn -0.70068085193634 -0.21222619712353 -0.68118011951447
vn -0.69895070791245 0.00040625766269 0.71516972780228
vn 0.07168977707624 -0.99512535333633 -0.06772089749575
vn 0.07165736705065 -0.99514049291611 -0.0675323009491
vn 0.07171995192766 -0.99511045217514 -0.06790738552809
vn 0.74840945005417 0.30229514837265 -0.59033966064453
vn 0.67529910802841 0.03765724599361 0.7365819811821
vn -0.89011347293854 -0.41666546463966 -0.18462909758091
vn 0.50957149267197 0.83748352527618 0.19737848639488
vn -0.95780038833618 -0.19122257828712 -0.21459802985191
vn -0.68902397155762 0.01131289359182 -0.72465026378632
vn -0.69847869873047 0.01131266076118 -0.7155414223671
vn -0.39882215857506 0.01884420588613 0.91683465242386
vn -0.65038788318634 -0.71170157194138 -0.26547402143478
vn -0.87216484546661 -0.43316054344177 0.2273772507906
vn -0.07121912389994 0.03309392556548 -0.99691152572632
vn -0.78120934963226 -0.10903429985046 0.61467343568802
vn -0.74864560365677 -0.30191454291344 0.59023499488831
vn -0.78119701147079 -0.10900133103132 0.61469495296478
vn -0.72185975313187 0.07900174707174 0.68751525878906
vn -0.88433754444122 -0.43060591816902 -0.18034884333611
vn -0.72257709503174 -0.09765822440386 0.68435752391815
vn -0.69442236423492 0.2901317179203 0.65848404169083
vn -0.69876110553741 0 0.71535509824753
vn 0.69966876506805 0.21537883579731 0.68123090267181
vn -0.72184121608734 0.07906564325094 0.68752735853195
vn -0.68904042243958 0.01131264958531 -0.72463464736938
vn -0.62152045965195 0.36963719129562 0.69071024656296
vn -0.62322670221329 0.00015625199012 -0.78204125165939
vn -0.28925648331642 -0.36082059144974 0.88664489984512
vn -0.8721399307251 -0.43322619795799 0.22734765708447
vn -0.78481072187424 -0.07900296896696 0.61467933654785
vn -0.71117198467255 0.19719184935093 0.67479610443115
vn 0.69566410779953 -0.28715947270393 -0.65847617387772
vn -0.68908059597015 0.00368759711273 -0.72467529773712
vn -0.72448831796646 0.0489075705409 0.68754982948303
vn -0.97379899024963 0.00378131889738 0.22737914323807
vn -0.19909793138504 0.01503156591207 -0.97986429929733
vn -0.86070382595062 0.26775509119034 -0.43300822377205
vn 0.68902122974396 0 0.7247411608696
vn -0.68900859355927 0.01128139160573 -0.72466534376144
vn 0.69885593652725 0.00003125054354 -0.71526247262955
vn -0.70071071386337 -0.21213200688362 -0.68117880821228
vn -0.84752643108368 -0.48354631662369 0.21881932020187
vn -0.64362108707428 -0.41164249181747 -0.64521491527557
vn 0.61470228433609 0.04531359300017 -0.78745651245117
vn -0.71414268016815 -0.23756837844849 -0.65845382213593
vn 0.97381281852722 0 -0.22735112905502
vn -0.43554225564003 -0.82992720603943 0.34860256314278
vn -0.72614073753357 -0.00003125067451 -0.68754613399506
vn -0.22522307932377 0.00375007209368 -0.97430002689362
vn -0.96869993209839 0.15037693083286 -0.19750252366066
vn 0.66625505685806 -0.0226251706481 -0.74538064002991
vn 0.29344582557678 -0.06750191748142 -0.95358955860138
vn -0.22275641560555 -0.97115302085876 -0.08509620279074
vn -0.65167200565338 0.04887618124485 0.75692451000214
vn 0.10734494775534 -0.99057352542877 0.08509469777346
vn -0.10362830758095 0.99096912145615 -0.08509646356106
vn -0.57136815786362 0.39089170098305 -0.72162461280823
vn -0.94267094135284 -0.23175360262394 -0.2401287406683
vn -0.72628718614578 0.16106382012367 -0.66825544834137
vn -0.72773545980453 0.04531354084611 -0.68435943126678
vn -0.95023667812347 0.00378132145852 -0.31150588393211
vn -0.95023679733276 0.00375007116236 -0.31150591373444
vn -0.87760716676712 -0.44416302442551 -0.1803465038538
vn -0.72617107629776 0.00003125063813 -0.68751406669617
vn -0.72617107629776 -0.00003125063813 -0.68751406669617
vn -0.89947515726089 0.0000312502234 -0.43697187304497
vn -0.68911218643188 0.00384385301732 -0.72464442253113
vn -0.95791184902191 0.01890636049211 -0.28643918037415
vn -0.95128834247589 0.17640756070614 -0.25284561514854
vn -0.89988279342651 -0.37476626038551 0.2230721861124
vn 0.23381260037422 0 -0.97228169441223
vn -0.97279679775238 0.00381256104447 -0.23162870109081
vn -0.22262755036354 -0.97079229354858 -0.08943852782249
vn -0.74167704582214 -0.23435032367706 -0.62848633527756
vn -0.95023691654205 0.00371882109903 -0.31150594353676
vn -0.68909680843353 0.00378126674332 -0.72465944290161
vn -0.97279715538025 0.00371881062165 -0.23162877559662
# 647 normals

vt 0.53369945287704 0.68347132205963 0
vt 0.82040137052536 0.70119267702103 0
vt 0.83387464284897 0.68347132205963 0
vt 0.96071779727936 0.72971677780151 0
vt 0.93959748744965 0.64742177724838 0
vt 0.89662861824036 0.64317351579666 0
vt 0.90949499607086 0.73020225763321 0
vt 0.53369945287704 0.78749316930771 0
vt 0.73203599452972 0.78749316930771 0
vt 0.71941238641739 0.7742628455162 0
vt 0.93280017375946 0.81674551963806 0
vt 0.93923336267471 0.80400067567825 0
vt 0.9257600903511 0.80217999219894 0
vt 0.92988699674606 0.8114048242569 0
vt 0.77646142244339 0.87136602401733 0
vt 0.77828216552734 0.84988194704056 0
vt 0.7574046254158 0.87840604782104 0
vt 0.70982325077057 0.62690871953964 0
vt 0.75424873828888 0.63237076997757 0
vt 0.79903829097748 0.56427717208862 0
vt 0.7561908364296 0.54206478595734 0
vt 0.67340898513794 0.52130901813507 0
vt 0.79576098918915 0.57932817935944 0
vt 0.75910395383835 0.60627430677414 0
vt 0.53369945287704 0.57932817935944 0
vt 0.77342689037323 0.98230642080307 0
vt 0.83763748407364 0.89940458536148 0
vt 0.78495812416077 0.86821019649506 0
vt 0.77354830503464 0.95305413007736 0
vt 0.00654175318778 0.05084407329559 0
vt 0.02171437814832 0.00265657901764 0
vt 0.0090907542035 0.00714755058289 0
vt 0.00557070504874 0.02486896514893 0
vt 0.95756191015244 0.81383240222931 0
vt 0.3759041428566 0.20463120937347 0
vt 0.37675380706787 0.19783401489258 0
vt 0.3738406598568 0.197469830513 0
vt 0.37262684106827 0.20438849925995 0
vt 0.20135825872421 0.12197208404541 0
vt 0.24323470890522 0.20402431488037 0
vt 0.21701641380787 0.10510039329529 0
vt 0.97188484668732 0.02948129177094 0
vt 0.97188484668732 0.01467311382294 0
vt 0.96885031461716 0.01467311382294 0
vt 0.96885031461716 0.02948129177094 0
vt 0.05812867730856 0.29918539524078 0
vt 0.01455289870501 0.18836641311646 0
vt 0.00350722810254 0.19358575344086 0
vt 0.85426664352417 0.65603971481323 0
vt 0.84394925832748 0.69937199354172 0
vt 0.85572320222855 0.70556235313416 0
vt 0.76978546380997 0.98619055747986 0
vt 0.77124208211899 0.98084992170334 0
vt 0.04732576757669 0.00775444507599 0
vt 0.09320778399706 0.08313083648682 0
vt 0.07038816064596 0.02984547615051 0
vt 0.15062099695206 0.25136208534241 0
vt 0.03567319363356 0.12391424179077 0
vt 0.85475218296051 0.79113453626633 0
vt 0.85572320222855 0.79768896102905 0
vt 0.87405174970627 0.79526138305664 0
vt 0.86312747001648 0.78979933261871 0
vt 0.78216636180878 0.86347639560699 0
vt 0.83872991800308 0.79817450046539 0
vt 0.79891693592072 0.85534399747849 0
vt 0.72329658269882 0.8916363120079 0
vt 0.30246862769127 0.01273107528687 0
vt 0.29724925756454 0.01309514045715 0
vt 0.29724925756454 0.01637244224548 0
vt 0.30259001255035 0.01600825786591 0
vt 0.79867416620255 0.55480962991714 0
vt 0.80085903406143 0.58721780776978 0
vt 0.93219327926636 0.95778787136078 0
vt 0.84965419769287 0.95875895023346 0
vt 0.88995265960693 0.9666485786438 0
vt 0.6927085518837 0.51123452186584 0
vt 0.72329658269882 0.47518503665924 0
vt 0.52483862638474 0.00556969642639 0
vt 0.52799451351166 0.00556969642639 0
vt 0.52799451351166 0.00253522396088 0
vt 0.52483862638474 0.00253522396088 0
vt 0.9408113360405 0.98655474185944 0
vt 0.84831899404526 0.63759011030197 0
vt 0.81870204210281 0.62921494245529 0
vt 0.80692803859711 0.98534089326859 0
vt 0.768450319767 0.99675053358078 0
vt 0.77500486373901 0.99675053358078 0
vt 0.53369945287704 0.47518503665924 0
vt 0.95270663499832 0.94637829065323 0
vt 0.96678686141968 0.9946870803833 0
vt 0.99676793813705 0.96786236763 0
vt 0.98730021715164 0.95159757137299 0
vt 0.89626449346542 0.61222189664841 0
vt 0.88327670097351 0.60760945081711 0
vt 0.86069983243942 0.64256662130356 0
vt 0.9343780875206 0.85303783416748 0
vt 0.89565759897232 0.87015223503113 0
vt 0.94845831394196 0.89127218723297 0
vt 0.80814188718796 0.81201171875 0
vt 0.24930375814438 0.05982601642609 0
vt 0.28778153657913 0.06249642372131 0
vt 0.27285167574883 0.04975163936615 0
vt 0.25852870941162 0.05242192745209 0
vt 0.76177436113358 0.7604256272316 0
vt 0.79685342311859 0.73299396038055 0
vt 0.96520888805389 0.99432295560837 0
vt 0.02487028390169 0.17877745628357 0
vt 0.03543043136597 0.1379941701889 0
vt 0.88995265960693 0.73020225763321 0
vt 0.16215220093727 0.10934865474701 0
vt 0.96921443939209 0.92343765497208 0
vt 0.22830483317375 0.07123565673828 0
vt 0.90039145946503 0.74015533924103 0
vt 0.93292152881622 0.83701580762863 0
vt 0.83387464284897 0.69378858804703 0
vt 0.94979351758957 0.83507370948792 0
vt 0.96460199356079 0.8446626663208 0
vt 0.92830908298492 0.62108254432678 0
vt 0.90694600343704 0.61537772417068 0
vt 0.98305189609528 0.82087236642838 0
vt 0.98050290346146 0.79004210233688 0
vt 0.97771114110947 0.84624058008194 0
vt 0.86640477180481 0.60020536184311 0
vt 0.96083915233612 0.61598461866379 0
vt 0.3779676258564 0.17829191684723 0
vt 0.3779676258564 0.17562162876129 0
vt 0.37529721856117 0.17586433887482 0
vt 0.37529721856117 0.1780492067337 0
vt 0.96290266513824 0.72631812095642 0
vt 0.97152072191238 0.65361213684082 0
vt 0.00374998990446 0.05642747879028 0
vt 0.00605622911826 0.06650197505951 0
vt 0.09697059541941 0.08446598052979 0
vt 0.37736070156097 0.17295134067535 0
vt 0.3744475543499 0.17380094528198 0
vt 0.31970474123955 0.03057372570038 0
vt 0.33584842085838 0.15668654441833 0
vt 0.04089257493615 0.39786660671234 0
vt 0.04089257493615 0.3893700838089 0
vt 0.03785805031657 0.3893700838089 0
vt 0.03773666918278 0.39786660671234 0
vt 0.00569208618253 0.36084592342377 0
vt 0.00569208618253 0.37079906463623 0
vt 0.00884799193591 0.37079906463623 0
vt 0.00884799193591 0.36084592342377 0
vt 0.90330457687378 0.13362455368042 0
vt 0.8808491230011 0.13350307941437 0
vt 0.8808491230011 0.13653755187988 0
vt 0.90330457687378 0.13653755187988 0
vt 0.40224382281303 0.17829191684723 0
vt 0.40212243795395 0.17416512966156 0
vt 0.39920929074287 0.17428648471832 0
vt 0.39920929074287 0.17829191684723 0
vt 0.00277894199826 0.26568484306335 0
vt 0.00265756109729 0.29178130626678 0
vt 0.00581346685067 0.29190266132355 0
vt 0.00581346685067 0.26568484306335 0
vt 0.01188251655549 0.31132340431213 0
vt 0.01188251655549 0.29190266132355 0
vt 0.00884799193591 0.29190266132355 0
vt 0.00884799193591 0.31132340431213 0
vt 0.01188251655549 0.36084592342377 0
vt 0.01188251655549 0.37079906463623 0
vt 0.01503842324018 0.37079906463623 0
vt 0.01491704210639 0.36084592342377 0
vt 0.04089257493615 0.34700882434845 0
vt 0.04101395606995 0.36303079128265 0
vt 0.04404848068953 0.36303079128265 0
vt 0.04404848068953 0.34700882434845 0
vt 0.37614691257477 0.15377342700958 0
vt 0.37602552771568 0.14843273162842 0
vt 0.37299099564552 0.14855408668518 0
vt 0.37299099564552 0.15377342700958 0
vt 0.0470830053091 0.41097545623779 0
vt 0.0470830053091 0.41789412498474 0
vt 0.05011753365397 0.41789412498474 0
vt 0.05011753365397 0.41097545623779 0
vt 0.40139415860176 0.13932931423187 0
vt 0.40115138888359 0.13253211975098 0
vt 0.39823824167252 0.13265347480774 0
vt 0.39848101139069 0.13945066928864 0
vt 0.01188251655549 0.38063073158264 0
vt 0.01503842324018 0.38063073158264 0
vt 0.00569208618253 0.35040736198425 0
vt 0.00581346685067 0.33924055099487 0
vt 0.00277894199826 0.33924055099487 0
vt 0.00265756109729 0.35040736198425 0
vt 0.04089257493615 0.37771761417389 0
vt 0.03785805031657 0.36303079128265 0
vt 0.03785805031657 0.37771761417389 0
vt 0.42360687255859 0.0726922750473 0
vt 0.42664140462875 0.0726922750473 0
vt 0.42664140462875 0.06953644752502 0
vt 0.42348548769951 0.06953644752502 0
vt 0.00581346685067 0.4306389093399 0
vt 0.00581346685067 0.44933128356934 0
vt 0.00884799193591 0.44933128356934 0
vt 0.00884799193591 0.4306389093399 0
vt 0.00265756109729 0.4306389093399 0
vt 0.00277894199826 0.44933128356934 0
vt 0.04696162417531 0.44678235054016 0
vt 0.04696162417531 0.4614691734314 0
vt 0.04999615252018 0.4614691734314 0
vt 0.04999615252018 0.44678235054016 0
vt 0.00884799193591 0.35040736198425 0
vt 0.04077119380236 0.4614691734314 0
vt 0.04089257493615 0.44678235054016 0
vt 0.03785805031657 0.44678235054016 0
vt 0.03773666918278 0.46134781837463 0
vt 0.04089257493615 0.4346444606781 0
vt 0.04392709955573 0.44678235054016 0
vt 0.04392709955573 0.43476581573486 0
vt 0.00265756109729 0.36084592342377 0
vt 0.04404848068953 0.39786660671234 0
vt 0.04404848068953 0.3893700838089 0
vt 0.01188251655549 0.32649576663971 0
vt 0.00884799193591 0.32649576663971 0
vt 0.38306561112404 0.18229746818542 0
vt 0.38294422626495 0.18642437458038 0
vt 0.38585737347603 0.18654572963715 0
vt 0.38597875833511 0.18229746818542 0
vt 0.48502564430237 0.07305634021759 0
vt 0.4745868742466 0.07305634021759 0
vt 0.4745868742466 0.07609081268311 0
vt 0.48502564430237 0.07609081268311 0
vt 0.04089257493615 0.33341431617737 0
vt 0.03773666918278 0.33341431617737 0
vt 0.03785805031657 0.34700882434845 0
vt 0.00581346685067 0.47251462936401 0
vt 0.00277894199826 0.47251462936401 0
vt 0.00581346685067 0.41510236263275 0
vt 0.00884799193591 0.41510236263275 0
vt 0.43538081645966 0.07596945762634 0
vt 0.43016144633293 0.07596945762634 0
vt 0.43016144633293 0.07924675941467 0
vt 0.43550220131874 0.07912528514862 0
vt 0.0470830053091 0.40429961681366 0
vt 0.04404848068953 0.40429961681366 0
vt 0.04392709955573 0.41097545623779 0
vt 0.00884799193591 0.33924055099487 0
vt 0.04404848068953 0.37771761417389 0
vt 0.4004231095314 0.00253522396088 0
vt 0.39738857746124 0.00253522396088 0
vt 0.39738857746124 0.00556969642639 0
vt 0.4004231095314 0.00556969642639 0
vt 0.38330838084221 0.16251266002655 0
vt 0.38355115056038 0.16639685630798 0
vt 0.38682842254639 0.16639685630798 0
vt 0.38658565282822 0.16251266002655 0
vt 0.43016144633293 0.0726922750473 0
vt 0.43550220131874 0.07281363010406 0
vt 0.43562358617783 0.06953644752502 0
vt 0.43016144633293 0.06953644752502 0
vt 0.00581346685067 0.31132340431213 0
vt 0.00581346685067 0.32649576663971 0
vt 0.41911578178406 0.12221491336823 0
vt 0.41911578178406 0.13010454177856 0
vt 0.42239305377007 0.13022589683533 0
vt 0.42251443862915 0.12221491336823 0
vt 0.01188251655549 0.35040736198425 0
vt 0.01188251655549 0.33924055099487 0
vt 0.00884799193591 0.26568484306335 0
vt 0.0470830053091 0.37771761417389 0
vt 0.0470830053091 0.3893700838089 0
vt 0.05023891478777 0.3893700838089 0
vt 0.05023891478777 0.37771761417389 0
vt 0.00884799193591 0.47251462936401 0
vt 0.00593484798446 0.53793793916702 0
vt 0.00581346685067 0.5015242099762 0
vt 0.00277894199826 0.5015242099762 0
vt 0.00277894199826 0.53793793916702 0
vt 0.01188251655549 0.26568484306335 0
vt 0.01491704210639 0.29190266132355 0
vt 0.01491704210639 0.26568484306335 0
vt 0.00884799193591 0.22975671291351 0
vt 0.00581346685067 0.22975671291351 0
vt 0.0089693730697 0.53793793916702 0
vt 0.0089693730697 0.5015242099762 0
vt 0.39617475867271 0.17428648471832 0
vt 0.39617475867271 0.17829191684723 0
vt 0.37954556941986 0.15365207195282 0
vt 0.37918141484261 0.14831137657166 0
vt 0.0470830053091 0.39786660671234 0
vt 0.05023891478777 0.39786660671234 0
vt 0.01200389768928 0.53793793916702 0
vt 0.01200389768928 0.5015242099762 0
vt 0.85050386190414 0.13350307941437 0
vt 0.83788019418716 0.13350307941437 0
vt 0.83788019418716 0.13665902614594 0
vt 0.85050386190414 0.13665902614594 0
vt 0.00581346685067 0.40223622322083 0
vt 0.00265756109729 0.40223622322083 0
vt 0.00265756109729 0.41510236263275 0
vt 0.00884799193591 0.40223622322083 0
vt 0.00265756109729 0.31132340431213 0
vt 0.00277894199826 0.32649576663971 0
vt 0.01200389768928 0.43051755428314 0
vt 0.01188251655549 0.41510236263275 0
vt 0.00569208618253 0.39094793796539 0
vt 0.00569208618253 0.38063073158264 0
vt 0.00265756109729 0.38063073158264 0
vt 0.00265756109729 0.39094793796539 0
vt 0.01188251655549 0.39094793796539 0
vt 0.00884799193591 0.38063073158264 0
vt 0.00884799193591 0.39094793796539 0
vt 0.04696162417531 0.43476581573486 0
vt 0.04999615252018 0.43476581573486 0
vt 0.39617475867271 0.2147057056427 0
vt 0.39605337381363 0.20074713230133 0
vt 0.39289748668671 0.20074713230133 0
vt 0.39301887154579 0.2147057056427 0
vt 0.01188251655549 0.47251462936401 0
vt 0.01200389768928 0.44933128356934 0
vt 0.45601558685303 0.07293498516083 0
vt 0.46499779820442 0.07305634021759 0
vt 0.46499779820442 0.07002186775208 0
vt 0.45601558685303 0.06990051269531 0
vt 0.0472043864429 0.34700882434845 0
vt 0.0472043864429 0.36303079128265 0
vt 0.05023891478777 0.36303079128265 0
vt 0.05036029219627 0.34700882434845 0
vt 0.4221502840519 0.22805738449097 0
vt 0.4221502840519 0.20596635341644 0
vt 0.41911578178406 0.20596635341644 0
vt 0.41911578178406 0.22805738449097 0
vt 0.01491704210639 0.22975671291351 0
vt 0.01188251655549 0.22975671291351 0
vt 0.37687519192696 0.17015957832336 0
vt 0.37675380706787 0.16676092147827 0
vt 0.37347650527954 0.16688239574432 0
vt 0.37359789013863 0.1706451177597 0
vt 0.982202231884 0.61683428287506 0
vt 0.40163689851761 0.14624786376953 0
vt 0.40212243795395 0.15304517745972 0
vt 0.40527832508087 0.15304517745972 0
vt 0.40467143058777 0.14600515365601 0
vt 0.31703436374664 0.01224553585052 0
vt 0.32140406966209 0.01175999641418 0
vt 0.32128268480301 0.00933241844177 0
vt 0.31679159402847 0.00933241844177 0
vt 0.31691297888756 0.00641930103302 0
vt 0.32128268480301 0.00690484046936 0
vt 0.32164683938026 0.00399172306061 0
vt 0.31715571880341 0.0033848285675 0
vt 0.32698759436607 0.00387036800385 0
vt 0.324074447155 0.00423455238342 0
vt 0.32419583201408 0.00702619552612 0
vt 0.32710897922516 0.00666213035583 0
vt 0.04416986182332 0.30610406398773 0
vt 0.04416986182332 0.31132340431213 0
vt 0.04647610336542 0.31132340431213 0
vt 0.04671886563301 0.30622541904449 0
vt 0.049510627985 0.31132340431213 0
vt 0.04975339025259 0.30646824836731 0
vt 0.04659748449922 0.3154501914978 0
vt 0.0496320091188 0.31520748138428 0
vt 0.03870771825314 0.31132340431213 0
vt 0.03858633711934 0.31520748138428 0
vt 0.04162086173892 0.3154501914978 0
vt 0.04174224287271 0.31132340431213 0
vt 0.03846495598555 0.30646824836731 0
vt 0.04149948060513 0.30622541904449 0
vt 0.0472043864429 0.32273292541504 0
vt 0.04416986182332 0.31557166576386 0
vt 0.04416986182332 0.32285439968109 0
vt 0.38282284140587 0.19188642501831 0
vt 0.38573598861694 0.19188642501831 0
vt 0.04392709955573 0.4614691734314 0
vt 0.4221502840519 0.18508923053741 0
vt 0.41911578178406 0.18508923053741 0
vt 0.01491704210639 0.31132340431213 0
vt 0.42360687255859 0.08240258693695 0
vt 0.42664140462875 0.08252394199371 0
vt 0.42664140462875 0.07924675941467 0
vt 0.42360687255859 0.07924675941467 0
vt 0.04089257493615 0.40429961681366 0
vt 0.04089257493615 0.41097545623779 0
vt 0.42518481612206 0.22805738449097 0
vt 0.42518481612206 0.20596635341644 0
vt 0.04089257493615 0.41789412498474 0
vt 0.04089257493615 0.42517685890198 0
vt 0.04392709955573 0.42517685890198 0
vt 0.04392709955573 0.41789412498474 0
vt 0.38282284140587 0.15328788757324 0
vt 0.38233733177185 0.14806854724884 0
vt 0.01491704210639 0.35040736198425 0
vt 0.01491704210639 0.33924055099487 0
vt 0.04416986182332 0.33341431617737 0
vt 0.0025361799635 0.37079906463623 0
vt 0.38367250561714 0.1700382232666 0
vt 0.38682842254639 0.17028093338013 0
vt 0.03785805031657 0.41789412498474 0
vt 0.03785805031657 0.42517685890198 0
vt 0.4221502840519 0.2501482963562 0
vt 0.41911578178406 0.2501482963562 0
vt 0.03773666918278 0.40429961681366 0
vt 0.03773666918278 0.41097545623779 0
vt 0.01503842324018 0.4306389093399 0
vt 0.01503842324018 0.41510236263275 0
vt 0.39229056239128 0.00253522396088 0
vt 0.38925606012344 0.00253522396088 0
vt 0.38925606012344 0.00556969642639 0
vt 0.39229056239128 0.00556969642639 0
vt 0.96290266513824 0.06443846225739 0
vt 0.96265989542007 0.05630612373352 0
vt 0.95950400829315 0.05642747879028 0
vt 0.95986813306808 0.06455981731415 0
vt 0.03797943145037 0.29736471176147 0
vt 0.04101395606995 0.29700064659119 0
vt 0.3322069644928 0.00374901294708 0
vt 0.33002212643623 0.00399172306061 0
vt 0.33014351129532 0.0067834854126 0
vt 0.33257111907005 0.00654065608978 0
vt 0.44703340530396 0.07305634021759 0
vt 0.44703340530396 0.07002186775208 0
vt 0.48502564430237 0.07912528514862 0
vt 0.4745868742466 0.07900393009186 0
vt 0.4745868742466 0.08203840255737 0
vt 0.48490425944328 0.08215975761414 0
vt 0.49582856893539 0.07293498516083 0
vt 0.50541764497757 0.07317781448364 0
vt 0.50541764497757 0.07014334201813 0
vt 0.49582856893539 0.06990051269531 0
vt 0.01188251655549 0.40223622322083 0
vt 0.01503842324018 0.40211486816406 0
vt 0.01503842324018 0.44933128356934 0
vt 0.05011753365397 0.40429961681366 0
vt 0.9256386756897 0.13362455368042 0
vt 0.9256386756897 0.13665902614594 0
vt 0.48502564430237 0.07002186775208 0
vt 0.04696162417531 0.42529821395874 0
vt 0.05011753365397 0.42529821395874 0
vt 0.4745868742466 0.07002186775208 0
vt 0.4221502840519 0.16615402698517 0
vt 0.41911578178406 0.16615402698517 0
vt 0.4160812497139 0.18508923053741 0
vt 0.4160812497139 0.20596635341644 0
vt 0.86312747001648 0.13969349861145 0
vt 0.85050386190414 0.13969349861145 0
vt 0.85050386190414 0.14272797107697 0
vt 0.86324882507324 0.14284932613373 0
vt 0.04732576757669 0.33341431617737 0
vt 0.05048167333007 0.33341431617737 0
vt 0.05036029219627 0.32261157035828 0
vt 0.01491704210639 0.39094793796539 0
vt 0.33791187405586 0.00908970832825 0
vt 0.33524149656296 0.00908970832825 0
vt 0.33524149656296 0.01200270652771 0
vt 0.33779048919678 0.01212418079376 0
vt 0.01491704210639 0.32661712169647 0
vt 0.01503842324018 0.5015242099762 0
vt 0.01503842324018 0.47251462936401 0
vt 0.42057234048843 0.07596945762634 0
vt 0.42360687255859 0.07596945762634 0
vt 0.42057234048843 0.07281363010406 0
vt 0.28146973252296 0.01273107528687 0
vt 0.28948086500168 0.01285243034363 0
vt 0.28948086500168 0.0095751285553 0
vt 0.28146973252296 0.0095751285553 0
vt 0.28146973252296 0.00629794597626 0
vt 0.28948086500168 0.00629794597626 0
vt 0.28935948014259 0.00302076339722 0
vt 0.28146973252296 0.00314211845398 0
vt 0.96290266513824 0.07244944572449 0
vt 0.95986813306808 0.07244944572449 0
vt 0.42057234048843 0.07924675941467 0
vt 0.39605337381363 0.18302571773529 0
vt 0.39301887154579 0.17829191684723 0
vt 0.39289748668671 0.18278300762177 0
vt 0.07852068543434 0.00556969642639 0
vt 0.08155521005392 0.00556969642639 0
vt 0.08155521005392 0.00253522396088 0
vt 0.07852068543434 0.00253522396088 0
vt 0.30732387304306 0.00629794597626 0
vt 0.30234724283218 0.00629794597626 0
vt 0.30234724283218 0.00945377349854 0
vt 0.30732387304306 0.00945377349854 0
vt 0.31217911839485 0.00641930103302 0
vt 0.31217911839485 0.00945377349854 0
vt 0.35102102160454 0.00556969642639 0
vt 0.3540555536747 0.00556969642639 0
vt 0.3540555536747 0.00253522396088 0
vt 0.35102102160454 0.00253522396088 0
vt 0.39872375130653 0.14636933803558 0
vt 0.38003107905388 0.1626341342926 0
vt 0.38027384877205 0.16663956642151 0
vt 0.38330838084221 0.17307269573212 0
vt 0.38282284140587 0.17562162876129 0
vt 0.38597875833511 0.17586433887482 0
vt 0.38646429777145 0.17355823516846 0
vt 0.44703340530396 0.0788825750351 0
vt 0.45601558685303 0.07900393009186 0
vt 0.45601558685303 0.07596945762634 0
vt 0.44703340530396 0.07596945762634 0
vt 0.46499779820442 0.0788825750351 0
vt 0.46499779820442 0.07596945762634 0
vt 0.4406002163887 0.07293498516083 0
vt 0.44072160124779 0.06990051269531 0
vt 0.49570718407631 0.07936811447144 0
vt 0.49570718407631 0.07609081268311 0
vt 0.50541764497757 0.07924675941467 0
vt 0.50541764497757 0.07621228694916 0
vt 0.33779048919678 0.00605523586273 0
vt 0.33512011170387 0.00629794597626 0
vt 0.39617475867271 0.22866427898407 0
vt 0.39933067560196 0.22866427898407 0
vt 0.39920929074287 0.2147057056427 0
vt 0.3459230363369 0.00253522396088 0
vt 0.34288850426674 0.00253522396088 0
vt 0.34288850426674 0.00556969642639 0
vt 0.3459230363369 0.00556969642639 0
vt 0.965815782547 0.01467311382294 0
vt 0.965815782547 0.02948129177094 0
vt 0.01503842324018 0.53793793916702 0
vt 0.38027384877205 0.18229746818542 0
vt 0.38015246391296 0.18642437458038 0
vt 0.49570718407631 0.08252394199371 0
vt 0.37748208642006 0.18630301952362 0
vt 0.3771179318428 0.19164371490479 0
vt 0.37990969419479 0.19176506996155 0
vt 0.46499779820442 0.08191704750061 0
vt 0.37954556941986 0.20475256443024 0
vt 0.37966695427895 0.1980767250061 0
vt 0.3759041428566 0.21215677261353 0
vt 0.3759041428566 0.20851528644562 0
vt 0.37286961078644 0.20875811576843 0
vt 0.37311238050461 0.21227812767029 0
vt 0.38342976570129 0.15850722789764 0
vt 0.37990969419479 0.15874993801117 0
vt 0.3956892490387 0.18788087368011 0
vt 0.39920929074287 0.20062565803528 0
vt 0.39933067560196 0.18788087368011 0
vt 0.3765110373497 0.16287684440613 0
vt 0.4160812497139 0.22805738449097 0
vt 0.41304671764374 0.20596635341644 0
vt 0.41304671764374 0.22805738449097 0
vt 0.40272933244705 0.18788087368011 0
vt 0.40236520767212 0.20062565803528 0
vt 0.40564247965813 0.20074713230133 0
vt 0.40600663423538 0.18788087368011 0
vt 0.39605337381363 0.15874993801117 0
vt 0.39641752839088 0.16396927833557 0
vt 0.39908790588379 0.16384792327881 0
vt 0.3989665210247 0.15862858295441 0
vt 0.37760347127914 0.18217611312866 0
vt 0.37469032406807 0.1820547580719 0
vt 0.37469032406807 0.18618166446686 0
vt 0.38282284140587 0.17817056179047 0
vt 0.38585737347603 0.1780492067337 0
vt 0.33281388878822 0.00921106338501 0
vt 0.33269250392914 0.01175999641418 0
vt 0.31230050325394 0.01248824596405 0
vt 0.3124218583107 0.01564407348633 0
vt 0.31727710366249 0.0154013633728 0
vt 0.37893867492676 0.21227812767029 0
vt 0.37918141484261 0.20863676071167 0
vt 0.51464259624481 0.07329916954041 0
vt 0.51464259624481 0.07026469707489 0
vt 0.37881729006767 0.14321339130402 0
vt 0.3819731771946 0.14297068119049 0
vt 0.37578275799751 0.14333486557007 0
vt 0.51452124118805 0.07633364200592 0
vt 0.97224897146225 0.05642747879028 0
vt 0.97200620174408 0.04453229904175 0
vt 0.96897172927856 0.04453229904175 0
vt 0.96909308433533 0.05630612373352 0
vt 0.86312747001648 0.13665902614594 0
vt 0.3867070376873 0.15838587284088 0
vt 0.38597875833511 0.15304517745972 0
vt 0.53369945287704 0.8916363120079 0
vt 0.38525047898293 0.20936501026154 0
vt 0.38585737347603 0.20499539375305 0
vt 0.38294422626495 0.204873919487 0
vt 0.38233733177185 0.20900082588196 0
vt 0.4406002163887 0.07596945762634 0
vt 0.40187966823578 0.17088782787323 0
vt 0.40515697002411 0.17404365539551 0
vt 0.40491420030594 0.1706451177597 0
vt 0.38015246391296 0.17829191684723 0
vt 0.33014351129532 0.01163864135742 0
vt 0.33014351129532 0.01455175876617 0
vt 0.33244973421097 0.01467311382294 0
vt 0.4160812497139 0.2501482963562 0
vt 0.33742636442184 0.00314211845398 0
vt 0.33475598692894 0.0033848285675 0
vt 0.39556786417961 0.1395720243454 0
vt 0.3956892490387 0.14636933803558 0
vt 0.86312747001648 0.13350307941437 0
vt 0.86312747001648 0.13034725189209 0
vt 0.85038244724274 0.13046860694885 0
vt 0.40187966823578 0.15862858295441 0
vt 0.40479281544685 0.15887129306793 0
vt 0.4221502840519 0.13775134086609 0
vt 0.42530620098114 0.13775134086609 0
vt 0.42579174041748 0.13034725189209 0
vt 0.29712787270546 0.00593376159668 0
vt 0.30259001255035 0.00302076339722 0
vt 0.29724925756454 0.00253522396088 0
vt 0.39666029810905 0.16797471046448 0
vt 0.3962961435318 0.17100918292999 0
vt 0.39908790588379 0.17113065719604 0
vt 0.39908790588379 0.16785335540771 0
vt 0.40151551365852 0.16785335540771 0
vt 0.4044286608696 0.16773200035095 0
vt 0.42664140462875 0.07596945762634 0
vt 0.39314022660255 0.15899276733398 0
vt 0.39362576603889 0.1642119884491 0
vt 0.38015246391296 0.17550027370453 0
vt 0.38027384877205 0.17258715629578 0
vt 0.40236520767212 0.2147057056427 0
vt 0.29057329893112 0.29663646221161 0
vt 0.38318699598312 0.24929869174957 0
vt 0.30744525790215 0.01260960102081 0
vt 0.30756664276123 0.01576554775238 0
vt 0.27357995510101 0.01273107528687 0
vt 0.27357995510101 0.01588690280914 0
vt 0.28146973252296 0.01588690280914 0
vt 0.41583847999573 0.13022589683533 0
vt 0.41620263457298 0.13775134086609 0
vt 0.41911578178406 0.13775134086609 0
vt 0.30744525790215 0.00326347351074 0
vt 0.8808491230011 0.1395720243454 0
vt 0.8808491230011 0.14272797107697 0
vt 0.96278125047684 0.04453229904175 0
vt 0.96290266513824 0.02948129177094 0
vt 0.95986813306808 0.02948129177094 0
vt 0.95974671840668 0.04453229904175 0
vt 0.40236520767212 0.18290436267853 0
vt 0.39920929074287 0.18302571773529 0
vt 0.41328948736191 0.14758312702179 0
vt 0.41304671764374 0.16615402698517 0
vt 0.4160812497139 0.16615402698517 0
vt 0.41632401943207 0.14758312702179 0
vt 0.3956892490387 0.15316653251648 0
vt 0.39872375130653 0.15304517745972 0
vt 0.38039523363113 0.16991686820984 0
vt 0.32431721687317 0.01163864135742 0
vt 0.32176822423935 0.01467311382294 0
vt 0.32419583201408 0.01443028450012 0
vt 0.41256120800972 0.13034725189209 0
vt 0.41304671764374 0.13775134086609 0
vt 0.40418592095375 0.13920795917511 0
vt 0.43016144633293 0.08252394199371 0
vt 0.44703340530396 0.08191704750061 0
vt 0.45601558685303 0.08203840255737 0
vt 0.29712787270546 0.0095751285553 0
vt 0.27357995510101 0.0095751285553 0
vt 0.27357995510101 0.00641930103302 0
vt 0.51452124118805 0.07924675941467 0
vt 0.50541764497757 0.08228123188019 0
vt 0.51452124118805 0.08228123188019 0
vt 0.32431721687317 0.00933241844177 0
vt 0.32723036408424 0.00921106338501 0
vt 0.37432616949081 0.19140088558197 0
vt 0.38476493954659 0.21300637722015 0
vt 0.38185179233551 0.21264219284058 0
vt 0.08665321022272 0.00556969642639 0
vt 0.0896877348423 0.00556969642639 0
vt 0.0896877348423 0.00253522396088 0
vt 0.08665321022272 0.00253522396088 0
vt 0.41911578178406 0.14758312702179 0
vt 0.42202892899513 0.14758312702179 0
vt 0.40552109479904 0.18278300762177 0
vt 0.40527832508087 0.17817056179047 0
vt 0.33014351129532 0.00921106338501 0
vt 0.39374715089798 0.16785335540771 0
vt 0.90330457687378 0.1305900812149 0
vt 0.8808491230011 0.13046860694885 0
vt 0.32723036408424 0.01175999641418 0
vt 0.32710897922516 0.01467311382294 0
vt 0.42045095562935 0.06953644752502 0
vt 0.00277894199826 0.22975671291351 0
vt 0.41304671764374 0.18508923053741 0
vt 0.42518481612206 0.16615402698517 0
vt 0.42506343126297 0.14758312702179 0
vt 0.42518481612206 0.18508923053741 0
vt 0.90330457687378 0.1395720243454 0
vt 0.42518481612206 0.2501482963562 0
vt 0.39314022660255 0.17416512966156 0
vt 0.83788019418716 0.13969349861145 0
vt 0.965815782547 0.07244944572449 0
vt 0.965815782547 0.06443846225739 0
vt 0.38148766756058 0.21604084968567 0
vt 0.37869590520859 0.21579813957214 0
vt 0.9256386756897 0.13969349861145 0
vt 0.90330457687378 0.14260649681091 0
vt 0.9256386756897 0.14260649681091 0
vt 0.38258010149002 0.1980767250061 0
vt 0.41231843829155 0.12233626842499 0
vt 0.41571709513664 0.12221491336823 0
vt 0.39544647932053 0.1327748298645 0
vt 0.42057234048843 0.08240258693695 0
vt 0.41304671764374 0.2501482963562 0
vt 0.965815782547 0.05630612373352 0
vt 0.97188484668732 0.07244944572449 0
vt 0.97188484668732 0.06455981731415 0
vt 0.96885031461716 0.06443846225739 0
vt 0.96885031461716 0.07244944572449 0
vt 0.965815782547 0.04465365409851 0
vt 0.52374619245529 0.07342052459717 0
vt 0.52374619245529 0.07038605213165 0
vt 0.4406002163887 0.0788825750351 0
vt 0.42955455183983 0.57932817935944 0
vt 0.42955455183983 0.68347132205963 0
vt 0.31230050325394 0.00326347351074 0
vt 0.96290266513824 0.01467311382294 0
vt 0.95986813306808 0.01467311382294 0
vt 0.9256386756897 0.1305900812149 0
vt 0.37578275799751 0.21567666530609 0
vt 0.37299099564552 0.21555531024933 0
vt 0.38427942991257 0.21640503406525 0
vt 0.43562358617783 0.08228123188019 0
vt 0.37335512042046 0.16311955451965 0
vt 0.37614691257477 0.15899276733398 0
vt 0.37274822592735 0.15911412239075 0
vt 0.52362483739853 0.07633364200592 0
vt 0.42591309547424 0.12233626842499 0
vt 0.37274822592735 0.14345622062683 0
vt 0.52362483739853 0.07936811447144 0
vt 0.52362483739853 0.08240258693695 0
vt 0.39277610182762 0.15328788757324 0
vt 0.04101395606995 0.32273292541504 0
vt 0.40552109479904 0.2147057056427 0
vt 0.40163689851761 0.16396927833557 0
vt 0.33499872684479 0.01491582393646 0
vt 0.0472043864429 0.29700064659119 0
vt 0.05023891478777 0.29736471176147 0
vt 0.3744475543499 0.0033848285675 0
vt 0.33390632271767 0.02438342571259 0
vt 0.42846211791039 0.10934865474701 0
vt 0.04416986182332 0.29675781726837 0
vt 0.38573598861694 0.1980767250061 0
vt 0.39241194725037 0.18788087368011 0
vt 0.03785805031657 0.32261157035828 0
vt 0.03785805031657 0.4346444606781 0
vt 0.39253333210945 0.1327748298645 0
vt 0.39265471696854 0.1395720243454 0
vt 0.39338299632072 0.1706451177597 0
vt 0.38537186384201 0.14782583713531 0
vt 0.38500770926476 0.14272797107697 0
vt 0.27357995510101 0.00314211845398 0
vt 0.83788019418716 0.13046860694885 0
vt 0.28935948014259 0.01612961292267 0
vt 0.39277610182762 0.14636933803558 0
vt 0.40455004572868 0.16409063339233 0
vt 0.44072160124779 0.08203840255737 0
vt 0.40236520767212 0.22866427898407 0
vt 0.40552109479904 0.22866427898407 0
vt 0.33766913414001 0.01503717899323 0
vt 0.38112351298332 0.00253522396088 0
vt 0.38112351298332 0.00556969642639 0
vt 0.38427942991257 0.00556969642639 0
vt 0.38427942991257 0.00253522396088 0
vt 0.40394315123558 0.13241076469421 0
vt 0.83788019418716 0.14272797107697 0
vt 0.39301887154579 0.22866427898407 0
# 756 texture coordinates

o model-07
usemtl mat--0001
f 3166/4586/1680 3125/4585/1680 3145/4584/1680
f 3172/4590/4107 3174/4589/4106 3179/4588/4105 3170/4587/4104
f 3164/4593/1681 3126/4592/1681 3138/4591/1681
f 3178/4597/4111 3173/4596/4110 3171/4595/4109 3177/4594/4108
f 3137/4600/1184 3126/4592/1184 3163/4599/1184 3161/4598/1184
f 3149/4602/1185 3166/4586/1185 3151/4601/1185
f 3141/4606/2199 3142/4605/2199 3140/4604/2199 3155/4603/2199
f 3151/4601/1185 3146/4608/1185 3152/4607/3462
f 3140/4612/4115 3142/4611/4114 3150/4610/4113 3153/4609/4112
f 3135/4616/1184 3136/4615/1184 3184/4614/1184 3177/4613/1183
f 3171/4595/4109 3172/4590/4107 3170/4587/4104 3168/4617/4116
f 3536/4621/4120 3538/4620/4119 3545/4619/4118 3544/4618/4117
f 3183/4624/1185 3185/4623/1185 3186/4622/1185
f 3528/4628/4124 3529/4627/4123 3525/4626/4122 3523/4625/4121
f 3176/4631/1184 3175/4630/1184 3130/4629/1184
f 3131/4634/4127 3175/4633/4126 3182/4632/4125 3174/4589/4106
f 3160/4636/4129 3140/4612/4115 3153/4609/4112 3155/4635/4128
f 3169/4639/1681 3170/4638/1680 3184/4614/1681 3167/4637/1681
f 3134/4641/1184 3177/4613/1183 3184/4614/1184 3132/4640/1184
f 3162/4645/4133 3163/4644/4132 3159/4643/4131 3161/4642/4130
f 3162/4646/1184 3161/4598/1184 3163/4599/1184
f 3144/4648/4135 3137/4647/4134 3159/4643/4131 3150/4610/4113
f 3137/4600/1184 3143/4649/1184 3126/4592/1184
f 3446/4653/4139 3445/4652/4138 3416/4651/4137 3415/4650/4136
f 3160/4654/2199 3155/4603/2199 3140/4604/2199
f 3141/4606/3462 3154/4655/3462 3152/4607/3462 3146/4608/1185
f 3141/4606/2199 3146/4608/2194 3142/4605/2199
f 3149/4658/4142 3151/4657/4141 3150/4610/4113 3148/4656/4140
f 3142/4605/2199 3143/4660/2194 3144/4659/2194
f 3533/4664/4145 3666/4663/4145 3530/4662/4144 3564/4661/4143
f 3147/4665/4146 3149/4658/4142 3148/4656/4140
f 3166/4586/1185 3149/4602/1185 3147/4667/1185 3156/4666/1185
f 3151/4657/4141 3152/4668/4147 3150/4610/4113
f 3154/4670/4149 3141/4669/4148 3155/4635/4128 3153/4609/4112
f 3139/4671/2194 3143/4660/2194 3142/4605/2199 3146/4608/2194
f 3164/4593/1681 3138/4591/1681 3145/4584/1680 3125/4585/1680
f 3125/4675/4153 3166/4674/4152 3156/4673/4151 3157/4672/4150
f 3174/4589/4106 3182/4678/4156 3181/4677/4155 3129/4676/4154
f 3127/4681/4159 3157/4672/4150 3158/4680/4158 3164/4679/4157
f 3144/4648/4135 3143/4682/4160 3137/4647/4134
f 3129/4686/1185 3181/4685/1185 3189/4684/1185 3128/4683/1185
f 3150/4610/4113 3142/4611/4114 3144/4648/4135
f 3137/4647/4134 3161/4642/4130 3159/4643/4131
f 3165/4688/1680 3127/4687/1680 3164/4593/1681 3125/4585/1680
f 3148/4656/4140 3157/4672/4150 3156/4689/4161 3147/4665/4146
f 3145/4584/1185 3146/4608/1185 3151/4601/1185 3166/4586/1185
f 3133/4691/1184 3134/4641/1184 3132/4640/1184 3131/4690/1184
f 3133/4692/4162 3131/4634/4127 3174/4589/4106 3172/4590/4107
f 3132/4640/1680 3187/4693/1681 3186/4622/1680 3185/4623/1680
f 3165/4694/4163 3125/4675/4153 3157/4672/4150 3127/4681/4159
f 3128/4683/1185 3189/4684/1185 3183/4624/1185 3180/4695/1185
f 3148/4656/4140 3150/4610/4113 3158/4680/4158 3157/4672/4150
f 3134/4696/4164 3133/4692/4162 3172/4590/4107
f 3126/4697/4165 3164/4679/4157 3158/4680/4158 3163/4644/4132
f 3159/4643/4131 3163/4644/4132 3158/4680/4158 3150/4610/4113
f 3182/4632/4125 3175/4633/4126 3176/4698/4166
f 3136/4700/4168 3135/4699/4167 3168/4617/4116
f 3174/4589/4106 3128/4702/4170 3180/4701/4169 3179/4588/4105
f 3168/4617/4116 3170/4587/4104 3169/4704/4172 3167/4703/4171
f 3152/4668/4147 3154/4670/4149 3153/4609/4112 3150/4610/4113
f 3131/4690/1184 3132/4640/1184 3130/4629/1184 3175/4630/1184
f 3128/4702/4170 3174/4589/4106 3129/4676/4154
f 3136/4700/4168 3168/4617/4116 3167/4703/4171 3184/4705/4173
f 3181/4677/4155 3182/4678/4156 3189/4706/4174
f 3180/4701/4169 3183/4707/4175 3179/4588/4105
f 3597/4710/4178 3550/4709/4177 3549/4708/4176
f 3179/4588/4105 3187/4713/4181 3170/4712/4180
f 3173/4715/1184 3178/4714/1184 3177/4613/1183 3134/4641/1184
f 3184/4614/1681 3170/4638/1680 3132/4640/1680
f 3173/4596/4110 3134/4696/4164 3172/4590/4107 3171/4595/4109
f 3132/4640/1680 3170/4716/1681 3187/4693/1681
f 3597/4710/4178 3552/4718/4183 3551/4717/4182 3550/4709/4177
f 3188/4720/2199 3189/4684/2199 3182/4719/2199
f 3328/4724/4187 3329/4723/4186 3314/4722/4185 3315/4721/4184
f 3231/4728/4191 3230/4727/4190 3248/4726/4189 3247/4725/4188
f 3492/4732/4195 3493/4731/4194 3487/4730/4193 3488/4729/4192
f 3628/4736/4199 3629/4735/4198 3615/4734/4197 3616/4733/4196
f 3239/4740/4203 3242/4739/4202 3195/4738/4201 3190/4737/4200
f 3235/4744/4207 3236/4743/4206 3194/4742/4205 3196/4741/4204
f 3204/4748/4211 3206/4747/4210 3205/4746/4209 3203/4745/4208
f 3306/4752/4215 3305/4751/4214 3312/4750/4213 3311/4749/4212
f 3561/4756/4219 3595/4755/4218 3562/4754/4217 3560/4753/4216
f 3326/4760/4223 3325/4759/4222 3288/4758/4221 3287/4757/4220
f 3602/4764/4227 3657/4763/4226 3668/4762/4225 3601/4761/4224
f 3206/4747/4210 3208/4766/4229 3207/4765/4228 3205/4746/4209
f 3202/4770/4233 3200/4769/4232 3245/4768/4231 3246/4767/4230
f 3283/4773/4236 3330/4772/4235 3312/4750/4213 3313/4771/4234
f 3334/4777/4240 3336/4776/4239 3342/4775/4238 3341/4774/4237
f 3225/4781/4244 3224/4780/4243 3254/4779/4242 3253/4778/4241
f 3259/4783/4246 3260/4782/4245 3253/4778/4241 3254/4779/4242
f 3323/4787/4250 3294/4786/4249 3293/4785/4248 3292/4784/4247
f 3232/4788/4251 3231/4728/4191 3247/4725/4188 3246/4767/4230
f 3294/4792/4254 3323/4791/4250 3321/4790/4253 3322/4789/4252
f 3297/4795/4257 3296/4794/4256 3321/4790/4253 3320/4793/4255
f 3204/4796/4258 3202/4770/4233 3246/4767/4230 3247/4725/4188
f 3303/4798/4260 3302/4797/4259 3315/4721/4184 3314/4722/4185
f 3234/4800/4262 3235/4744/4207 3196/4741/4204 3198/4799/4261
f 3598/4804/4266 3599/4803/4265 3583/4802/4264 3584/4801/4263
f 3363/4808/4270 3364/4807/4269 3353/4806/4268 3354/4805/4267
f 3331/4811/4273 3279/4810/4272 3310/4809/4271 3311/4749/4212
f 3218/4813/4275 3259/4783/4246 3254/4779/4242 3255/4812/4274
f 3226/4815/4277 3225/4781/4244 3253/4778/4241 3252/4814/4276
f 3370/4819/4281 3339/4818/4280 3344/4817/4279 3369/4816/4278
f 3300/4822/4284 3301/4821/4283 3286/4820/4282 3287/4757/4220
f 3233/4823/4285 3232/4788/4251 3246/4767/4230 3245/4768/4231
f 3304/4824/4286 3303/4798/4260 3314/4722/4185 3313/4771/4234
f 3660/4828/4289 3661/4827/4287 3333/4826/4288 3332/4825/4287
f 3557/4832/4293 3555/4831/4292 3589/4830/4291 3590/4829/4290
f 3338/4836/4297 3347/4835/4296 3346/4834/4295 3345/4833/4294
f 3235/4744/4207 3234/4800/4262 3244/4838/4299 3243/4837/4298
f 3663/4842/4303 3458/4841/4302 3457/4840/4301 3664/4839/4300
f 3232/4788/4251 3233/4823/4285 3199/4844/4305 3201/4843/4304
f 3237/4845/4306 3236/4743/4206 3242/4739/4202 3239/4740/4203
f 3283/4849/4310 3329/4848/4309 3284/4847/4308 3282/4846/4307
f 3224/4780/4243 3223/4850/4311 3255/4812/4274 3254/4779/4242
f 3257/4854/4315 3258/4853/4314 3256/4852/4313 3241/4851/4312
f 3190/4857/4318 3195/4856/4317 3194/4742/4205 3192/4855/4316
f 3239/4740/4203 3240/4859/4320 3238/4858/4319 3237/4845/4306
f 3241/4851/4312 3256/4852/4313 3222/4861/4322 3221/4860/4321
f 3629/4735/4198 3628/4736/4199 3643/4863/4324 3642/4862/4323
f 3566/4865/4326 3568/4864/4325 3560/4753/4216 3562/4754/4217
f 3329/4848/4309 3328/4867/4328 3285/4866/4327 3284/4847/4308
f 3223/4850/4311 3222/4861/4322 3256/4852/4313 3255/4812/4274
f 3221/4860/4321 3222/4861/4322 3219/4869/4330 3220/4868/4329
f 3484/4873/4333 3505/4872/4332 3665/4871/4331 3483/4870/4331
f 3214/4876/4336 3212/4875/4335 3251/4874/4334 3252/4814/4276
f 3227/4877/4337 3226/4815/4277 3252/4814/4276 3251/4874/4334
f 3261/4879/4339 3197/4878/4338 3243/4837/4298 3244/4838/4299
f 3225/4781/4244 3226/4815/4277 3213/4881/4341 3215/4880/4340
f 3210/4885/4345 3208/4884/4344 3249/4883/4343 3250/4882/4342
f 3228/4888/4348 3229/4887/4347 3207/4765/4228 3209/4886/4346
f 3324/4890/4350 3323/4787/4250 3292/4784/4247 3291/4889/4349
f 3650/4894/4354 3620/4893/4353 3646/4892/4352 3647/4891/4351
f 3223/4850/4311 3224/4780/4243 3216/4896/4356 3217/4895/4355
f 3229/4887/4347 3230/4727/4190 3205/4746/4209 3207/4765/4228
f 3388/4900/4360 3352/4899/4359 3351/4898/4358 3350/4897/4357
f 3260/4782/4245 3214/4876/4336 3252/4814/4276 3253/4778/4241
f 3331/4904/4364 3330/4903/4363 3281/4902/4362 3280/4901/4361
f 3472/4908/4368 3473/4907/4367 3467/4906/4366 3468/4905/4365
f 3236/4743/4206 3235/4744/4207 3243/4837/4298 3242/4739/4202
f 3192/4855/4316 3193/4910/4370 3191/4909/4369 3190/4857/4318
f 3596/4914/4374 3555/4913/4373 3554/4912/4372 3553/4911/4371
f 3183/4707/4175 3186/4915/4375 3187/4713/4181 3179/4588/4105
f 3177/4594/4108 3171/4595/4109 3168/4617/4116 3135/4699/4167
f 3605/4919/4379 3607/4918/4378 3606/4917/4377 3604/4916/4376
f 3430/4923/4383 3431/4922/4382 3409/4921/4381 3411/4920/4380
f 3412/4927/4387 3410/4926/4386 3436/4925/4385 3437/4924/4384
f 3434/4931/4391 3435/4930/4390 3408/4929/4389 3395/4928/4388
f 3270/4935/4395 3272/4934/4394 3274/4933/4393 3268/4932/4392
f 3271/4937/4397 3273/4936/4396 3272/4934/4394 3270/4935/4395
f 3273/4936/4396 3264/4939/4223 3276/4938/4398 3272/4934/4394
f 3263/4943/4402 3265/4942/4401 3264/4941/4400 3273/4940/4399
f 3262/4945/4403 3263/4943/4402 3273/4940/4399 3271/4944/4397
f 3308/4948/4406 3275/4947/4405 3276/4938/4398 3277/4946/4404
f 3599/4803/4265 3581/4950/4408 3582/4949/4407 3583/4802/4264
f 3295/4951/4409 3296/4794/4256 3292/4784/4247 3293/4785/4248
f 3228/4888/4348 3227/4877/4337 3251/4874/4334 3250/4882/4342
f 3473/4907/4367 3474/4953/4411 3465/4952/4410 3467/4906/4366
f 3195/4856/4317 3197/4954/4412 3196/4741/4204 3194/4742/4205
f 3302/4797/4259 3303/4798/4260 3284/4847/4308 3285/4866/4327
f 3335/4958/4416 3337/4957/4415 3336/4956/4414 3334/4955/4413
f 3301/4821/4283 3300/4822/4284 3317/4960/4418 3316/4959/4417
f 3482/4962/4420 3469/4961/4419 3468/4905/4365 3467/4906/4366
f 3299/4966/4424 3298/4965/4423 3319/4964/4422 3318/4963/4421
f 3568/4864/4325 3566/4865/4326 3593/4968/4426 3592/4967/4425
f 3200/4970/4427 3202/4969/4233 3201/4843/4304 3199/4844/4305
f 3197/4878/4338 3195/4738/4201 3242/4739/4202 3243/4837/4298
f 3274/4933/4393 3275/4947/4405 3265/4942/4401 3263/4943/4402
f 3307/4971/4428 3306/4752/4215 3311/4749/4212 3310/4809/4271
f 3206/4972/4429 3204/4796/4258 3247/4725/4188 3248/4726/4189
f 3555/4831/4292 3596/4974/4374 3588/4973/4430 3589/4830/4291
f 3290/4976/4432 3325/4975/4431 3318/4963/4421 3319/4964/4422
f 3471/4978/4433 3472/4908/4368 3468/4905/4365 3470/4977/4365
f 3326/4980/4223 3327/4979/4223 3316/4959/4417 3317/4960/4418
f 3327/4979/4223 3328/4724/4187 3315/4721/4184 3316/4959/4417
f 3214/4982/4435 3260/4981/4434 3215/4880/4340 3213/4881/4341
f 3514/4986/4438 3512/4985/4436 3507/4984/4437 3506/4983/4436
f 3329/4723/4186 3283/4773/4236 3313/4771/4234 3314/4722/4185
f 3298/4965/4423 3297/4795/4257 3320/4793/4255 3319/4964/4422
f 3296/4794/4256 3297/4795/4257 3291/4889/4349 3292/4784/4247
f 3508/4990/4442 3517/4989/4441 3516/4988/4440 3515/4987/4439
f 3659/4992/4444 3262/4945/4403 3271/4944/4397 3658/4991/4443
f 3392/4996/4448 3394/4995/4447 3393/4994/4446 3391/4993/4445
f 3389/4998/4450 3388/4900/4360 3350/4897/4357 3349/4997/4449
f 3386/5002/4454 3387/5001/4453 3376/5000/4452 3377/4999/4451
f 3385/5006/4458 3384/5005/4457 3356/5004/4456 3355/5003/4455
f 3212/5008/4459 3214/4982/4435 3213/4881/4341 3211/5007/4346
f 3330/4903/4363 3283/4849/4310 3282/4846/4307 3281/4902/4362
f 3260/4981/4434 3259/5009/4460 3216/4896/4356 3215/4880/4340
f 3202/4969/4233 3204/4748/4211 3203/4745/4208 3201/4843/4304
f 3328/4867/4328 3327/5010/4223 3286/4820/4282 3285/4866/4327
f 3300/4822/4284 3299/4966/4424 3318/4963/4421 3317/4960/4418
f 3491/5012/4462 3492/4732/4195 3488/4729/4192 3490/5011/4461
f 3386/5013/4463 3385/5006/4458 3355/5003/4455 3354/4805/4267
f 3290/5015/4465 3324/4890/4350 3291/4889/4349 3289/5014/4464
f 3387/5016/4466 3386/5013/4463 3354/4805/4267 3353/4806/4268
f 3474/4953/4411 3475/5018/4468 3464/5017/4467 3465/4952/4410
f 3474/4953/4411 3473/4907/4367 3478/5020/4470 3477/5019/4469
f 3486/5024/4474 3502/5023/4473 3501/5022/4472 3495/5021/4471
f 3297/4795/4257 3298/4965/4423 3289/5014/4464 3291/4889/4349
f 3266/5027/4476 3279/5026/4272 3278/5025/4475 3277/4946/4404
f 3210/5028/4477 3212/5008/4459 3211/5007/4346 3209/4886/4346
f 3398/5032/4481 3399/5031/4480 3397/5030/4479 3396/5029/4478
f 3197/4954/4412 3261/5033/4338 3198/4799/4261 3196/4741/4204
f 3208/4766/4229 3210/5028/4477 3209/4886/4346 3207/4765/4228
f 3218/5035/4483 3258/5034/4482 3219/4869/4330 3217/4895/4355
f 3296/4794/4256 3295/4951/4409 3322/4789/4252 3321/4790/4253
f 3226/4815/4277 3227/4877/4337 3211/5007/4346 3213/4881/4341
f 3306/4752/4215 3307/4971/4428 3278/5025/4475 3280/4901/4361
f 3660/5038/4486 3341/4774/4237 3340/5037/4485 3661/5036/4484
f 3229/4887/4347 3228/4888/4348 3250/4882/4342 3249/4883/4343
f 3424/5042/4490 3425/5041/4489 3417/5040/4488 3419/5039/4487
f 3420/5046/4494 3418/5045/4493 3442/5044/4492 3443/5043/4491
f 3506/5048/4496 3508/4990/4442 3515/4987/4439 3514/5047/4495
f 3299/4966/4424 3300/4822/4284 3287/4757/4220 3288/4758/4221
f 3661/5036/4484 3340/5037/4485 3335/4958/4416 3333/5049/4497
f 3652/5052/4499 3653/5051/4498 3643/4863/4324 3644/5050/4323
f 3663/5056/4503 3664/5055/4502 3450/5054/4501 3449/5053/4500
f 3428/5060/4507 3427/5059/4506 3440/5058/4505 3439/5057/4504
f 3430/4923/4383 3429/5062/4509 3438/5061/4508 3437/4924/4384
f 3398/5066/4513 3396/5065/4512 3662/5064/4511 3400/5063/4510
f 3635/5067/4514 3602/4764/4227 3601/4761/4224 3604/4916/4376
f 3571/5069/4516 3570/5068/4515 3590/4829/4290 3589/4830/4291
f 3552/5073/4520 3597/5072/4519 3586/5071/4518 3587/5070/4517
f 3367/5077/4524 3366/5076/4523 3374/5075/4522 3373/5074/4521
f 3366/5076/4523 3365/5079/4526 3375/5078/4525 3374/5075/4522
f 3347/4835/4296 3371/5081/4528 3348/5080/4527 3346/4834/4295
f 3279/5026/4272 3331/4904/4364 3280/4901/4361 3278/5025/4475
f 3363/4808/4270 3362/5083/4530 3378/5082/4529 3377/4999/4451
f 3362/5083/4530 3361/5085/4532 3379/5084/4531 3378/5082/4529
f 3396/5029/4478 3397/5030/4479 3390/5087/4534 3662/5086/4533
f 3624/5090/4536 3623/5089/4536 3648/5088/4535 3647/4891/4351
f 3600/5094/4538 3668/5093/4537 3657/5092/4538 3667/5091/4537
f 3527/5096/4540 3526/5095/4539 3529/4627/4123 3528/4628/4124
f 3258/5034/4482 3257/5097/4541 3220/4868/4329 3219/4869/4330
f 3577/5099/4543 3576/5098/4542 3584/4801/4263 3583/4802/4264
f 3385/5100/4544 3386/5002/4454 3377/4999/4451 3378/5082/4529
f 3577/5099/4543 3578/5103/4547 3546/5102/4546 3547/5101/4545
f 3387/5001/4453 3352/5104/4548 3375/5078/4525 3376/5000/4452
f 3579/5106/4550 3543/5105/4549 3544/4618/4117 3545/4619/4118
f 3542/5110/4554 3534/5109/4553 3541/5108/4552 3540/5107/4551
f 3569/5112/4556 3568/4864/4325 3592/4967/4425 3591/5111/4555
f 3626/5115/4559 3625/5114/4558 3646/4892/4352 3645/5113/4557
f 3570/5068/4515 3571/5069/4516 3554/4912/4372 3556/5116/4560
f 3469/5119/4563 3482/5118/4562 3478/5020/4470 3479/5117/4561
f 3651/5123/4567 3620/5122/4566 3619/5121/4565 3618/5120/4564
f 3633/5127/4571 3632/5126/4570 3639/5125/4569 3638/5124/4568
f 3599/5130/4574 3598/5129/4573 3548/5128/4572 3547/5101/4545
f 3597/5132/4576 3598/4804/4266 3584/4801/4263 3585/5131/4575
f 3399/5031/4480 3402/5134/4578 3403/5133/4577 3397/5030/4479
f 3352/4899/4359 3387/5016/4466 3353/4806/4268 3351/4898/4358
f 3412/5137/4581 3448/5136/4580 3413/5135/4579 3411/4920/4380
f 3540/5107/4551 3541/5108/4552 3539/5139/4583 3532/5138/4582
f 3364/4807/4269 3363/4808/4270 3377/4999/4451 3376/5000/4452
f 3384/5005/4457 3383/5141/4585 3357/5140/4584 3356/5004/4456
f 3567/5143/4587 3593/4968/4426 3566/4865/4326 3565/5142/4586
f 3565/5142/4586 3566/4865/4326 3562/4754/4217 3563/5144/4588
f 3360/5145/4589 3361/5085/4532 3356/5004/4456 3357/5140/4584
f 3361/5085/4532 3362/5083/4530 3355/5003/4455 3356/5004/4456
f 3510/5149/4592 3511/5148/4591 3521/5147/4590 3517/5146/4441
f 3495/5021/4471 3501/5022/4472 3484/4873/4333 3494/5150/4593
f 3561/5152/4219 3559/5151/4594 3591/5111/4555 3592/4967/4425
f 3143/4649/1184 3139/5153/1184 3138/4591/1184 3126/4592/1184
f 3535/5157/4598 3537/5156/4597 3536/5155/4596 3534/5154/4595
f 3367/5077/4524 3368/5158/4599 3348/5080/4527 3349/4997/4449
f 3614/5161/4602 3654/5160/4601 3615/4734/4197 3613/5159/4600
f 3596/4974/4374 3552/5073/4520 3587/5070/4517 3588/4973/4430
f 3576/5098/4542 3575/5162/4603 3585/5131/4575 3584/4801/4263
f 3391/5165/4445 3393/5164/4605 3405/5163/4604 3402/5134/4578
f 3227/4877/4337 3228/4888/4348 3209/4886/4346 3211/5007/4346
f 3472/4908/4368 3471/4978/4433 3480/5166/4606 3479/5117/4561
f 3662/5086/4533 3390/5087/4534 3401/5168/4608 3400/5167/4607
f 3636/5170/4610 3656/5169/4609 3602/4764/4227 3635/5067/4514
f 3502/5173/4613 3486/5172/4612 3485/5171/4611 3483/4870/4331
f 3552/4718/4183 3596/4914/4374 3553/4911/4371 3551/4717/4182
f 3607/4918/4378 3609/5175/4615 3608/5174/4614 3606/4917/4377
f 3451/5178/4618 3453/5177/4617 3459/5176/4616 3458/4841/4302
f 3445/5181/4621 3446/5180/4620 3440/5058/4505 3441/5179/4619
f 3631/5185/4625 3630/5184/4624 3641/5183/4623 3640/5182/4622
f 3534/5109/4553 3536/4621/4120 3544/4618/4117 3541/5108/4552
f 3612/5187/4627 3614/5161/4602 3613/5159/4600 3611/5186/4626
f 3342/4775/4238 3345/4833/4294 3344/4817/4279 3343/5188/4628
f 3390/5087/4534 3392/4996/4448 3391/4993/4445 3401/5168/4608
f 3230/4727/4190 3229/4887/4347 3249/4883/4343 3248/4726/4189
f 3655/5190/4630 3609/5189/4629 3638/5124/4568 3639/5125/4569
f 3573/5192/4632 3574/5191/4631 3550/4709/4177 3551/4717/4182
f 3624/5090/4536 3625/5114/4558 3619/5121/4565 3621/5193/4633
f 3185/4623/339 3188/4720/339 3130/5195/339 3132/5194/339
f 3448/5136/4580 3447/5197/4635 3414/5196/4634 3413/5135/4579
f 3420/5200/4637 3422/5199/4637 3421/5198/4636 3419/5039/4487
f 3222/4861/4322 3223/4850/4311 3217/4895/4355 3219/4869/4330
f 3457/4840/4301 3460/5203/4640 3454/5202/4639 3452/5201/4638
f 3578/5103/4547 3577/5099/4543 3583/4802/4264 3582/4949/4407
f 3446/5180/4620 3447/5204/4641 3439/5057/4504 3440/5058/4505
f 3500/5206/4643 3486/5024/4474 3495/5021/4471 3496/5205/4642
f 3521/5210/4647 3523/5209/4646 3522/5208/4645 3520/5207/4644
f 3630/5184/4624 3631/5185/4625 3611/5186/4626 3613/5159/4600
f 3410/4926/4386 3408/4929/4389 3435/4930/4390 3436/4925/4385
f 3626/5115/4559 3627/5212/4649 3617/5211/4648 3618/5120/4564
f 3418/5045/4493 3445/5181/4621 3441/5179/4619 3442/5044/4492
f 3455/5216/4653 3476/5215/4652 3456/5214/4651 3463/5213/4650
f 3634/5218/4655 3633/5127/4571 3638/5124/4568 3637/5217/4654
f 3573/5192/4632 3572/5219/4656 3588/4973/4430 3587/5070/4517
f 3408/5222/4659 3410/5221/4658 3409/4921/4381 3407/5220/4657
f 3452/5201/4638 3454/5202/4639 3453/5224/4661 3451/5223/4660
f 3231/4728/4191 3232/4788/4251 3201/4843/4304 3203/4745/4208
f 3603/5225/4662 3605/4919/4379 3604/4916/4376 3601/4761/4224
f 3337/4957/4415 3339/4818/4280 3338/5226/4297 3336/4956/4414
f 3388/5228/4663 3389/5227/4450 3373/5074/4521 3374/5075/4522
f 3427/5059/4506 3426/5229/4664 3441/5179/4619 3440/5058/4505
f 3304/4824/4286 3305/4751/4214 3281/4902/4362 3282/4846/4307
f 3423/5230/4665 3424/5042/4490 3419/5039/4487 3421/5198/4636
f 3424/5042/4490 3423/5230/4665 3444/5231/4666 3443/5043/4491
f 3383/5234/4585 3384/5233/4668 3379/5084/4531 3380/5232/4667
f 3433/5236/4670 3432/5235/4669 3435/4930/4390 3434/4931/4391
f 3581/5237/4671 3599/5130/4574 3547/5101/4545 3546/5102/4546
f 3531/5239/4673 3535/5157/4598 3534/5154/4595 3542/5238/4672
f 3571/5069/4516 3572/5219/4656 3553/4911/4371 3554/4912/4372
f 3576/5098/4542 3577/5099/4543 3547/5101/4545 3548/5128/4572
f 3632/5126/4570 3631/5185/4625 3640/5182/4622 3639/5125/4569
f 3574/5191/4631 3573/5192/4632 3587/5070/4517 3586/5071/4518
f 3504/5243/4674 3665/5242/4676 3505/5241/4675 3503/5240/4674
f 3570/5068/4515 3569/5112/4556 3591/5111/4555 3590/4829/4290
f 3459/5176/4616 3462/5245/4678 3461/5244/4677 3460/5203/4640
f 3597/5132/4576 3585/5131/4575 3586/5071/4518
f 3653/5247/4679 3652/5246/4679 3617/5211/4648 3616/4733/4196
f 3654/5160/4601 3653/5247/4679 3616/4733/4196 3615/4734/4197
f 3237/4845/4306 3238/4858/4319 3193/4910/4370 3192/4855/4316
f 3403/5133/4577 3404/5248/4680 3394/4995/4447 3392/4996/4448
f 3394/4995/4447 3434/4931/4391 3395/4928/4388 3393/4994/4446
f 3612/5249/4681 3655/5190/4630 3639/5125/4569 3640/5182/4622
f 3432/5235/4669 3431/4922/4382 3436/4925/4385 3435/4930/4390
f 3460/5203/4640 3461/5244/4677 3455/5216/4653 3454/5202/4639
f 3475/5018/4468 3461/5244/4677 3462/5245/4678 3464/5017/4467
f 3212/4875/4335 3210/4885/4345 3250/4882/4342 3251/4874/4334
f 3500/5251/4683 3489/5250/4682 3488/4729/4192 3487/4730/4193
f 3301/4821/4283 3302/4797/4259 3285/4866/4327 3286/4820/4282
f 3327/5010/4223 3326/4760/4223 3287/4757/4220 3286/4820/4282
f 3395/5253/4685 3408/5222/4659 3407/5220/4657 3406/5252/4684
f 3332/5254/4686 3334/4777/4240 3341/4774/4237 3660/5038/4486
f 3628/4736/4199 3627/5212/4649 3644/5050/4323 3643/4863/4324
f 3190/4737/4200 3191/5255/4687 3240/4859/4320 3239/4740/4203
f 3476/5215/4652 3477/5019/4469 3466/5256/4688 3456/5214/4651
f 3574/5191/4631 3575/5162/4603 3549/4708/4176 3550/4709/4177
f 3463/5258/4689 3456/5257/4651 3464/5017/4467 3462/5245/4678
f 3305/4751/4214 3304/4824/4286 3313/4771/4234 3312/4750/4213
f 3456/5257/4651 3466/5259/4690 3465/4952/4410 3464/5017/4467
f 3493/4731/4194 3492/4732/4195 3497/5260/4691 3496/5205/4642
f 3469/4961/4419 3481/5261/4563 3470/4977/4365 3468/4905/4365
f 3473/4907/4367 3472/4908/4368 3479/5117/4561 3478/5020/4470
f 3200/4769/4232 3261/4879/4339 3244/4838/4299 3245/4768/4231
f 3653/5051/4498 3654/5262/4692 3642/4862/4323 3643/4863/4324
f 3233/4823/4285 3234/4800/4262 3198/4799/4261 3199/4844/4305
f 3501/5022/4472 3503/5263/4693 3505/4872/4332 3484/4873/4333
f 3514/5047/4495 3515/4987/4439 3513/5265/4694 3512/5264/4694
f 3538/4620/4119 3581/5237/4671 3546/5102/4546 3545/4619/4118
f 3365/5079/4526 3364/4807/4269 3376/5000/4452 3375/5078/4525
f 3447/5197/4635 3446/4653/4139 3415/4650/4136 3414/5196/4634
f 3666/5267/4696 3532/5138/4582 3531/5239/4673 3530/5266/4695
f 3499/5270/4682 3489/5269/4698 3497/5260/4691 3498/5268/4697
f 3330/4772/4235 3331/4811/4273 3311/4749/4212 3312/4750/4213
f 3307/4971/4428 3308/4948/4406 3277/4946/4404 3278/5025/4475
f 3579/5106/4550 3578/5103/4547 3582/4949/4407 3580/5271/4699
f 3397/5030/4479 3403/5133/4577 3392/4996/4448 3390/5087/4534
f 3493/4731/4194 3494/5150/4593 3485/5171/4611 3487/4730/4193
f 3305/4751/4214 3306/4752/4215 3280/4901/4361 3281/4902/4362
f 3450/5273/4700 3452/5201/4638 3451/5223/4660 3449/5272/4660
f 3656/5169/4609 3667/5274/4701 3657/4763/4226 3602/4764/4227
f 3224/4780/4243 3225/4781/4244 3215/4880/4340 3216/4896/4356
f 3633/5127/4571 3634/5218/4655 3606/4917/4377 3608/5174/4614
f 3494/5150/4593 3484/4873/4333 3483/4870/4331 3485/5171/4611
f 3234/4800/4262 3233/4823/4285 3245/4768/4231 3244/4838/4299
f 3333/5049/4497 3335/4958/4416 3334/4955/4413 3332/5275/4702
f 3481/5276/4703 3469/5119/4563 3479/5117/4561 3480/5166/4606
f 3515/4987/4439 3516/4988/4440 3518/5277/4704 3513/5265/4694
f 3517/4989/4441 3521/5210/4647 3520/5207/4644 3516/4988/4440
f 3298/4965/4423 3299/4966/4424 3288/4758/4221 3289/5014/4464
f 3340/5037/4485 3343/5188/4628 3337/4957/4415 3335/4958/4416
f 3303/4798/4260 3304/4824/4286 3282/4846/4307 3284/4847/4308
f 3507/5281/4706 3509/5280/4123 3508/5279/4705 3506/5278/4496
f 3513/5265/4694 3518/5277/4704 3510/5149/4592 3509/5280/4123
f 3509/5280/4123 3510/5149/4592 3517/5146/4441 3508/5279/4705
f 3368/5158/4599 3369/4816/4278 3346/4834/4295 3348/5080/4527
f 3518/5277/4704 3519/5282/4707 3511/5148/4591 3510/5149/4592
f 3652/5246/4679 3651/5123/4567 3618/5120/4564 3617/5211/4648
f 3511/5148/4591 3528/4628/4124 3523/4625/4121 3521/5147/4590
f 3383/5141/4585 3382/5284/4708 3358/5283/4584 3357/5140/4584
f 3369/4816/4278 3368/5158/4599 3372/5285/4709 3370/4819/4281
f 3138/5287/465 3139/5286/465 3146/4608/465 3145/4584/465
f 3448/5288/4710 3412/4927/4387 3437/4924/4384 3438/5061/4508
f 3527/5096/4540 3519/5282/4707 3520/5207/4644 3522/5208/4645
f 3526/5095/4539 3527/5096/4540 3522/5208/4645 3524/5289/4711
f 3523/5209/4646 3525/5290/4646 3524/5289/4711 3522/5208/4645
f 3489/5250/4682 3499/5291/4712 3490/5011/4461 3488/4729/4192
f 3564/5293/4714 3542/5110/4554 3540/5107/4551 3533/5292/4713
f 3530/5266/4695 3531/5239/4673 3542/5238/4672 3564/5294/4554
f 3339/4818/4280 3370/4819/4281 3347/5295/4715 3338/5226/4297
f 3541/5108/4552 3544/4618/4117 3543/5105/4549 3539/5139/4583
f 3555/4913/4373 3557/5296/4716 3556/5116/4560 3554/4912/4372
f 3426/5229/4664 3425/5041/4489 3442/5044/4492 3441/5179/4619
f 3427/5059/4506 3428/5060/4507 3414/5196/4634 3415/4650/4136
f 3532/5138/4582 3539/5139/4583 3535/5157/4598 3531/5239/4673
f 3431/4922/4382 3432/5235/4669 3407/5220/4657 3409/4921/4381
f 3362/5083/4530 3363/4808/4270 3354/4805/4267 3355/5003/4455
f 3539/5139/4583 3543/5105/4549 3537/5156/4597 3535/5157/4598
f 3580/5271/4699 3537/5156/4597 3543/5105/4549 3579/5106/4550
f 3429/5062/4509 3428/5060/4507 3439/5057/4504 3438/5061/4508
f 3426/5229/4664 3427/5059/4506 3415/4650/4136 3416/4651/4137
f 3371/5081/4528 3389/4998/4450 3349/4997/4449 3348/5080/4527
f 3402/5134/4578 3405/5163/4604 3404/5248/4680 3403/5133/4577
f 3575/5162/4603 3574/5191/4631 3586/5071/4518 3585/5131/4575
f 3268/4932/4392 3274/4933/4393 3263/4943/4402 3262/4945/4403
f 3557/5296/4716 3559/5298/4718 3558/5297/4717 3556/5116/4560
f 3572/5219/4656 3571/5069/4516 3589/4830/4291 3588/4973/4430
f 3365/5079/4526 3366/5076/4523 3350/4897/4357 3351/4898/4358
f 3458/4841/4302 3459/5176/4616 3460/5203/4640 3457/4840/4301
f 3625/5114/4558 3626/5115/4559 3618/5120/4564 3619/5121/4565
f 3325/4759/4222 3290/5015/4465 3289/5014/4464 3288/4758/4221
f 3359/5299/4719 3360/5145/4589 3357/5140/4584 3358/5283/4584
f 3449/5300/4720 3451/5178/4618 3458/4841/4302 3663/4842/4303
f 3595/4755/4218 3594/5301/4721 3563/5144/4588 3562/4754/4217
f 3382/5303/4708 3383/5234/4585 3380/5232/4667 3381/5302/4722
f 3369/4816/4278 3344/4817/4279 3345/4833/4294 3346/4834/4295
f 3569/5112/4556 3570/5068/4515 3556/5116/4560 3558/5297/4717
f 3364/4807/4269 3365/5079/4526 3351/4898/4358 3353/4806/4268
f 3343/5188/4628 3344/4817/4279 3339/4818/4280 3337/4957/4415
f 3494/5150/4593 3493/4731/4194 3496/5205/4642 3495/5021/4471
f 3230/4727/4190 3231/4728/4191 3203/4745/4208 3205/4746/4209
f 3366/5076/4523 3367/5077/4524 3349/4997/4449 3350/4897/4357
f 3434/4931/4391 3394/4995/4447 3404/5248/4680 3433/5236/4670
f 3609/5189/4629 3607/5304/4723 3637/5217/4654 3638/5124/4568
f 3429/5062/4509 3430/4923/4383 3411/4920/4380 3413/5135/4579
f 3308/4948/4406 3307/4971/4428 3310/4809/4271 3309/5305/4724
f 3620/5122/4566 3650/5306/4354 3621/5193/4633 3619/5121/4565
f 3352/5104/4548 3388/5228/4663 3374/5075/4522 3375/5078/4525
f 3631/5185/4625 3632/5126/4570 3610/5307/4725 3611/5186/4626
f 3475/5018/4468 3474/4953/4411 3477/5019/4469 3476/5215/4652
f 3401/5308/4726 3391/5165/4445 3402/5134/4578 3399/5031/4480
f 3433/5236/4670 3404/5248/4680 3405/5163/4604 3406/5252/4684
f 3368/5158/4599 3367/5077/4524 3373/5074/4521 3372/5285/4709
f 3658/5310/4728 3271/4937/4397 3270/4935/4395 3269/5309/4727
f 3272/4934/4394 3276/4938/4398 3275/4947/4405 3274/4933/4393
f 3130/5313/2199 3188/4720/2199 3182/5312/2199 3176/5311/2199
f 3425/5041/4489 3426/5229/4664 3416/4651/4137 3417/5040/4488
f 3269/5309/4727 3270/4935/4395 3268/4932/4392 3267/5314/4729
f 3537/5156/4597 3580/5271/4699 3538/5315/4730 3536/5155/4596
f 3651/5316/4731 3652/5052/4499 3644/5050/4323 3645/5113/4557
f 3432/5235/4669 3433/5236/4670 3406/5252/4684 3407/5220/4657
f 3489/5269/4698 3500/5206/4643 3496/5205/4642 3497/5260/4691
f 3360/5145/4589 3359/5299/4719 3381/5302/4722 3380/5232/4667
f 3625/5114/4558 3624/5090/4536 3647/4891/4351 3646/4892/4352
f 3627/5212/4649 3626/5115/4559 3645/5113/4557 3644/5050/4323
f 3516/4988/4440 3520/5207/4644 3519/5282/4707 3518/5277/4704
f 3466/5259/4690 3482/4962/4420 3467/4906/4366 3465/4952/4410
f 3309/5305/4724 3310/4809/4271 3279/4810/4272 3266/5317/4732
f 3634/5218/4655 3635/5067/4514 3604/4916/4376 3606/4917/4377
f 3476/5215/4652 3455/5216/4653 3461/5244/4677 3475/5018/4468
f 3393/5164/4605 3395/5253/4685 3406/5252/4684 3405/5163/4604
f 3447/5204/4641 3448/5288/4710 3438/5061/4508 3439/5057/4504
f 3528/4628/4124 3511/5148/4591 3519/5282/4707 3527/5096/4540
f 3323/4791/4250 3324/5318/4733 3320/4793/4255 3321/4790/4253
f 3629/4735/4198 3630/5184/4624 3613/5159/4600 3615/4734/4197
f 3603/5320/4735 3600/5319/4734 3667/5274/4701 3656/5169/4609
f 3572/5219/4656 3573/5192/4632 3551/4717/4182 3553/4911/4371
f 3635/5067/4514 3634/5218/4655 3637/5217/4654 3636/5170/4610
f 3267/5314/4729 3268/4932/4392 3262/4945/4403 3659/4992/4444
f 3486/5172/4612 3500/5251/4683 3487/4730/4193 3485/5171/4611
f 3265/4942/4401 3309/5305/4724 3266/5317/4732 3264/4941/4400
f 3309/5305/4724 3265/4942/4401 3275/4947/4405 3308/4948/4406
f 3654/5262/4692 3614/5321/4736 3641/5183/4623 3642/4862/4323
f 3664/4839/4300 3457/4840/4301 3452/5201/4638 3450/5273/4700
f 3630/5184/4624 3629/4735/4198 3642/4862/4323 3641/5183/4623
f 3559/5151/4594 3557/4832/4293 3590/4829/4290 3591/5111/4555
f 3568/4864/4325 3569/5112/4556 3558/5297/4717 3560/4753/4216
f 3595/5322/4737 3561/5152/4219 3592/4967/4425 3593/4968/4426
f 3594/5323/4738 3595/5322/4737 3593/4968/4426 3567/5143/4587
f 3422/5324/4739 3420/5046/4494 3443/5043/4491 3444/5231/4666
f 3258/4853/4314 3218/4813/4275 3255/4812/4274 3256/4852/4313
f 3620/4893/4353 3651/5316/4731 3645/5113/4557 3646/4892/4352
f 3559/5298/4718 3561/4756/4219 3560/4753/4216 3558/5297/4717
f 3504/5325/4740 3502/5173/4613 3483/4870/4331 3665/4871/4331
f 3236/4743/4206 3237/4845/4306 3192/4855/4316 3194/4742/4205
f 3261/5033/4338 3200/4970/4427 3199/4844/4305 3198/4799/4261
f 3264/4939/4223 3266/5027/4476 3277/4946/4404 3276/4938/4398
f 3453/5177/4617 3463/5258/4689 3462/5245/4678 3459/5176/4616
f 3445/4652/4138 3418/5326/4493 3417/5040/4488 3416/4651/4137
f 3324/5318/4733 3290/4976/4432 3319/4964/4422 3320/4793/4255
f 3607/5304/4723 3605/5327/4741 3636/5170/4610 3637/5217/4654
f 3302/4797/4259 3301/4821/4283 3316/4959/4417 3315/4721/4184
f 3208/4884/4344 3206/4972/4429 3248/4726/4189 3249/4883/4343
f 3188/4720/1185 3185/4623/1185 3183/4624/1185 3189/4684/1185
f 3598/5129/4573 3597/4711/4179 3549/4708/4176 3548/5128/4572
f 3609/5175/4615 3655/5328/4742 3610/5307/4725 3608/5174/4614
f 3614/5321/4736 3612/5249/4681 3640/5182/4622 3641/5183/4623
f 3431/4922/4382 3430/4923/4383 3437/4924/4384 3436/4925/4385
f 3325/4975/4431 3326/4980/4223 3317/4960/4418 3318/4963/4421
f 3580/5271/4699 3582/4949/4407 3581/4950/4408 3538/5315/4730
f 3512/5264/4694 3513/5265/4694 3509/5280/4123 3507/5281/4706
f 3384/5233/4668 3385/5100/4544 3378/5082/4529 3379/5084/4531
f 3370/4819/4281 3372/5285/4709 3371/5329/4743 3347/5295/4715
f 3425/5041/4489 3424/5042/4490 3443/5043/4491 3442/5044/4492
f 3623/5089/4536 3624/5090/4536 3621/5193/4633 3622/5330/4744
f 3650/5306/4354 3649/5331/4745 3622/5330/4744 3621/5193/4633
f 3418/5326/4493 3420/5200/4637 3419/5039/4487 3417/5040/4488
f 3410/5221/4658 3412/5137/4581 3411/4920/4380 3409/4921/4381
f 3389/5227/4450 3371/5329/4743 3372/5285/4709 3373/5074/4521
f 3482/5118/4562 3466/5256/4688 3477/5019/4469 3478/5020/4470
f 3341/4774/4237 3342/4775/4238 3343/5188/4628 3340/5037/4485
f 3578/5103/4547 3579/5106/4550 3545/4619/4118 3546/5102/4546
f 3655/5328/4742 3612/5187/4627 3611/5186/4626 3610/5307/4725
f 3454/5202/4639 3455/5216/4653 3463/5213/4650 3453/5224/4661
f 3632/5126/4570 3633/5127/4571 3608/5174/4614 3610/5307/4725
f 3428/5060/4507 3429/5062/4509 3413/5135/4579 3414/5196/4634
f 3575/5162/4603 3576/5098/4542 3548/5128/4572 3549/4708/4176
f 3400/5332/4746 3401/5308/4726 3399/5031/4480 3398/5032/4481
f 3269/5336/4747 3267/5335/4747 3659/5334/4747 3658/5333/4747
f 3600/5337/4748 3603/5225/4662 3601/4761/4224 3668/4762/4225
f 3336/4776/4239 3338/4836/4297 3345/4833/4294 3342/4775/4238
f 3492/4732/4195 3491/5012/4462 3498/5268/4697 3497/5260/4691
f 3259/5009/4460 3218/5035/4483 3217/4895/4355 3216/4896/4356
f 3361/5085/4532 3360/5145/4589 3380/5232/4667 3379/5084/4531
f 3502/5023/4473 3504/5338/4749 3503/5263/4693 3501/5022/4472
f 3627/5212/4649 3628/4736/4199 3616/4733/4196 3617/5211/4648
f 3533/5292/4713 3540/5107/4551 3532/5138/4582 3666/5267/4696
f 3605/5327/4741 3603/5320/4735 3656/5169/4609 3636/5170/4610
f 3649/5339/4750 3650/4894/4354 3647/4891/4351 3648/5088/4535

v 0.1999963670969 -0.00000078959454 -0.90000039339066
v -0.19999486207962 -0.00000078959454 -0.90000039339066
v -0.19999486207962 1.67096447944641 -1.29999983310699
v -0.19999486207962 1.66524231433868 -1.271240234375
v -0.01068919245154 1.87925338745117 -0.90000009536743
v 0.1999963670969 2.5 -0.90000003576279
v 0.03375121578574 2.27835941314697 -0.90000003576279
v 0.11389824002981 2.5 -0.90000003576279
v 0.09400612860918 2.5 -0.97884434461594
v -0.19999486207962 1.37089121341705 -0.95115441083908
v -0.15352942049503 1.37745261192322 -0.95328044891357
v -0.19999486207962 1.37516379356384 -0.92799025774002
v -0.19903056323528 1.49845862388611 -0.90000015497208
v -0.13341690599918 1.75458526611328 -0.90000015497208
v -0.01041367836297 1.87139487266541 -0.96481031179428
v 0.003775292309 2.16048145294189 -0.90000009536743
v 0.01022231951356 2.26966166496277 -0.98074865341187
v 0.1999963670969 2.5 -1.07576620578766
v 0.1999963670969 2.42919707298279 -1.12968552112579
v 0.0773099809885 2.21198153495789 -1.12909865379333
v 0.1999963670969 2.47184681892395 -1.2766398191452
v 0.04486820474267 2.19824814796448 -1.27730512619019
v 0.07140020281076 2.2158727645874 -1.29999971389771
v -0.07903043925762 1.813028216362 -1.12062072753906
v -0.19999486207962 1.48091042041779 -1.17918348312378
v -0.19999486207962 1.47122073173523 -1.13117253780365
v 0.1999963670969 2.44193863868713 -1.29999971389771
v 0.1999963670969 -0.0000007363314 -1.30000007152557
v -0.10215984284878 1.78373038768768 -1.29999983310699
v -0.19999486207962 -0.0000007363314 -1.30000007152557
v -0.19999486207962 1.37127268314362 -1.05397164821625
v -0.22187067568302 2.28148746490479 -0.92886400222778
v -0.23370400071144 2.25218963623047 -0.92152082920074
v -0.22126454114914 2.27637553215027 -0.94202429056168
v -0.23214735090733 2.24913787841797 -0.93525499105453
v -0.20788833498955 2.28926968574524 -0.94876748323441
v -0.19411264359951 2.29094815254211 -0.95527589321136
v -0.18179716169834 2.28423404693604 -0.96121037006378
v -0.17176845669746 2.27134013175964 -0.96634930372238
v -0.16427446901798 2.25318145751953 -0.9704447388649
v -0.1521931886673 2.25577569007874 -0.9635711312294
v -0.15926012396812 2.23006367683411 -0.97314465045929
v -0.15638099610806 2.20206308364868 -0.97435766458511
v -0.15497587621212 2.1693320274353 -0.97430545091629
v -0.15408045053482 2.13194680213928 -0.97360116243362
v -0.15249624848366 2.09013628959656 -0.97320991754532
v -0.14872170984745 2.04397702217102 -0.9744359254837
v -0.14150324463844 1.99209558963776 -0.97845315933228
v -0.13082706928253 1.92861711978912 -0.98544412851334
v -0.11844272166491 1.92983782291412 -0.97872704267502
v -0.11823607981205 1.8428601026535 -0.99422204494476
v -0.10581040382385 1.84377562999725 -0.98754405975342
v -0.10685735195875 1.71903121471405 -1.00236082077026
v -0.09439034759998 1.71948897838593 -0.99570894241333
v -0.10131952166557 1.53637778759003 -1.0061172246933
v -0.10795941203833 1.53637778759003 -0.99363511800766
v -0.11348346620798 1.7180392742157 -0.98990482091904
v -0.12477953732014 1.84102892875671 -0.98181825876236
v -0.13728787004948 1.92632818222046 -0.97307950258255
v -0.14799159765244 1.98995935916901 -0.96608847379684
v -0.15532027184963 2.0426037311554 -0.96199297904968
v -0.15916368365288 2.08960223197937 -0.96075391769409
v -0.16077543795109 2.13187050819397 -0.9611451625824
v -0.16165709495544 2.16917943954468 -0.9618364572525
v -0.16303466260433 2.20130014419556 -0.96190166473389
v -0.16577602922916 2.22800374031067 -0.96075391769409
v -0.17033578455448 2.24921417236328 -0.95828878879547
v -0.17675524950027 2.26493120193481 -0.95476722717285
v -0.18451097607613 2.27507853507996 -0.95077610015869
v -0.2001463919878 2.27874088287354 -0.94338077306747
v -0.20927968621254 2.26958537101746 -0.93878966569901
v -0.21850940585136 2.24616241455078 -0.93303769826889
v -0.20988582074642 2.27469706535339 -0.92564243078232
v -0.22006605565548 2.24913787841797 -0.91931658983231
v -0.09547862410545 1.53637778759003 -0.98699629306793
v -0.20580820739269 2.29682302474976 -0.93697667121887
v -0.19808003306389 2.28621792793274 -0.93158996105194
v -0.18613651394844 2.28766751289368 -0.93722450733185
v -0.17493686079979 2.28148746490479 -0.94262427091599
v -0.16543163359165 2.26928019523621 -0.9474892616272
v -0.15824072062969 2.25180816650391 -0.95141518115997
v -0.153419226408 2.22945332527161 -0.95403683185577
v -0.15060897171497 2.20206308364868 -0.95521068572998
v -0.14921763539314 2.16971349716187 -0.9551454782486
v -0.14832220971584 2.13240456581116 -0.95445418357849
v -0.14672422409058 2.09028887748718 -0.95406293869019
v -0.14290836453438 2.04359555244446 -0.95530200004578
v -0.13560724258423 1.99118006229401 -0.95935833454132
v -0.12490352243185 1.92754900455475 -0.96636235713959
v -0.11235386133194 1.84194445610046 -0.97512722015381
v -0.10101645439863 1.71857345104218 -0.98323994874954
v -0.08883874118328 1.53645408153534 -0.99947834014893
v -0.12911888957024 1.99339270591736 -0.97173607349396
v -0.1363098025322 2.04496908187866 -0.96773189306259
v -0.14005678892136 2.09082293510437 -0.96651887893677
v -0.14162722229958 2.13240456581116 -0.96691012382507
v -0.14252264797688 2.16978979110718 -0.96761447191238
v -0.14394153654575 2.20282602310181 -0.96766662597656
v -0.14690332114697 2.23143720626831 -0.96642756462097
v -0.16044482588768 2.27568888664246 -0.95907133817673
v -0.172223046422 2.29071927070618 -0.95304554700851
v -0.18787224590778 2.29903554916382 -0.94550675153732
v 0.03857271000743 2.37563705444336 -1.01280808448792
v 0.05121880397201 2.05259871482849 -1.02607274055481
v 0.04897336289287 2.13179421424866 -1.0220034122467
v 0.0461080186069 2.21198153495789 -1.01844263076782
v 0.04265031591058 2.29331350326538 -1.01537752151489
v 0.04525392502546 2.05175924301147 -1.01327764987946
v 0.04300848767161 2.13095498085022 -1.00920832157135
v 0.04015691578388 2.21129488945007 -1.00563454627991
v 0.03668544068933 2.29262685775757 -1.00256943702698
v 0.03260783106089 2.37495040893555 -0.99999994039536
v 0.04540545865893 2.37548446655273 -0.99401324987412
v 0.05137033760548 2.37617111206055 -1.00682139396667
v 0.04667282104492 2.45963931083679 -1.00474762916565
v 0.05807910114527 2.05175924301147 -1.00730407238007
v 0.05544794350863 2.29369497299194 -1.00939083099365
v 0.04949684068561 2.29300832748413 -0.99658274650574
v 0.05296831578016 2.21152377128601 -0.99966084957123
v 0.05583366379142 2.13110756874084 -1.00323462486267
v 0.06404397636652 2.05259871482849 -1.02011215686798
v 0.06178476661444 2.13187050819397 -1.01602971553802
v 0.05893319472671 2.21228671073914 -1.01245594024658
v 0.09109945595264 2.44224381446838 -1.18755686283112
v 0.09911691397429 2.32352685928345 -1.19388270378113
v 0.10034295171499 2.32459497451782 -1.17983543872833
v 0.10836040973663 2.20587778091431 -1.18616127967834
v 0.10958644747734 2.20686960220337 -1.17211413383484
v 0.086305513978 2.32352685928345 -1.17854428291321
v 0.09554900228977 2.20587778091431 -1.17080974578857
v 0.0850794762373 2.32253479957581 -1.19259142875671
v 0.07583598047495 2.44018387794495 -1.2003128528595
v 0.09432297199965 2.20488595962524 -1.18487000465393
v 0.07704824209213 2.44125199317932 -1.1862655878067
v -0.18743142485619 2.03016757965088 -1.23585474491119
v -0.19285905361176 2.08288812637329 -1.23599827289581
v -0.17722362279892 1.97988820075989 -1.23305058479309
v -0.16395762562752 1.93060076236725 -1.22843337059021
v -0.14928650856018 1.88093197345734 -1.22285103797913
v -0.13621337711811 1.8850519657135 -1.21943378448486
v -0.13483579456806 1.82943189144135 -1.21713829040527
v -0.12216215580702 1.77449858188629 -1.21206450462341
v -0.1087721735239 1.77739787101746 -1.20851683616638
v -0.11284978687763 1.71475863456726 -1.20843863487244
v -0.10845533758402 1.64860963821411 -1.20705604553223
v -0.09478984028101 1.64891481399536 -1.20340406894684
v -0.11209212243557 1.6485333442688 -1.19338715076447
v -0.11651411652565 1.71491122245789 -1.19478273391724
v -0.12585404515266 1.77488005161285 -1.19840860366821
v -0.13854146003723 1.82981336116791 -1.20349538326263
v -0.15300594270229 1.88138973712921 -1.20922124385834
v -0.16764952242374 1.9309823513031 -1.21479046344757
v -0.18086041510105 1.98004078865051 -1.21938157081604
v -0.19099932909012 2.03001499176025 -1.22217273712158
v -0.17748536169529 2.03222751617432 -1.21861207485199
v -0.18272013962269 2.08288812637329 -1.21876859664917
v -0.17391745746136 2.03238010406494 -1.2322940826416
v -0.09844040125608 1.64883852005005 -1.18974816799164
v -0.16394385695457 1.98324525356293 -1.22955501079559
v -0.16758063435555 1.98339784145355 -1.21588611602783
v -0.15454882383347 1.93502604961395 -1.21134722232819
v -0.13991902768612 1.88550972938538 -1.20579087734222
v -0.12534435093403 1.83355188369751 -1.20002591609955
v -0.11246406286955 1.77770304679871 -1.19487404823303
v -0.10294505208731 1.71658968925476 -1.19116985797882
v -0.09928072243929 1.71643710136414 -1.20482575893402
v -0.12163867801428 1.83309412002563 -1.21366882324219
v -0.1508569419384 1.9346444606781 -1.22500312328339
v -0.0468228533864 2.37876534461975 -1.10798215866089
v -0.04862746968865 2.4540696144104 -1.09813475608826
v -0.05781586095691 2.45231485366821 -1.10873866081238
v -0.03895692899823 2.30506300926208 -1.10739517211914
v -0.03317113593221 2.23113203048706 -1.1070169210434
v -0.02385876141489 2.23181867599487 -1.09640002250671
v -0.02843229472637 2.15659046173096 -1.10688650608063
v -0.02372100576758 2.08136224746704 -1.10708224773407
v -0.01439485605806 2.08197259902954 -1.09646534919739
v -0.01800408959389 2.00514221191406 -1.10763001441956
v -0.00867794081569 2.00582885742188 -1.09701311588287
v -0.01023459434509 1.92777788639069 -1.1085821390152
v -0.00093599711545 1.92869341373444 -1.09795224666595
v 0.00060688127996 1.84904003143311 -1.10997772216797
v -0.00984887499362 1.84713268280029 -1.1006520986557
v -0.02075922861695 1.92640447616577 -1.09924340248108
v -0.02857005037367 2.004150390625 -1.09829127788544
v -0.03431451693177 2.08059930801392 -1.09774351119995
v -0.03902580589056 2.15590381622314 -1.0975478887558
v -0.0437646470964 2.23036909103394 -1.09766519069672
v -0.04953666776419 2.30414748191833 -1.09804344177246
v -0.05736126378179 2.37746834754944 -1.09863042831421
v -0.06828539073467 2.45056009292603 -1.09938681125641
v -0.0481039956212 2.37876534461975 -1.08802652359009
v -0.05909700319171 2.45231485366821 -1.08878302574158
v -0.03756558522582 2.38006234169006 -1.09736526012421
v -0.00060538027901 1.84842967987061 -1.09002208709717
v -0.02965833246708 2.30597853660583 -1.09677827358246
v -0.04023806750774 2.30506300926208 -1.08742654323578
v -0.0344384983182 2.23105573654175 -1.08704829216003
v -0.02969965897501 2.15651416778564 -1.08693087100983
v -0.02498837001622 2.0811333656311 -1.08712661266327
v -0.019257677719 2.00483703613281 -1.08767437934875
v -0.011474407278 1.92732012271881 -1.0886265039444
v 0.00985037628561 1.8502608537674 -1.09934782981873
v -0.01910614594817 2.15720081329346 -1.0962827205658
v 0.02791031822562 2.45841860771179 -0.99793916940689
v 0.04070794582367 2.45902895927429 -0.99195247888565
v 0.03388897329569 2.45902895927429 -1.01074731349945
v 0.08987341821194 2.44125199317932 -1.20160400867462
v -0.19639940559864 2.08243036270142 -1.2223162651062
v -0.17919355630875 2.08342218399048 -1.23245060443878
# 210 vertices

vn -0.88599401712418 0.39919885993004 -0.23591296374798
vn -0.73499298095703 0.38513767719269 -0.55808091163635
vn -0.73288482427597 0.41881808638573 -0.53616344928741
vn -0.86244946718216 0.49066305160522 -0.12422046810389
vn -0.64077609777451 0.59943068027496 0.47967576980591
vn -0.73023825883865 0.42807394266129 0.53245168924332
vn -0.63363212347031 0.0640632212162 -0.77097743749619
vn -0.61814051866531 0.13850347697735 -0.77376937866211
vn -0.17278547585011 0.98489910364151 -0.01090651657432
vn -0.172846108675 0.9848884344101 -0.01090639922768
vn -0.17287643253803 0.98488312959671 -0.01090633962303
vn -0.91423600912094 0.36494436860085 0.1760345697403
vn -0.47479596734047 0.55736100673676 0.68111491203308
vn -0.75064331293106 0.64807832241058 0.12856563925743
vn -0.90804076194763 0.3858790397644 0.16297045350075
vn 0.36494868993759 -0.06731456518173 0.92859095335007
vn 0.39472898840904 -0.06000155955553 0.91683632135391
vn 0.607113301754 0.78552532196045 -0.11984761059284
vn 0.81067508459091 0.54132503271103 -0.22309891879559
vn -0.54392737150192 0.16041249036789 -0.82365697622299
vn -0.71537631750107 0.64459186792374 -0.2696997821331
vn -0.94523006677628 0.32622262835503 -0.0109063796699
vn -0.61320447921753 0.22581875324249 -0.75695848464966
vn -0.81915158033371 0.45548352599144 0.34860506653786
vn -0.4044836461544 0.59945958852768 -0.69068169593811
vn -0.14109481871128 0.98594498634338 -0.08946942538023
vn -0.92676687240601 0.32213085889816 0.19322225451469
vn -0.47728848457336 0.19519045948982 -0.85679423809052
vn -0.71636098623276 0.33653935790062 -0.61120223999023
vn -0.94996058940887 0.26091259717941 -0.17175418138504
vn -0.92461413145065 0.36153918504715 -0.11990889161825
vn -0.84996330738068 0.46673291921616 -0.24438241124153
vn -0.92397075891495 0.37920114398003 -0.04984553903341
vn -0.92645508050919 0.28991174697876 0.24006704986095
vn -0.99449950456619 0.09419041126966 0.04581391811371
vn 0.50779694318771 -0.02250069566071 0.86118286848068
vn 0.45013505220413 -0.02253175340593 0.89267617464066
vn 0.26797667145729 -0.89812034368515 -0.34866654872894
vn 0.61561763286591 -0.59424179792404 -0.51758253574371
vn -0.89430642127991 0.32907176017761 -0.30319604277611
vn -0.64076411724091 0.59945070743561 0.47966679930687
vn -0.29344180226326 0.90801334381104 0.29900440573692
vn 0 0.99999749660492 0.00225006463006
vn -0.29384830594063 0.20600318908691 -0.93338942527771
vn -0.3735742866993 0.27888381481171 -0.88468414545059
vn -0.23728783428669 -0.9669017791748 -0.09378385543823
vn -0.62187922000885 -0.77638024091721 0.10246943682432
vn -0.91127479076386 0.3111959695816 0.26969483494759
vn 0.7101354598999 -0.42450624704361 -0.56169575452805
vn 0.5489450097084 -0.00759385433048 0.8358239531517
vn -0.91415476799011 0.33266708254814 0.2316325455904
vn 0.42141568660736 -0.03771959245205 0.9060828089714
vn -0.73020648956299 0.42816737294197 0.53242009878159
vn -0.8214864730835 -0.53166770935059 0.20612944662571
vn 0.34257400035858 -0.0523455068469 0.93803143501282
vn -0.91224890947342 -0.32226064801216 0.25288334488869
vn -0.27594074606895 0.00368754356168 -0.96116757392883
vn -0.26491516828537 0.03775127232075 -0.96353244781494
vn -0.94682687520981 -0.16884630918503 0.27387917041779
vn -0.95664525032043 -0.07172026485205 0.28228721022606
vn 0.32100862264633 -0.02259435877204 0.94680672883987
vn 0.30519071221352 0.00009375098307 0.95229125022888
vn -0.50863128900528 -0.10487630218267 -0.85457307100296
vn -0.51672965288162 -0.05281361564994 -0.85451811552048
vn -0.87100505828857 -0.08668800443411 0.48356530070305
vn -0.86535984277725 -0.11665841937065 0.48738405108452
vn -0.47569823265076 -0.15628477931023 -0.86561322212219
vn -0.46886417269707 -0.20547769963741 -0.85903739929199
vn -0.84037190675735 -0.16119290888309 0.51748609542847
vn -0.84640002250671 -0.12369115650654 0.51798403263092
vn 0.29191392660141 0.0224380902946 0.95618134737015
vn 0.28365820646286 0.02243765629828 0.95866292715073
vn -0.95643138885498 -0.02643819339573 0.29075765609741
vn -0.95762801170349 -0.02993857115507 0.28644773364067
vn 0.30072206258774 -0.05259433016181 0.95226049423218
vn 0.30619031190872 -0.04481291025877 0.95091497898102
vn -0.94919794797897 -0.1390640437603 0.28228434920311
vn -0.94296908378601 -0.17641216516495 0.28229069709778
vn -0.47319957613945 -0.22284942865372 -0.85230296850204
vn -0.46750980615616 -0.2263485044241 -0.85451793670654
vn 0.83948522806168 0.18740992248058 -0.51004129648209
vn 0.83651751279831 0.17987875640392 -0.51757329702377
vn 0.95633834600449 0.03021956793964 -0.2906953394413
vn 0.95782881975174 0.02268788591027 -0.28644236922264
vn 0.05228189006448 0.02212527021766 -0.99838721752167
vn 0.05225076153874 0.02209407091141 -0.99838954210281
vn 0.98845565319061 0.13556499779224 0.06765750050545
vn 0.99039709568024 0.12056519836187 0.06765776127577
vn -0.30097156763077 -0.00762507133186 -0.95360261201859
vn -0.29213514924049 -0.01893815770745 -0.95618951320648
vn -0.95366281270981 -0.06025041267276 0.29478326439857
vn -0.98925459384918 -0.13181312382221 -0.06325029581785
vn -0.99114954471588 -0.11662788689137 -0.06340781599283
vn -0.06972044706345 -0.0254068672657 0.99724298715591
vn -0.06975148618221 -0.02543804235756 0.99724000692368
vn 0.49316796660423 0.16303512454033 0.85452026128769
vn 0.50773227214813 0.08997114002705 0.85680401325226
vn -0.85265326499939 -0.07159613072872 0.5175484418869
vn 0.30853456258774 -0.02246899157763 0.950947701931
vn 0.94718170166016 0.13550364971161 -0.29066404700279
vn 0.95313990116119 0.06787606328726 -0.29481709003448
vn 0.99040085077286 0.12053439766169 0.06765802204609
vn 0.94224810600281 0.18022437393665 -0.28229004144669
vn 0.85945641994476 0.12790907919407 -0.494948387146
vn 0.84863865375519 0.16522139310837 -0.50250804424286
vn 0.30519098043442 -0.00759383663535 0.95226091146469
vn 0.95479899644852 0.03771945089102 -0.29484924674034
vn 0.0736898034811 0.0001250039204 -0.99728119373322
vn 0.0741583108902 0 -0.99724650382996
vn -0.98717278242111 -0.14656496047974 -0.0633135586977
vn -0.99023842811584 -0.12418996542692 -0.06328250467777
vn 0.98976504802704 0.12790820002556 0.06328221410513
vn 0.99389308691025 0.09037664532661 0.06331364810467
vn -0.05665695667267 0.00353129394352 0.99838745594025
vn -0.05234526097775 0.00359385367483 0.99862259626389
vn 0.95255130529404 0.07543908804655 -0.29488122463226
vn 0.94110429286957 0.17268943786621 -0.29069074988365
vn -0.8542600274086 -0.04893807694316 0.51753735542297
vn 0.50916963815689 0.05265763029456 0.85905385017395
vn 0.90490227937698 0.32579106092453 -0.27388328313828
vn 0.94110268354416 0.17275163531303 -0.29065901041031
vn -0.2674103975296 0.13828340172768 -0.95360863208771
vn 0.81065064668655 0.54136085510254 -0.22310081124306
vn 0.60714793205261 0.78549844026566 -0.11984827369452
vn -0.52254796028137 0.26253965497017 -0.81118220090866
vn -0.29347595572472 0.90799105167389 0.2990385890007
vn 0.21525093913078 0.97450423240662 0.06331277638674
vn 0.21525137126446 0.97450619935989 0.063281647861
vn -0.28347650170326 -0.0225631184876 -0.95871371030808
vn -0.26238372921944 0.08562785387039 -0.96115690469742
vn -0.48469051718712 -0.09006305783987 -0.87003666162491
vn 0.86993807554245 0.0754090026021 -0.48736155033112
vn 0.95256006717682 0.07543978095055 -0.29485267400742
vn 0.86995685100555 0.07543917745352 -0.48732334375381
vn 0.87416607141495 0.0453442633152 -0.48350545763969
vn 0.9391838312149 0.04528257995844 -0.34041625261307
vn 0.93879103660584 0.05284430086613 -0.34040978550911
vn -0.34159880876541 0.02612538635731 -0.93948268890381
vn -0.34075355529785 0.03390660509467 -0.93954104185104
vn 0.93880105018616 0.05284486338496 -0.34038215875626
vn 0.93832153081894 0.06043808534741 -0.34044077992439
vn -0.34226325154305 0.01128168683499 -0.93953639268875
vn -0.34191173315048 0.01868779957294 -0.93954622745514
vn -0.30525642633438 0.0154378246516 -0.95214504003525
vn 0.95295125246048 0.12053298205137 -0.27812901139259
vn 0.95742797851562 0.06037637218833 -0.28228765726089
vn 0.28506687283516 -0.04496943578124 0.9574521780014
vn -0.94241631031036 -0.17237684130669 0.28659680485725
vn 0.95635056495666 0.03018771484494 -0.29065832495689
vn -0.29150462150574 0.05612589418888 -0.95492142438889
vn -0.28081342577934 0.04534389823675 -0.95869064331055
vn 0.94719755649567 0.13547018170357 -0.29062807559967
vn 0.94225043058395 0.18016231060028 -0.28232198953629
vn 0.05909447744489 0.01515643671155 -0.99813735485077
vn -0.9942843914032 -0.08662527799606 -0.06240645051003
vn 0.27510184049606 -0.02243815921247 0.96115320920944
vn 0.95295590162277 0.12056483328342 -0.27809911966324
vn 0.94487369060516 0.17278672754765 -0.27813383936882
vn 0.47816890478134 0.21222437918186 0.85224133729935
vn 0.46854147315025 0.23272383213043 0.85223734378815
vn -0.83810871839523 -0.18328452110291 0.51379036903381
vn -0.27888286113739 0.02631324157119 -0.95996457338333
vn -0.95567756891251 -0.06778275966644 0.28650638461113
vn -0.94802749156952 -0.12022223323584 0.29460227489471
vn 0.07022096961737 0 -0.99753147363663
vn 0.06546945869923 0 -0.99785459041595
vn 0.99568057060242 0.06790790706873 0.06331404298544
vn 0.99389028549194 0.0904076397419 0.06331346929073
vn -0.48810166120529 -0.17765913903713 -0.8545138835907
vn 0.8387069106102 0.15765988826752 -0.52126204967499
vn 0.90491861104965 0.32572320103645 -0.27390998601913
vn 0.06503193825483 0.00759383011609 -0.99785429239273
vn 0.99616575241089 0.06037557497621 0.06331310421228
vn 0.93832331895828 0.06040694564581 -0.34044140577316
vn -0.34241050481796 0.00378129677847 -0.93954282999039
vn -0.0610941760242 0 0.99813199043274
vn -0.9954479932785 -0.07137575000525 -0.06315691769123
vn -0.99354696273804 -0.09412648528814 -0.06328225135803
vn -0.93808174133301 -0.06403256207705 0.34044447541237
vn -0.93854707479477 -0.0566259548068 0.34047448635101
vn 0.85945987701416 0.12787832319736 -0.4949503839016
vn 0.93834328651428 0.06040823087096 -0.34038615226746
vn 0.93877893686295 0.05281412601471 -0.34044796228409
vn 0.34220090508461 -0.01509434077889 0.9395055770874
vn 0.34247815608978 -0.00765646016225 0.93949460983276
vn 0.84862095117569 0.16519279778004 -0.50254738330841
vn 0.06062528863549 0.00784378778189 -0.99812978506088
vn 0.99568891525269 0.0678147226572 0.06328332424164
vn -0.06022008880973 0.9979909658432 0.01968793943524
vn -0.06031353771687 0.99798589944839 0.01965658739209
vn -0.0603758469224 0.99798274040222 0.01962527632713
vn -0.84183716773987 -0.18709923326969 0.50626480579376
vn -0.06062548980117 -0.00740631017834 0.99813312292099
vn -0.06506318598986 -0.00731257768348 0.99785435199738
vn -0.9954309463501 -0.07150177657604 -0.06328282505274
vn -0.99595135450363 -0.06390713900328 -0.06321962922812
vn 0.99616950750351 0.06031330302358 0.06331334263086
vn 0.99568468332291 0.06787694245577 0.06328305602074
vn 0.83949857950211 0.18741291761398 -0.51001816987991
vn -0.06737682968378 -0.018375499174 0.99755835533142
vn 0.99455112218857 0.08284540474415 0.06328251957893
vn 0.27606675028801 0.00759386643767 0.96110844612122
vn 0.34238582849503 -0.00746898632497 0.93952977657318
vn 0.93833327293396 0.06040759012103 -0.34041380882263
vn -0.64020282030106 0 0.76820594072342
vn -0.76235115528107 -0.10550103336573 -0.63850623369217
vn -0.76237392425537 -0.10541042685509 -0.63849407434464
vn -0.64032274484634 0 0.76810598373413
vn -0.76235622167587 -0.10543922334909 -0.63851046562195
vn 0.64016902446747 -0.00009375186346 -0.76823407411575
vn 0.64020282030106 0 -0.76820594072342
vn 0.64016902446747 0 -0.7682341337204
vn 0.76239955425262 0.10525339096785 0.63848930597305
vn 0.76238185167313 0.10528219491243 0.63850575685501
vn 0.34453991055489 -0.03746969252825 0.93802356719971
vn 0.34454074501991 -0.03740727901459 0.93802577257156
vn 0.93918114900589 0.04534495249391 -0.34041529893875
vn 0.9391798377037 0.04537613689899 -0.34041479229927
vn 0.34179332852364 -0.02265705168247 0.93950200080872
vn 0.93877583742142 0.05287645384669 -0.34044685959816
vn 0.95782089233398 0.02265644818544 -0.28647127747536
vn 0.47097900509834 0.21903601288795 0.85451859235764
vn 0.76237934827805 0.10531309992075 0.6385036110878
vn -0.64013522863388 0.00012500199955 0.76826226711273
vn 0.64016902446747 0.00006250124716 -0.76823407411575
vn 0.49003705382347 0.05275062471628 0.8701040148735
vn 0.48722502589226 0.09715750068426 0.86785495281219
vn 0.47629436850548 0.17691111564636 0.86130493879318
vn -0.85311645269394 -0.16487938165665 0.49498191475868
vn 0.95741957426071 0.06037583947182 -0.282316416502
vn 0.84355211257935 0.11290903389454 -0.52504420280457
vn 0.84704142808914 0.08300099521875 -0.52500629425049
vn -0.93770432472229 -0.04525081440806 0.34447494149208
vn -0.93727338314056 -0.0528138205409 0.34457114338875
vn -0.93731826543808 -0.05287532508373 0.34443962574005
vn 0.93918251991272 0.04531376436353 -0.34041577577591
vn -0.33994856476784 0.04143885150552 -0.93953061103821
vn 0.83869731426239 0.15762685239315 -0.52128738164902
vn 0.84354615211487 0.11297074705362 -0.52504050731659
vn -0.48679122328758 -0.04900100454688 -0.87214285135269
vn 0.8741574883461 0.04537668451667 -0.4835179746151
vn -0.30191341042519 0.04500106722116 -0.95227265357971
vn 0.94488215446472 0.17275130748749 -0.27812710404396
vn 0.84705018997192 0.08287686109543 -0.52501177787781
vn 0.95313590764999 0.06793827563524 -0.29481583833694
vn -0.27981767058372 0.01131270918995 -0.95998650789261
vn -0.95734393596649 -0.03771998733282 0.28647819161415
vn 0.99568694829941 0.06781458854675 0.06331444531679
vn -0.05221898108721 0.00353126553819 0.99862939119339
vn 0.98661804199219 0.15025369822979 0.0633140578866
vn 0.95480895042419 0.03768859431148 -0.29482105374336
vn -0.07725236564875 0.99499917030334 -0.06331443786621
vn -0.07721920311451 0.99500584602356 -0.06325037032366
vn -0.07715661078691 0.99500471353531 -0.06334405392408
vn 0.64016902446747 0.00003125062358 -0.7682341337204
vn 0.99454659223557 0.08287627995014 0.06331347674131
vn 0.98660415410995 0.15034534037113 0.06331316381693
vn -0.93773090839386 -0.04518808797002 0.34441071748734
vn -0.0452504567802 0.99857258796692 0.02837528660893
vn -0.0452193506062 0.99857580661774 0.02831287495792
vn -0.04531286656857 0.99857068061829 0.02834398113191
vn -0.04528160393238 0.99857032299042 0.02840647101402
vn -0.24088159203529 -0.95365107059479 0.18034869432449
vn -0.24084943532944 -0.9536474943161 0.18041051924229
vn -0.24088023602962 -0.95364570617676 0.18037892878056
vn -0.24088294804096 -0.95365649461746 0.18031845986843
# 266 normals

vt 0.692946434021 0.01050078868866 0
vt 0.68899917602539 0.00608110427856 0
vt 0.64962047338486 0.00260329246521 0
vt 0.64529728889465 0.00644338130951 0
vt 0.64651906490326 0.07846295833588 0
vt 0.63890647888184 0.07976710796356 0
vt 0.63965833187103 0.08310008049011 0
vt 0.64708292484283 0.08201324939728 0
vt 0.87611854076386 0.16881346702576 0
vt 0.87264120578766 0.1733056306839 0
vt 0.89801651239395 0.17518949508667 0
vt 0.79933476448059 0.00557398796082 0
vt 0.79933476448059 0.00253081321716 0
vt 0.79623335599899 0.00253081321716 0
vt 0.79623335599899 0.00557398796082 0
vt 0.80581957101822 0.02557134628296 0
vt 0.78260582685471 0.00695061683655 0
vt 0.7810081243515 0.00296556949615 0
vt 0.75995606184006 0.00760269165039 0
vt 0.66493964195251 0.09041798114777 0
vt 0.66042846441269 0.09092509746552 0
vt 0.66108638048172 0.09454786777496 0
vt 0.66540956497192 0.09375083446503 0
vt 0.81315022706985 0.53651905059814 0
vt 0.79519951343536 0.3162579536438 0
vt 0.80638343095779 0.03238201141357 0
vt 0.77659094333649 0.33256018161774 0
vt 0.8041278719902 0.06940615177155 0
vt 0.81296223402023 0.05621945858002 0
vt 0.7435091137886 0.0609290599823 0
vt 0.76879042387009 0.07534742355347 0
vt 0.85346871614456 0.20692443847656 0
vt 0.82771748304367 0.27119135856628 0
vt 0.87264120578766 0.53651905059814 0
vt 0.81803727149963 0.04462683200836 0
vt 0.81709748506546 0.06049430370331 0
vt 0.81803727149963 0.05745124816895 0
vt 0.75488096475601 0.03455567359924 0
vt 0.8045037984848 0.06940615177155 0
vt 0.63834255933762 0.0381783246994 0
vt 0.68091666698456 0.05904519557953 0
vt 0.68758946657181 0.03354132175446 0
vt 0.64886862039566 0.02926647663116 0
vt 0.75356525182724 0.31393945217133 0
vt 0.75365918874741 0.53651905059814 0
vt 0.76127177476883 0.33263266086578 0
vt 0.75770044326782 0.33198058605194 0
vt 0.90600502490997 0.16468358039856 0
vt 0.93213218450546 0.53651905059814 0
vt 0.93213218450546 0.16468358039856 0
vt 0.96136075258255 0.21518421173096 0
vt 0.95684957504272 0.19765031337738 0
vt 0.9449138045311 0.16468358039856 0
vt 0.74162942171097 0.07129001617432 0
vt 0.99152916669846 0.31364965438843 0
vt 0.99162316322327 0.53746092319489 0
vt 0.99528849124908 0.31495380401611 0
vt 0.67875510454178 0.07150733470917 0
vt 0.69717568159103 0.07114505767822 0
vt 0.64708292484283 0.09056282043457 0
vt 0.65225195884705 0.09128737449646 0
vt 0.65281587839127 0.08636045455933 0
vt 0.64764684438705 0.08621561527252 0
vt 0.64398151636124 0.05962479114532 0
vt 0.81315022706985 0.28800082206726 0
vt 0.64623707532883 0.09418559074402 0
vt 0.65187603235245 0.09527230262756 0
vt 0.80882698297501 0.28879773616791 0
vt 0.98175495862961 0.27553868293762 0
vt 0.96342837810516 0.25699031352997 0
vt 0.93213218450546 0.15185916423798 0
vt 0.92038434743881 0.14888858795166 0
vt 0.66071039438248 0.08172345161438 0
vt 0.65666913986206 0.08128869533539 0
vt 0.6561992764473 0.08607065677643 0
vt 0.66005253791809 0.08621561527252 0
vt 0.64022219181061 0.08628797531128 0
vt 0.63984626531601 0.08947598934174 0
vt 0.64313566684723 0.07194209098816 0
vt 0.65638720989227 0.09135985374451 0
vt 0.63881248235703 0.09259152412415 0
vt 0.66456371545792 0.08636045455933 0
vt 0.66973274946213 0.08998322486877 0
vt 0.66954475641251 0.08643293380737 0
vt 0.68110466003418 0.08367967605591 0
vt 0.67518371343613 0.08338987827301 0
vt 0.67499577999115 0.08657789230347 0
vt 0.68101066350937 0.08665025234222 0
vt 0.67508977651596 0.08976578712463 0
vt 0.68101066350937 0.08962094783783 0
vt 0.97169882059097 0.2431515455246 0
vt 0.97160488367081 0.25445449352264 0
vt 0.9747062921524 0.25445449352264 0
vt 0.9747062921524 0.2431515455246 0
vt 0.97160488367081 0.18707191944122 0
vt 0.97160488367081 0.19931674003601 0
vt 0.9747062921524 0.19931674003601 0
vt 0.97461229562759 0.18707191944122 0
vt 0.68768340349197 0.08962094783783 0
vt 0.69510805606842 0.08976578712463 0
vt 0.69520205259323 0.08694016933441 0
vt 0.68768340349197 0.08679521083832 0
vt 0.73608446121216 0.09056282043457 0
vt 0.75375318527222 0.09099757671356 0
vt 0.75375318527222 0.088099360466 0
vt 0.73617845773697 0.08773708343506 0
vt 0.97169882059097 0.22170507907867 0
vt 0.97169882059097 0.21076452732086 0
vt 0.96869140863419 0.21076452732086 0
vt 0.968785405159 0.22170507907867 0
vt 0.68768340349197 0.0925190448761 0
vt 0.69510805606842 0.0925190448761 0
vt 0.22857841849327 0.39900076389313 0
vt 0.22857841849327 0.3819739818573 0
vt 0.22547699511051 0.38204646110535 0
vt 0.22557097673416 0.39900076389313 0
vt 0.70356649160385 0.08433175086975 0
vt 0.69520205259323 0.0841144323349 0
vt 0.70347249507904 0.08708500862122 0
vt 0.23158587515354 0.38190150260925 0
vt 0.23158587515354 0.39900076389313 0
vt 0.23459331691265 0.39900076389313 0
vt 0.2346872985363 0.3819739818573 0
vt 0.97771370410919 0.18707191944122 0
vt 0.977807700634 0.17366790771484 0
vt 0.97461229562759 0.17366790771484 0
vt 0.77922248840332 0.09157717227936 0
vt 0.75365918874741 0.09389567375183 0
vt 0.77912849187851 0.09447538852692 0
vt 0.23760075867176 0.39900076389313 0
vt 0.23769474029541 0.38204646110535 0
vt 0.73599046468735 0.09346103668213 0
vt 0.96850341558456 0.18707191944122 0
vt 0.96869140863419 0.19931674003601 0
vt 0.81653356552124 0.09230172634125 0
vt 0.81662756204605 0.09519994258881 0
vt 0.22857841849327 0.49594461917877 0
vt 0.22857841849327 0.51210194826126 0
vt 0.23158587515354 0.51202946901321 0
vt 0.23158587515354 0.49594461917877 0
vt 0.23769474029541 0.49594461917877 0
vt 0.23769474029541 0.47993218898773 0
vt 0.2346872985363 0.47993218898773 0
vt 0.2346872985363 0.49594461917877 0
vt 0.68119865655899 0.0808539390564 0
vt 0.67537170648575 0.0804191827774 0
vt 0.97461229562759 0.15903210639954 0
vt 0.97771370410919 0.15888726711273 0
vt 0.67010867595673 0.09317123889923 0
vt 0.67518371343613 0.09273648262024 0
vt 0.66512757539749 0.08237552642822 0
vt 0.66569149494171 0.07911503314972 0
vt 0.6612743139267 0.07824563980103 0
vt 0.65243995189667 0.08128869533539 0
vt 0.65206402540207 0.07766592502594 0
vt 0.65676313638687 0.09519994258881 0
vt 0.65685713291168 0.07759356498718 0
vt 0.68777740001678 0.08396947383881 0
vt 0.66992074251175 0.08295512199402 0
vt 0.971510887146 0.17366790771484 0
vt 0.9684094786644 0.17366790771484 0
vt 0.68101066350937 0.0925190448761 0
vt 0.98081517219543 0.17366790771484 0
vt 0.9809091091156 0.15888726711273 0
vt 0.58702808618546 0.32712614536285 0
vt 0.60432088375092 0.32712614536285 0
vt 0.60432088375092 0.3240829706192 0
vt 0.58702808618546 0.3240829706192 0
vt 0.62180161476135 0.32712614536285 0
vt 0.63947033882141 0.32712614536285 0
vt 0.63947033882141 0.32415544986725 0
vt 0.62180161476135 0.3240829706192 0
vt 0.71277678012848 0.08447670936584 0
vt 0.71277678012848 0.08165097236633 0
vt 0.70356649160385 0.08150601387024 0
vt 0.7231148481369 0.09027302265167 0
vt 0.72320884466171 0.08751976490021 0
vt 0.6878713965416 0.08107137680054 0
vt 0.73617845773697 0.08491134643555 0
vt 0.75384718179703 0.08527362346649 0
vt 0.75394117832184 0.08237552642822 0
vt 0.73627245426178 0.08208572864532 0
vt 0.22857841849327 0.41559278964996 0
vt 0.23158587515354 0.41559278964996 0
vt 0.71268278360367 0.09005570411682 0
vt 0.71258878707886 0.09288132190704 0
vt 0.7231148481369 0.09309875965118 0
vt 0.97771370410919 0.19931674003601 0
vt 0.97761976718903 0.21076452732086 0
vt 0.9747062921524 0.21076452732086 0
vt 0.77931648492813 0.08578085899353 0
vt 0.77931648492813 0.08867907524109 0
vt 0.71268278360367 0.08730244636536 0
vt 0.22857841849327 0.47993218898773 0
vt 0.22857841849327 0.46399223804474 0
vt 0.22557097673416 0.46399223804474 0
vt 0.22547699511051 0.47993218898773 0
vt 0.97169882059097 0.23235583305359 0
vt 0.968785405159 0.23235583305359 0
vt 0.67029666900635 0.07983958721161 0
vt 0.22857841849327 0.44797992706299 0
vt 0.22557097673416 0.44797992706299 0
vt 0.65732705593109 0.32712614536285 0
vt 0.65732705593109 0.32415544986725 0
vt 0.23459331691265 0.46399223804474 0
vt 0.23158587515354 0.46399223804474 0
vt 0.23158587515354 0.47993218898773 0
vt 0.65732705593109 0.32111239433289 0
vt 0.63947033882141 0.32111239433289 0
vt 0.98072117567062 0.18707191944122 0
vt 0.63947033882141 0.31502628326416 0
vt 0.62180161476135 0.31502628326416 0
vt 0.62180161476135 0.31806933879852 0
vt 0.63947033882141 0.31806933879852 0
vt 0.98062717914581 0.19931674003601 0
vt 0.22857841849327 0.4318950176239 0
vt 0.22557097673416 0.4318950176239 0
vt 0.81549978256226 0.00253081321716 0
vt 0.81249231100082 0.00253081321716 0
vt 0.81249231100082 0.00557398796082 0
vt 0.81549978256226 0.00557398796082 0
vt 0.9747062921524 0.22170507907867 0
vt 0.23459331691265 0.44797992706299 0
vt 0.23459331691265 0.4318950176239 0
vt 0.23158587515354 0.4318950176239 0
vt 0.23158587515354 0.44797992706299 0
vt 0.23760075867176 0.44797992706299 0
vt 0.23760075867176 0.4318950176239 0
vt 0.98062717914581 0.21076452732086 0
vt 0.23459331691265 0.41559278964996 0
vt 0.23760075867176 0.41566526889801 0
vt 0.70347249507904 0.08991074562073 0
vt 0.65732705593109 0.31806933879852 0
vt 0.65732705593109 0.31509864330292 0
vt 0.86324292421341 0.15468490123749 0
vt 0.86324292421341 0.15772795677185 0
vt 0.8886182308197 0.15772795677185 0
vt 0.8886182308197 0.15468490123749 0
vt 0.83786761760712 0.15772795677185 0
vt 0.83786761760712 0.16077101230621 0
vt 0.86324292421341 0.16077101230621 0
vt 0.86324292421341 0.14859867095947 0
vt 0.83786761760712 0.14859867095947 0
vt 0.83786761760712 0.15164184570312 0
vt 0.86324292421341 0.15164184570312 0
vt 0.56992322206497 0.31799685955048 0
vt 0.58702808618546 0.31799685955048 0
vt 0.58702808618546 0.31495380401611 0
vt 0.56992322206497 0.31495380401611 0
vt 0.60432088375092 0.31806933879852 0
vt 0.60432088375092 0.31502628326416 0
vt 0.6952959895134 0.08128869533539 0
vt 0.97761976718903 0.22170507907867 0
vt 0.98062717914581 0.22170507907867 0
vt 0.8886182308197 0.15164184570312 0
vt 0.83786761760712 0.15468490123749 0
vt 0.8886182308197 0.14859867095947 0
vt 0.977807700634 0.2542370557785 0
vt 0.97771370410919 0.2431515455246 0
vt 0.97771370410919 0.23235583305359 0
vt 0.9747062921524 0.23235583305359 0
vt 0.70337849855423 0.09266400337219 0
vt 0.96869140863419 0.24307918548584 0
vt 0.96850341558456 0.2542370557785 0
vt 0.58702808618546 0.32103991508484 0
vt 0.60432088375092 0.32111239433289 0
vt 0.62180161476135 0.32111239433289 0
vt 0.56992322206497 0.32712614536285 0
vt 0.56992322206497 0.3240829706192 0
vt 0.98072117567062 0.23235583305359 0
vt 0.98081517219543 0.24307918548584 0
vt 0.97160488367081 0.15903210639954 0
vt 0.96850341558456 0.15888726711273 0
vt 0.72320884466171 0.0846940279007 0
vt 0.72330284118652 0.08186829090118 0
vt 0.9809091091156 0.2542370557785 0
vt 0.7794104218483 0.08288264274597 0
vt 0.81672155857086 0.08665025234222 0
vt 0.81662756204605 0.08947598934174 0
vt 0.23769474029541 0.46399223804474 0
vt 0.2346872985363 0.51210194826126 0
vt 0.23769474029541 0.51217436790466 0
vt 0.81681549549103 0.08367967605591 0
vt 0.82057482004166 0.00253081321716 0
vt 0.82057482004166 0.00557398796082 0
vt 0.82358229160309 0.00557398796082 0
vt 0.82358229160309 0.00253081321716 0
vt 0.8886182308197 0.16077101230621 0
vt 0.22557097673416 0.41566526889801 0
vt 0.22547699511051 0.49594461917877 0
vt 0.22547699511051 0.51217436790466 0
vt 0.56992322206497 0.32103991508484 0
vt 0.79115825891495 0.00253081321716 0
vt 0.78815084695816 0.00253081321716 0
vt 0.78815084695816 0.00557398796082 0
vt 0.79115825891495 0.00557398796082 0
vt 0.80741727352142 0.00253081321716 0
vt 0.80440980195999 0.00253081321716 0
vt 0.80440980195999 0.00557398796082 0
vt 0.80741727352142 0.00557398796082 0
vt 0.87264120578766 0.59600400924683 0
vt 0.93213218450546 0.59600400924683 0
# 302 texture coordinates

o model-08
usemtl mat--0001
f 3689/5343/4754 3695/5342/4753 3691/5341/4752 3690/5340/4751
f 3702/5347/4758 3703/5346/4757 3701/5345/4756 3700/5344/4755
f 3687/5350/1185 3695/5349/1185 3689/5348/1185
f 3861/5354/4761 3838/5353/4760 3839/5352/4759 3859/5351/4759
f 3697/5358/4765 3671/5357/4764 3672/5356/4763 3693/5355/4762
f 3768/5362/4769 3769/5361/4768 3747/5360/4767 3748/5359/4766
f 3699/5366/1184 3694/5365/1184 3693/5364/1184 3698/5363/1184
f 3682/5370/4773 3683/5369/4772 3679/5368/4771 3681/5367/4770
f 3696/5373/1680 3697/5372/1680 3691/5371/1680 3695/5349/1680
f 3678/5376/4776 3680/5375/4775 3679/5368/4771 3699/5374/4774
f 3697/5358/4765 3692/5377/4777 3690/5340/4751 3691/5341/4752
f 3681/5367/4770 3679/5368/4771 3680/5375/4775
f 3687/5382/4782 3688/5381/4781 3685/5380/4780 3686/5379/4779
f 3680/5386/1184 3678/5385/1184 3670/5384/1184 3681/5383/1184
f 3674/5389/1185 3669/5388/3462 3687/5350/1185 3686/5387/1185
f 3674/5389/2194 3676/5392/2199 3675/5391/2199 3684/5390/2194
f 3682/5370/4773 3673/5393/4783 3683/5369/4772
f 3670/5395/2194 3669/5388/2194 3681/5394/2194
f 3684/5398/4785 3675/5397/4784 3685/5380/4780
f 3739/5402/4789 3738/5401/4788 3745/5400/4787 3741/5399/4786
f 3677/5403/4790 3686/5379/4779 3685/5380/4780
f 3696/5373/1680 3698/5363/1680 3671/5404/1680 3697/5372/1680
f 3741/5399/4786 3745/5400/4787 3744/5406/4792 3700/5405/4791
f 3693/5364/1184 3672/5407/1184 3671/5404/1183 3698/5363/1184
f 3681/5394/2194 3669/5388/2194 3673/5409/2194 3682/5408/2194
f 3677/5411/4793 3676/5410/4793 3674/5389/4793 3686/5387/4793
f 3685/5380/4780 3688/5381/4781 3683/5369/4772
f 3737/5415/4797 3738/5414/4796 3705/5413/4795 3706/5412/4794
f 3684/5398/4785 3685/5380/4780 3683/5369/4772 3673/5393/4783
f 3679/5368/4771 3694/5365/4798 3699/5374/4774
f 3674/5389/2194 3684/5390/2194 3673/5409/2194 3669/5388/2194
f 3692/5377/4777 3694/5365/4798 3679/5368/4771 3683/5369/4772
f 3741/5399/4786 3742/5417/4800 3740/5416/4799 3739/5402/4789
f 3675/5397/4784 3676/5418/4801 3677/5403/4790 3685/5380/4780
f 3738/5414/4796 3746/5419/4802 3745/5400/4787
f 3700/5405/4791 3701/5420/4803 3742/5417/4800 3741/5399/4786
f 3737/5415/4797 3736/5421/4804 3748/5359/4766 3747/5360/4767
f 3736/5421/4804 3735/5423/4806 3749/5422/4805 3748/5359/4766
f 3733/5427/4810 3734/5426/4809 3710/5425/4808 3711/5424/4807
f 3734/5426/4809 3733/5427/4810 3751/5429/4812 3750/5428/4811
f 3822/5433/4816 3877/5432/4815 3804/5431/4814 3803/5430/4813
f 3817/5437/4820 3818/5436/4819 3809/5435/4818 3810/5434/4817
f 3732/5441/4824 3731/5440/4823 3753/5439/4822 3752/5438/4821
f 3727/5445/4828 3726/5444/4827 3758/5443/4826 3757/5442/4825
f 3836/5449/4832 3808/5448/4831 3807/5447/4830 3806/5446/4829
f 3764/5451/4834 3765/5450/4833 3752/5438/4821 3753/5439/4822
f 3849/5455/4838 3871/5454/4837 3850/5453/4836 3848/5452/4835
f 3730/5458/4841 3731/5440/4823 3713/5457/4840 3714/5456/4839
f 3863/5462/4845 3870/5461/4844 3852/5460/4843 3851/5459/4842
f 3817/5437/4820 3816/5465/4848 3833/5464/4847 3832/5463/4846
f 3722/5468/4851 3720/5467/4850 3758/5443/4826 3759/5466/4849
f 3871/5470/4837 3849/5469/4852 3870/5461/4844 3863/5462/4845
f 3720/5467/4850 3718/5471/4853 3757/5442/4825 3758/5443/4826
f 3835/5473/4855 3811/5472/4854 3810/5434/4817 3809/5435/4818
f 3760/5475/4857 3722/5468/4851 3759/5466/4849 3743/5474/4856
f 3858/5479/4861 3859/5478/4860 3839/5477/4859 3837/5476/4858
f 3860/5483/4865 3865/5482/4864 3864/5481/4863 3862/5480/4862
f 3767/5485/4867 3766/5484/4866 3711/5424/4807 3710/5425/4808
f 3826/5487/4869 3833/5464/4847 3816/5465/4848 3815/5486/4868
f 3767/5489/4871 3709/5488/4870 3749/5422/4805 3750/5428/4811
f 3769/5492/4874 3768/5491/4873 3707/5490/4872 3706/5412/4794
f 3700/5344/4755 3744/5494/4876 3704/5493/4875 3702/5347/4758
f 3689/5343/4754 3690/5340/4751 3688/5381/4781 3687/5382/4782
f 3693/5355/4762 3694/5365/4798 3692/5377/4777 3697/5358/4765
f 3770/5495/4877 3744/5406/4792 3745/5400/4787 3746/5419/4802
f 3744/5494/4876 3770/5496/4878 3705/5413/4795 3704/5493/4875
f 3709/5488/4870 3768/5362/4769 3748/5359/4766 3749/5422/4805
f 3738/5414/4796 3737/5415/4797 3747/5360/4767 3746/5419/4802
f 3732/5441/4824 3733/5427/4810 3711/5424/4807 3712/5497/4879
f 3738/5401/4788 3739/5402/4789 3702/5347/4758 3704/5493/4875
f 3770/5496/4878 3769/5492/4874 3706/5412/4794 3705/5413/4795
f 3769/5361/4768 3770/5495/4877 3746/5419/4802 3747/5360/4767
f 3739/5402/4789 3740/5416/4799 3703/5346/4757 3702/5347/4758
f 3699/5366/1184 3698/5363/1184 3670/5384/1184 3678/5385/1184
f 3734/5426/4809 3735/5423/4806 3708/5498/4880 3710/5425/4808
f 3811/5472/4854 3834/5500/4882 3812/5499/4881 3810/5434/4817
f 3765/5450/4833 3766/5501/4883 3751/5429/4812 3752/5438/4821
f 3814/5503/4885 3834/5502/4884 3833/5464/4847 3826/5487/4869
f 3773/5507/4889 3774/5506/4888 3791/5505/4887 3790/5504/4886
f 3775/5511/4893 3771/5510/4892 3782/5509/4891 3785/5508/4890
f 3763/5514/4896 3762/5513/4895 3715/5512/4894 3714/5456/4839
f 3728/5516/4898 3727/5445/4828 3757/5442/4825 3756/5515/4897
f 3766/5484/4866 3765/5517/4899 3712/5497/4879 3711/5424/4807
f 3718/5521/4903 3720/5520/4902 3719/5519/4901 3717/5518/4900
f 3852/5460/4843 3853/5523/4905 3846/5522/4904 3848/5452/4835
f 3761/5526/4908 3762/5525/4907 3755/5524/4906 3756/5515/4897
f 3818/5436/4819 3817/5437/4820 3832/5463/4846 3831/5527/4909
f 3808/5448/4831 3835/5473/4855 3809/5435/4818 3807/5447/4830
f 3819/5529/4911 3818/5436/4819 3831/5527/4909 3830/5528/4910
f 3725/5531/4913 3726/5444/4827 3719/5519/4901 3721/5530/4912
f 3729/5532/4914 3730/5458/4841 3714/5456/4839 3715/5512/4894
f 3851/5459/4842 3852/5460/4843 3848/5452/4835 3850/5453/4836
f 3864/5536/4918 3842/5535/4917 3841/5534/4916 3840/5533/4915
f 3827/5538/4920 3836/5449/4832 3806/5446/4829 3805/5537/4919
f 3709/5539/4921 3767/5485/4867 3710/5425/4808 3708/5498/4880
f 3696/5373/1185 3695/5349/1185 3687/5350/1185 3669/5388/3462
f 3735/5423/4806 3736/5421/4804 3707/5490/4872 3708/5498/4880
f 3736/5421/4804 3737/5415/4797 3706/5412/4794 3707/5490/4872
f 3690/5340/4751 3692/5377/4777 3683/5369/4772 3688/5381/4781
f 3738/5401/4788 3704/5493/4875 3705/5413/4795
f 3842/5535/4917 3872/5541/4923 3843/5540/4922 3841/5534/4916
f 3771/5510/4892 3875/5543/4925 3783/5542/4924 3782/5509/4891
f 3857/5546/4928 3856/5545/4927 3866/5544/4926 3865/5482/4864
f 3780/5548/4930 3873/5547/4929 3875/5543/4925 3771/5510/4892
f 3834/5502/4884 3811/5549/4931 3832/5463/4846 3833/5464/4847
f 3781/5553/4935 3786/5552/4934 3785/5551/4933 3782/5550/4932
f 3811/5549/4931 3835/5554/4936 3831/5527/4909 3832/5463/4846
f 3872/5541/4923 3845/5556/4938 3844/5555/4937 3843/5540/4922
f 3874/5560/4940 3783/5559/4941 3875/5558/4940 3873/5557/4939
f 3819/5529/4911 3820/5561/4942 3806/5446/4829 3807/5447/4830
f 3855/5565/4946 3854/5564/4945 3868/5563/4944 3867/5562/4943
f 3854/5564/4945 3855/5565/4946 3843/5540/4922 3844/5555/4937
f 3845/5567/4948 3872/5566/4947 3867/5562/4943 3868/5563/4944
f 3835/5554/4936 3808/5568/4949 3830/5528/4910 3831/5527/4909
f 3847/5570/4951 3845/5567/4948 3868/5563/4944 3869/5569/4950
f 3731/5440/4823 3730/5458/4841 3754/5571/4952 3753/5439/4822
f 3782/5550/4932 3783/5573/4954 3874/5572/4953 3781/5553/4935
f 3802/5577/4958 3800/5576/4957 3799/5575/4956 3797/5574/4955
f 3793/5580/4961 3795/5579/4960 3801/5578/4959 3799/5575/4956
f 3818/5436/4819 3819/5529/4911 3807/5447/4830 3809/5435/4818
f 3794/5584/4964 3796/5583/4963 3795/5582/4962 3793/5581/4961
f 3789/5588/4968 3790/5587/4967 3788/5586/4966 3784/5585/4965
f 3791/5590/4970 3785/5551/4933 3786/5552/4934 3787/5589/4969
f 3765/5517/4899 3764/5591/4971 3713/5457/4840 3712/5497/4879
f 3808/5568/4949 3836/5593/4832 3829/5592/4972 3830/5528/4910
f 3802/5577/4958 3797/5574/4955 3794/5584/4964 3792/5594/4973
f 3799/5575/4956 3801/5578/4959 3798/5595/4974 3797/5574/4955
f 3792/5594/4973 3794/5584/4964 3793/5581/4961 3876/5596/4975
f 3823/5598/4977 3824/5597/4976 3877/5432/4815 3822/5433/4816
f 3735/5423/4806 3734/5426/4809 3750/5428/4811 3749/5422/4805
f 3821/5600/4979 3820/5561/4942 3829/5592/4972 3828/5599/4978
f 3820/5561/4942 3819/5529/4911 3830/5528/4910 3829/5592/4972
f 3726/5444/4827 3727/5445/4828 3717/5518/4900 3719/5519/4901
f 3762/5525/4907 3763/5601/4980 3754/5571/4952 3755/5524/4906
f 3766/5501/4883 3767/5489/4871 3750/5428/4811 3751/5429/4812
f 3803/5430/4813 3804/5431/4814 3878/5603/4982 3825/5602/4981
f 3729/5532/4914 3728/5516/4898 3756/5515/4897 3755/5524/4906
f 3820/5561/4942 3821/5600/4979 3805/5537/4919 3806/5446/4829
f 3778/5605/4984 3777/5604/4983 3788/5586/4966 3787/5589/4969
f 3778/5605/4984 3779/5606/4985 3775/5511/4893 3774/5506/4888
f 3772/5608/4987 3773/5507/4889 3790/5504/4886 3789/5607/4986
f 3836/5593/4832 3827/5609/4988 3828/5599/4978 3829/5592/4972
f 3823/5598/4977 3828/5599/4978 3827/5609/4988 3825/5610/4989
f 3730/5458/4841 3729/5532/4914 3755/5524/4906 3754/5571/4952
f 3768/5491/4873 3709/5539/4921 3708/5498/4880 3707/5490/4872
f 3857/5546/4928 3858/5479/4861 3837/5476/4858 3840/5533/4915
f 3834/5500/4882 3814/5612/4991 3813/5611/4990 3812/5499/4881
f 3762/5513/4895 3761/5614/4993 3716/5613/4992 3715/5512/4894
f 3825/5602/4981 3827/5538/4920 3805/5537/4919 3803/5430/4813
f 3728/5516/4898 3729/5532/4914 3715/5512/4894 3716/5613/4992
f 3825/5610/4989 3878/5615/4994 3824/5597/4976 3823/5598/4977
f 3720/5520/4902 3722/5616/4995 3721/5530/4912 3719/5519/4901
f 3724/5618/4997 3725/5531/4913 3721/5530/4912 3723/5617/4996
f 3822/5433/4816 3821/5600/4979 3828/5599/4978 3823/5598/4977
f 3853/5523/4905 3852/5460/4843 3870/5461/4844 3869/5569/4950
f 3842/5619/4998 3864/5481/4863 3865/5482/4864 3866/5544/4926
f 3761/5614/4993 3718/5521/4903 3717/5518/4900 3716/5613/4992
f 3790/5587/4967 3791/5590/4970 3787/5589/4969 3788/5586/4966
f 3774/5506/4888 3775/5511/4893 3785/5508/4890 3791/5505/4887
f 3815/5486/4868 3816/5465/4848 3812/5499/4881 3813/5611/4990
f 3862/5480/4862 3838/5621/5000 3861/5620/4999 3860/5483/4865
f 3722/5616/4995 3760/5622/5001 3723/5617/4996 3721/5530/4912
f 3733/5427/4810 3732/5441/4824 3752/5438/4821 3751/5429/4812
f 3797/5574/4955 3798/5595/4974 3796/5583/4963 3794/5584/4964
f 3802/5626/5002 3792/5625/5004 3876/5624/5003 3800/5623/5002
f 3876/5627/5005 3793/5580/4961 3799/5575/4956 3800/5576/4957
f 3816/5465/4848 3817/5437/4820 3810/5434/4817 3812/5499/4881
f 3821/5600/4979 3822/5433/4816 3803/5430/4813 3805/5537/4919
f 3743/5474/4856 3759/5466/4849 3725/5531/4913 3724/5618/4997
f 3858/5479/4861 3857/5546/4928 3865/5482/4864 3860/5483/4865
f 3847/5628/5006 3849/5455/4838 3848/5452/4835 3846/5522/4904
f 3781/5553/4935 3874/5572/4953 3873/5547/4929 3780/5548/4930
f 3856/5545/4927 3857/5546/4928 3840/5533/4915 3841/5534/4916
f 3854/5564/4945 3853/5523/4905 3869/5569/4950 3868/5563/4944
f 3862/5629/4862 3864/5536/4918 3840/5533/4915 3837/5476/4858
f 3860/5483/4865 3861/5620/4999 3859/5478/4860 3858/5479/4861
f 3837/5476/4858 3839/5477/4859 3838/5630/5007 3862/5629/4862
f 3727/5445/4828 3728/5516/4898 3716/5613/4992 3717/5518/4900
f 3849/5469/4852 3847/5570/4951 3869/5569/4950 3870/5461/4844
f 3718/5471/4853 3761/5526/4908 3756/5515/4897 3757/5442/4825
f 3731/5440/4823 3732/5441/4824 3712/5497/4879 3713/5457/4840
f 3853/5523/4905 3854/5564/4945 3844/5555/4937 3846/5522/4904
f 3845/5556/4938 3847/5628/5006 3846/5522/4904 3844/5555/4937
f 3856/5545/4927 3855/5565/4946 3867/5562/4943 3866/5544/4926
f 3780/5548/4930 3779/5606/4985 3786/5552/4934 3781/5553/4935
f 3764/5591/4971 3763/5514/4896 3714/5456/4839 3713/5457/4840
f 3763/5601/4980 3764/5451/4834 3753/5439/4822 3754/5571/4952
f 3726/5444/4827 3725/5531/4913 3759/5466/4849 3758/5443/4826
f 3779/5606/4985 3778/5605/4984 3787/5589/4969 3786/5552/4934
f 3777/5604/4983 3778/5605/4984 3774/5506/4888 3773/5507/4889
f 3855/5565/4946 3856/5545/4927 3841/5534/4916 3843/5540/4922
f 3784/5585/4965 3788/5586/4966 3777/5604/4983 3776/5631/5008
f 3872/5566/4947 3842/5619/4998 3866/5544/4926 3867/5562/4943
f 3776/5631/5008 3777/5604/4983 3773/5507/4889 3772/5608/4987
f 3824/5635/5012 3878/5634/5011 3804/5633/5010 3877/5632/5009
f 3742/5639/5016 3701/5638/5015 3703/5637/5014 3740/5636/5013
f 3779/5606/4985 3780/5548/4930 3771/5510/4892 3775/5511/4893
f 3696/5373/339 3669/5388/339 3670/5641/339 3698/5640/339

v -0.60000395774841 2.5 -0.90000003576279
v -0.60000395774841 2.5 -1.29999971389771
v -0.60000395774841 1.0000147819519 -1.29999995231628
v -0.60000395774841 0.87656742334366 -1.0760532617569
v -0.60000395774841 0.49996891617775 -1.29999995231628
v -0.73369711637497 1.00482153892517 -0.90000021457672
v -0.75564181804657 1.04907333850861 -0.90000021457672
v -0.99999517202377 1.49998450279236 -0.90000015497208
v -0.76598733663559 1.3364052772522 -0.90000021457672
v -0.76396232843399 1.4667192697525 -0.90000015497208
v -0.99999517202377 2.00003051757812 -0.90000009536743
v -0.77374309301376 1.79586160182953 -0.90000009536743
v -0.74846464395523 1.844691157341 -0.90000009536743
v -0.69008326530457 1.93868827819824 -0.90000009536743
v -0.6605481505394 1.99194300174713 -0.90000009536743
v -0.60000395774841 1.0924859046936 -1.13237249851227
v -0.65405976772308 0.86466521024704 -1.08978748321533
v -0.74240338802338 1.05952596664429 -1.06321907043457
v -0.64436173439026 0.87458372116089 -0.93058586120605
v -0.60000395774841 0.84574371576309 -0.9334944486618
v -0.60000395774841 0.80286520719528 -0.90000027418137
v -0.64518821239471 0.87397336959839 -0.90000027418137
v -0.7592648267746 1.044114112854 -0.92502957582474
v -0.76693791151047 1.170689702034 -0.90000021457672
v -0.76889401674271 1.28040373325348 -0.90000021457672
v -0.7472248673439 1.26956963539124 -0.99926972389221
v -0.60000395774841 0.83506226539612 -1.03851580619812
v -0.64498162269592 1.27330815792084 -1.07397949695587
v -0.60000395774841 1.27719926834106 -1.10536062717438
v -0.64221268892288 1.49044740200043 -1.15986692905426
v -0.60000395774841 1.39149117469788 -1.14960217475891
v -0.60000395774841 1.47923195362091 -1.1821311712265
v -0.60000395774841 1.63068008422852 -1.14788043498993
v -0.69238376617432 1.70285630226135 -1.11190807819366
v -0.60000395774841 1.6795859336853 -1.13985908031464
v -0.75254225730896 1.87704086303711 -1.06140601634979
v -0.60000395774841 1.84804821014404 -1.10667788982391
v -0.60000395774841 1.95089566707611 -1.00353467464447
v -0.66344106197357 1.96852004528046 -0.93468117713928
v -0.60000395774841 2.06350898742676 -0.90000009536743
v -0.75146776437759 1.82760083675385 -0.93259429931641
v -0.77886766195297 1.64639711380005 -0.91730809211731
v -0.78789073228836 1.65707862377167 -0.90000015497208
v -0.77983194589615 1.60870671272278 -0.90000015497208
v -0.74791365861893 1.46130228042603 -0.95170223712921
v -0.72832459211349 1.4890741109848 -1.05921483039856
v -0.755311191082 1.67935705184937 -1.02249908447266
v -0.99999517202377 2.00003051757812 -1.29999971389771
v -0.60000395774841 2.00003051757812 -1.29999971389771
v -0.99999517202377 1.49998450279236 -1.29999983310699
v -0.60000395774841 1.49998450279236 -1.29999983310699
v -0.99999517202377 1.0000147819519 -1.29999995231628
v -0.99999517202377 0.49996891617775 -1.29999995231628
v -0.99999517202377 -0.0000007363314 -1.30000007152557
v -0.60000395774841 -0.0000007363314 -1.30000007152557
v -0.60000395774841 -0.00000078959454 -0.90000039339066
v -0.99999517202377 -0.00000078959454 -0.90000039339066
v -0.99999517202377 0.4999688565731 -0.90000027418137
v -0.99999517202377 1.0000147819519 -0.90000021457672
v -0.99999517202377 2.5 -0.90000003576279
v -0.99999517202377 2.5 -1.29999971389771
v -0.65393579006195 0.90754371881485 -0.99341350793838
v -0.65612614154816 0.82323628664017 -0.98789638280869
v -0.65335726737976 1.00329554080963 -0.99744373559952
v -0.65445929765701 1.10827934741974 -0.99971318244934
v -0.65711802244186 1.22020602226257 -1.00018274784088
v -0.66711914539337 1.21990072727203 -0.99019187688828
v -0.6609200835228 1.3370156288147 -0.99896973371506
v -0.67090749740601 1.33655786514282 -0.98897886276245
v -0.66524565219879 1.45641934871674 -0.99640023708344
v -0.66924059391022 1.57628083229065 -0.99298298358917
v -0.67178910970688 1.69423484802246 -0.98942226171494
v -0.67154115438461 1.80822157859802 -0.98664408922195
v -0.66694009304047 1.91587567329407 -0.98571807146072
v -0.65618127584457 2.01506090164185 -0.98790925741196
v -0.66600334644318 2.01704454421997 -0.97793143987656
v -0.64623522758484 2.01399278640747 -0.97791838645935
v -0.65695267915726 1.91518890857697 -0.97572720050812
v -0.66154003143311 1.80784010887146 -0.97665321826935
v -0.66177415847778 1.69408226013184 -0.97943139076233
v -0.65923947095871 1.57620453834534 -0.98297905921936
v -0.65524452924728 1.45657193660736 -0.98639631271362
v -0.65091896057129 1.33724451065063 -0.98896580934525
v -0.64711683988571 1.22043490409851 -0.99017882347107
v -0.6444718837738 1.10850822925568 -0.98970925807953
v -0.64336985349655 1.00360071659088 -0.98743981122971
v -0.64394843578339 0.90792518854141 -0.98340958356857
v -0.646124958992 0.82369410991669 -0.97789245843887
v -0.65394961833954 0.90861189365387 -0.97344481945038
v -0.65612614154816 0.82483851909637 -0.96795374155045
v -0.66395074129105 0.90823036432266 -0.98343569040298
v -0.66611355543137 0.8243807554245 -0.97795766592026
v -0.65607106685638 2.01590013504028 -0.96792751550674
v -0.66337215900421 1.00360071659088 -0.98745286464691
v -0.65337097644806 1.00390601158142 -0.97744899988174
v -0.65447306632996 1.10850822925568 -0.97971844673157
v -0.65711802244186 1.22012960910797 -0.98018795251846
v -0.6609200835228 1.33671045303345 -0.97897493839264
v -0.66523188352585 1.45596158504486 -0.97640550136566
v -0.66922682523727 1.57567048072815 -0.9729882478714
v -0.67177534103394 1.69370079040527 -0.96944051980972
v -0.67152738571167 1.80791640281677 -0.96664935350418
v -0.66691255569458 1.91602826118469 -0.9657102227211
v -0.67689990997314 1.9167149066925 -0.97570109367371
v -0.68152856826782 1.80829787254334 -0.97662717103958
v -0.68177652359009 1.69392967224121 -0.97943139076233
v -0.67922800779343 1.57567048072815 -0.98299211263657
v -0.675233066082 1.45580887794495 -0.98640936613083
v -0.66447424888611 1.10820305347443 -0.98972231149673
v -0.68922913074493 0.87427854537964 -0.97365349531174
v -0.69921654462814 0.87420225143433 -0.96363657712936
v -0.68473827838898 0.97193777561188 -0.96868413686752
v -0.69473946094513 0.97186148166656 -0.95866721868515
v -0.68024742603302 1.06982600688934 -0.9637017250061
v -0.68922913074493 0.87321037054062 -0.95367181301117
v -0.68473827838898 0.97094595432282 -0.94870245456696
v -0.67924177646637 0.87328666448593 -0.96368873119354
v -0.67475092411041 0.97094595432282 -0.95871937274933
v -0.67028760910034 1.06852889060974 -0.95375001430511
v -0.66399204730988 1.15367555618286 -0.94521993398666
v -0.67382794618607 1.15649855136871 -0.9549760222435
v -0.65397715568542 1.21501779556274 -0.92945110797882
v -0.64385199546814 1.27719926834106 -0.91346049308777
v -0.65361899137497 1.2805563211441 -0.92313832044601
v -0.64057338237762 1.33442151546478 -0.90160447359085
v -0.65042304992676 1.33663415908813 -0.91151708364487
v -0.64075249433517 1.38843929767609 -0.8919266462326
v -0.65079498291016 1.44390666484833 -0.89230489730835
v -0.65108424425125 1.44039714336395 -0.87262314558029
v -0.6509051322937 1.3866845369339 -0.88223576545715
v -0.65071231126785 1.33281934261322 -0.89187449216843
v -0.65396338701248 1.27605485916138 -0.90365219116211
v -0.66406095027924 1.21410226821899 -0.91956454515457
v -0.67402076721191 1.15306520462036 -0.93528127670288
v -0.68027496337891 1.06837630271912 -0.9437460899353
v -0.69024854898453 1.06967341899872 -0.95369786024094
v -0.68385660648346 1.15596449375153 -0.94502431154251
v -0.67373150587082 1.21814596652985 -0.92907285690308
v -0.66373032331467 1.27941191196442 -0.91333001852036
v -0.66056191921234 1.33503186702728 -0.90178710222244
v -0.66075479984283 1.38843929767609 -0.89222663640976
v -0.66093385219574 1.44215190410614 -0.8826140165329
v -0.65060210227966 1.39019417762756 -0.90191745758057
v -0.66366147994995 1.21898519992828 -0.93894630670547
v -0.6442928314209 0.89953261613846 -1.07606637477875
v -0.64229536056519 0.860087454319 -1.07661414146423
v -0.64630407094955 0.93897777795792 -1.07553160190582
v -0.65630525350571 0.93874889612198 -1.06552767753601
v -0.64532601833344 0.99368226528168 -1.07536196708679
v -0.63237684965134 1.1098815202713 -1.07673156261444
v -0.61942768096924 1.22608077526093 -1.07808792591095
v -0.61276024580002 1.31534743309021 -1.08085298538208
v -0.6227200627327 1.31611037254333 -1.07083606719971
v -0.61547404527664 1.36486375331879 -1.08570504188538
v -0.62543392181396 1.36532151699066 -1.07567501068115
v -0.61820167303085 1.41544818878174 -1.09063518047333
v -0.61382097005844 1.46763491630554 -1.08903086185455
v -0.62378084659576 1.46824526786804 -1.07900094985962
v -0.60477036237717 1.52012670040131 -1.08309638500214
v -0.59547173976898 1.5734578371048 -1.07696616649628
v -0.60543155670166 1.57399189472198 -1.06693625450134
v -0.58237105607986 1.60092449188232 -1.06517541408539
v -0.56885707378387 1.62053263187408 -1.05245864391327
v -0.55566000938416 1.63960671424866 -1.04005479812622
v -0.54860681295395 1.62991714477539 -1.03256821632385
v -0.56180393695831 1.61076676845551 -1.04498505592346
v -0.57469797134399 1.59215044975281 -1.05711495876312
v -0.58632469177246 1.56811714172363 -1.06758832931519
v -0.59501713514328 1.51730370521545 -1.07326209545135
v -0.60394382476807 1.46565115451813 -1.07911837100983
v -0.60815918445587 1.41560077667236 -1.08068346977234
v -0.60545909404755 1.36638963222504 -1.07584452629089
v -0.60273152589798 1.3158814907074 -1.07090127468109
v -0.60945409536362 1.2253178358078 -1.06809711456299
v -0.6224308013916 1.10888969898224 -1.06672763824463
v -0.63533860445023 0.99307185411453 -1.06535816192627
v -0.63630294799805 0.93905407190323 -1.06552767753601
v -0.63430547714233 0.89991408586502 -1.06606245040894
v -0.63230794668198 0.86046892404556 -1.06661021709442
v -0.6442928314209 0.89930373430252 -1.05607163906097
v -0.64229536056519 0.85985851287842 -1.05661940574646
v -0.65428018569946 0.89892226457596 -1.0660754442215
v -0.65228271484375 0.85947704315186 -1.06662333011627
v -0.55862176418304 1.63029861450195 -1.02259039878845
v -0.64630407094955 0.93882519006729 -1.0555237531662
v -0.64532601833344 0.99375855922699 -1.05536723136902
v -0.63236308097839 1.11011040210724 -1.05673670768738
v -0.61940014362335 1.22646224498749 -1.05809319019318
v -0.6126914024353 1.31664443016052 -1.06088435649872
v -0.61541897058487 1.36684739589691 -1.06580150127411
v -0.61811900138855 1.41605854034424 -1.07065343856812
v -0.6138898730278 1.46626150608063 -1.0690883398056
v -0.60494941473007 1.51791417598724 -1.06321907043457
v -0.59628450870514 1.56865119934082 -1.05755841732025
v -0.5846853852272 1.59260821342468 -1.04712402820587
v -0.57180511951447 1.61122453212738 -1.03500723838806
v -0.56566113233566 1.64006447792053 -1.03006398677826
v -0.57885825634003 1.62091410160065 -1.04248082637787
v -0.59235846996307 1.60130596160889 -1.05518460273743
v -0.6147164106369 1.52066075801849 -1.07306635379791
v -0.62816148996353 1.41590595245361 -1.08060526847839
v -0.62937372922897 1.2271488904953 -1.06809711456299
v -0.64230912923813 1.1111022233963 -1.06674063205719
v -0.65529960393906 0.99436891078949 -1.06537115573883
v -0.65258580446243 1.94433414936066 -0.93307691812515
v -0.66087877750397 2.00498962402344 -0.93648111820221
v -0.64266729354858 1.94624149799347 -0.92316430807114
v -0.64432036876678 1.88413631916046 -0.92969882488251
v -0.63434678316116 1.88428890705109 -0.93971574306488
v -0.64192342758179 1.8415629863739 -0.92552506923676
v -0.64527088403702 1.81546974182129 -0.92046445608139
v -0.63533860445023 1.81234157085419 -0.93003791570663
v -0.63875496387482 1.78533267974854 -0.92482078075409
v -0.63878256082535 1.78914749622345 -0.90517818927765
v -0.63535237312317 1.8161563873291 -0.91039532423019
v -0.63196361064911 1.84270751476288 -0.91554725170136
v -0.63438808917999 1.88581490516663 -0.91977316141129
v -0.62441450357437 1.88604378700256 -0.92980313301086
v -0.62193489074707 1.8409526348114 -0.92534250020981
v -0.62542009353638 1.813028216362 -0.91996878385544
v -0.63188093900681 1.83980822563171 -0.93533331155777
v -0.63276255130768 1.94700455665588 -0.93323343992233
v -0.64266729354858 1.94509708881378 -0.94313299655914
v -0.64106929302216 2.00766015052795 -0.93663763999939
v -0.65097403526306 2.00575256347656 -0.9465371966362
v -0.65097403526306 2.00689721107483 -0.92656850814819
v -0.64094531536102 1.44215190410614 -0.88231402635574
v -0.62885028123856 1.78601932525635 -0.91475164890289
v -0.64868724346161 1.78846085071564 -0.91523426771164
# 229 vertices

vn 0.27357229590416 -0.75396448373795 0.59724009037018
vn 0.67939794063568 -0.64342796802521 0.35273066163063
vn 0.76320320367813 -0.56382411718369 0.31563147902489
vn 0.59254848957062 -0.5912047624588 0.54714095592499
vn 0.56317031383514 0.11228405684233 0.81867671012878
vn 0.58810347318649 0.06765737384558 0.80595088005066
vn 0.48222056031227 0.08246906101704 0.87215948104858
vn 0.52135354280472 0.30894330143929 0.79545241594315
vn 0.51904273033142 0.76301681995392 0.38522723317146
vn 0.77567154169083 0.62794989347458 0.06334500014782
vn 0.43625304102898 0.64094191789627 0.63156688213348
vn 0.36825948953629 0.91886746883392 0.14165990054607
vn 0.24372389912605 -0.16962859034538 0.95489519834518
vn 0.54835873842239 -0.06778310239315 0.833491563797
vn 0.73173666000366 -0.46457388997078 0.49873095750809
vn 0.24537943303585 -0.18850339949131 0.95092344284058
vn 0.88326913118362 -0.17975389957428 0.43304061889648
vn 0.94389969110489 0.03771973401308 0.32807105779648
vn 0.94739788770676 0.11325273662806 0.29935097694397
vn 0.88360923528671 -0.0075313821435 0.46816447377205
vn 0.62473601102829 0.60086035728455 0.4986700117588
vn 0.83525711297989 0.54887968301773 0.03281278163195
vn 0.87196528911591 0.09778437018394 0.47970280051231
vn 0.97130280733109 0.03003191575408 0.23594273626804
vn 0.93406510353088 0.01512504275888 0.35678225755692
vn 0.18103697896004 -0.42120084166527 0.88871562480927
vn 0.97658514976501 -0.01512535102665 0.21459873020649
vn 0.87483590841293 -0.03012580610812 0.48348170518875
vn 0.82592922449112 0.12040960043669 0.55076533555984
vn 0.95241796970367 0.30459752678871 0.0109688853845
vn 0.26706522703171 -0.16428293287754 0.94957214593887
vn 0.93962532281876 -0.32635471224785 0.10294096171856
vn 0.94862389564514 0.25382056832314 -0.18891224265099
vn 0.83980202674866 0.54285717010498 -0.00621890416369
vn 0.58420085906982 0.03012569062412 0.81104981899261
vn 0.41279384493828 -0.04493886977434 0.90971517562866
vn 0.97272133827209 -0.04531407728791 0.22750790417194
vn -0.31100690364838 0.44344732165337 0.84061241149902
vn 0.83558374643326 -0.50926297903061 0.20603649318218
vn 0.84899932146072 -0.49667412042618 0.18031899631023
vn 0.95536828041077 0.05278261005878 0.29066371917725
vn 0.98173731565475 0.0224691759795 0.18890982866287
vn -0.00753142219037 0.25481832027435 -0.96695959568024
vn 0.01134401839226 0.11278392374516 -0.9935547709465
vn 0.98617041110992 -0.16537737846375 -0.01087515614927
vn 0.95621252059937 -0.27578845620155 -0.0979713127017
vn -0.99988323450088 -0.00003125025614 -0.01528137549758
vn -0.81629645824432 0.57066690921783 0.08943916857243
vn -0.01312538702041 0.42294996976852 0.90605795383453
vn -0.01118785236031 -0.17781810462475 0.98399978876114
vn -0.01531252916902 0.02643755078316 0.99953317642212
vn -0.0113125955686 0.00653130514547 0.99991470575333
vn -0.99712890386581 0.07543779164553 0.00656252587214
vn -0.99435931444168 0.10550165176392 0.0109064206481
vn -0.00406253151596 -0.01246884651482 -0.99991399049759
vn -0.0218127630651 -0.00012500151934 -0.99976205825806
vn 0.99769139289856 -0.06787527352571 0.00218750862405
vn 0.99358516931534 -0.11306508630514 0.00218754983507
vn 0.00181250146125 0.05237504467368 0.9986258149147
vn 0.0052812602371 0.0300938077271 0.99953311681747
vn 0.99999755620956 0.00003125090007 -0.00221881386824
vn 0.99988257884979 -0.01515636499971 -0.00225001713261
vn -0.00568751432002 0.03000007383525 -0.99953371286392
vn 0.00200006179512 0.02615705691278 -0.99965584278107
vn 0.99928605556488 0.03771892935038 -0.00215626042336
vn 0.9995419383049 0.03018782287836 -0.00215627322905
vn -0.00178125523962 -0.03046883828938 0.99953413009644
vn -0.00184380752034 -0.02615706436336 0.99965614080429
vn 0.99996882677078 0.00759375048801 0.00215625017881
vn -0.02950044721365 0.03218798711896 0.99904638528824
vn -0.02362562343478 -0.07031435519457 0.99724507331848
vn 0.99149066209793 -0.12794032692909 -0.0240317825228
vn 0.99934959411621 -0.0150938378647 -0.03275019302964
vn 0.73824161291122 -0.6621767282486 0.1285352408886
vn 0.99241691827774 -0.12050129473209 0.02425025962293
vn -0.00187503616326 -0.19103494286537 -0.98158144950867
vn -0.0697820931673 -0.7167586684227 -0.6938208937645
vn -0.01575005985796 -0.00753127923235 -0.99984759092331
vn -0.01087504252791 0.01365630235523 -0.99984759092331
vn 0.99974262714386 -0.0225630402565 0.00237505673431
vn 0.9971472620964 -0.0752516835928 0.00587513111532
vn -0.00918770674616 -0.07365791499615 0.99724125862122
vn 0.00178125745151 -0.0523127168417 0.99862915277481
vn -0.99895143508911 0.04571938514709 0.0024062837474
vn -0.99815368652344 0.0603767298162 -0.00662519037724
vn -0.01343780383468 0.07300165295601 -0.99724125862122
vn 0.99358522891998 -0.11306509375572 0.00215629953891
vn 0.99944007396698 -0.02975007519126 0.01531253848225
vn 0.02818794175982 0.18897171318531 -0.98157787322998
vn 0.04321960359812 0.2210668772459 -0.97430050373077
vn 0.00200006365776 -0.03053222224116 -0.99953180551529
vn 0.00390626536682 -0.01281255204231 -0.99991029500961
vn -0.99988430738449 -0.01506263948977 -0.00212501967326
vn -0.99997848272324 0 -0.00656256359071
vn -0.01565630361438 0.00778127647936 -0.9998471736908
vn 0.00400003185496 0.01246885024011 -0.99991428852081
vn 0.99860382080078 0.05278178304434 0.00212502130307
vn 0.99988323450088 0.01512512378395 0.00218751793727
vn -0.995161652565 -0.09803178161383 -0.00656253565103
vn -0.99075907468796 -0.13546998798847 0.00665631098673
vn 0.00175002694596 0.05668837577105 0.99839037656784
vn 0.01284379325807 0.07750026136637 0.99690961837769
vn -0.00162500573788 -0.02603134326637 0.99965977668762
vn 0.00384379411116 -0.02150024659932 -0.99976146221161
vn 0.99587213993073 -0.09053383767605 0.0065001854673
vn -0.10340909659863 -0.21906851232052 0.97021418809891
vn -0.14547103643417 -0.40156880021095 0.90420168638229
vn 0.88728654384613 -0.44417452812195 -0.12422386556864
vn -0.99954283237457 -0.03015660122037 -0.00215627509169
vn -0.99928599596024 -0.03771892935038 -0.00218751025386
vn 0.1468186378479 0.46655076742172 -0.87222397327423
vn 0.41235175728798 0.7972030043602 -0.44094604253769
vn -0.4061333835125 0.83420479297638 0.37303894758224
vn -0.85484230518341 0.50379878282547 0.12422307580709
vn 0.0043438449502 0.00003125068179 -0.99999058246613
vn 0.99988323450088 0.01512512378395 -0.00218751793727
vn 0.99954468011856 0.03009415604174 -0.00218752934597
vn -0.00743757421151 -0.10875108838081 0.99404120445251
vn -0.99986404180527 0.01512530818582 -0.0065626334399
vn -0.99997889995575 0 -0.00650006532669
vn -0.99986428022385 0.01512531097978 -0.00653138430789
vn -0.99972176551819 0.02265631780028 -0.00656251981854
vn 0.00387503672391 -0.06537561863661 -0.99785321950912
vn 0.00571876438335 -0.05206263065338 -0.99862742424011
vn -0.95225864648819 0.3046590089798 -0.01965642720461
vn -0.98490971326828 0.17272484302521 0.01090663485229
vn -0.02471879124641 -0.01796878129244 -0.99953293800354
vn -0.99435895681381 0.10550161451101 0.0109376674518
vn -0.99712914228439 0.07543781399727 0.0065312772058
vn 0.00003125018338 -0.01734385080636 0.99984955787659
vn 0.99928486347198 0.03775013610721 -0.00215625786223
vn 0.00681257853284 0.02075023949146 0.99976146221161
vn 0.0338134393096 0.06109545007348 0.99755901098251
vn 0.99991166591644 -0.00759379146621 0.01090630888939
vn 0 0.013093855232 0.99991428852081
vn -0.99359226226807 0.11300338804722 -0.0021563146729
vn -0.99589669704437 0.09047072380781 0.00218754750676
vn -0.99954187870026 -0.03018782101572 -0.00218752305955
vn -0.99897187948227 0.04528139531612 0.0021875067614
vn -0.03393766656518 -0.03390641510487 -0.99884861707687
vn -0.99171340465546 0.12800334393978 -0.01093778666109
vn -0.99959772825241 0.01506256032735 -0.02403134666383
vn -0.99954277276993 0.03015659935772 -0.00218752515502
vn 0 -0.1910954862833 0.98157143592834
vn 0.98728317022324 -0.1577553153038 -0.01962566003203
vn 0.01693810708821 0.2457275390625 -0.96919095516205
vn 0.99988275766373 0 0.01531261764467
vn 0.01506279408932 0.17759720981121 -0.98398798704147
vn 0.02575053833425 -0.06453259289265 -0.99758332967758
vn -0.99977838993073 0.00753146409988 0.01965680904686
vn -0.99359220266342 0.11300338059664 -0.00218756543472
vn 0.00137503072619 -0.0040000891313 0.99999105930328
vn -0.00678126839921 -0.01615629345179 0.99984645843506
vn -0.99996942281723 -0.00750000448897 0.00221875146963
vn -0.9997233748436 0.02259385585785 0.00653128046542
vn -0.06968889385462 -0.71670192480087 -0.69388890266418
vn -0.88285273313522 -0.46106719970703 0.08937591314316
vn -0.06918788701296 -0.40940856933594 0.90972393751144
vn 0.73824751377106 -0.66218209266663 0.12847375869751
vn 0.01509420480579 0.17753660678864 -0.98399841785431
vn 0.01318757049739 0.71084755659103 -0.70322245359421
vn 0.09365896880627 0.42479354143143 -0.90043234825134
vn -0.87909430265427 0.47117331624031 0.07203385978937
vn 0.16987788677216 0.03709438070655 0.98476672172546
vn -0.40620091557503 0.83418381214142 0.37301233410835
vn 0.41232690215111 0.79724663496017 -0.44089040160179
vn 0.98511654138565 0.00753142451867 0.17172272503376
vn -0.99954092502594 -0.03021904267371 -0.0021875211969
vn -0.99928724765778 -0.03768772631884 -0.0021562629845
vn 0.99974167346954 -0.02262551896274 -0.00215629953891
vn 0.00178127421532 0.05671951919794 0.9983885884285
vn 0.99076265096664 0.13543921709061 -0.00675008585677
vn 0.99075847864151 0.1354698985815 -0.00675005745143
vn -0.99242293834686 0.12050202488899 -0.02400040253997
vn -0.03337568044662 -0.17062845826149 0.98476999998093
vn 0.85108757019043 -0.51010876893997 -0.12425366044044
vn -0.99430811405182 0.10540910065174 0.01550041884184
vn 0.00190628319979 -0.22525390982628 0.97429823875427
vn -0.01315663289279 0.42294979095459 0.90605759620666
vn 0.013187863864 0.71083205938339 -0.70323812961578
vn 0.81540429592133 0.56723910570145 0.11556664854288
vn 0.00190625863615 0.09600042551756 0.99537944793701
vn 0.99858301877975 0.05281358212233 -0.00653138384223
vn 0.02821933478117 0.1889414191246 -0.9815828204155
vn 0.04325079545379 0.22106656432152 -0.97429919242859
vn -0.00581250479445 0.02553127147257 -0.99965715408325
vn -0.99996954202652 -0.00750000588596 0.00215625180863
vn -0.9872795343399 0.15778596699238 0.01956308633089
vn 0.01703143306077 0.24594013392925 -0.96913540363312
vn -0.99241840839386 0.12053272873163 -0.02403154596686
vn -0.99901276826859 0.03021913580596 -0.03256291523576
vn 0.03859448432922 0.1428777128458 0.98898756504059
vn 0 0.19103527069092 0.98158317804337
vn 0.00375001970679 0.01696883887053 -0.99984896183014
vn -0.99928605556488 -0.03771892935038 -0.00215626042336
vn -0.00568765820935 0.07393956184387 -0.99724650382996
vn -0.00756258005276 0.17375184595585 -0.98476040363312
vn -0.0208127386868 0.00662507629022 0.99976146221161
vn -0.99769151210785 0.06787527352571 0.00215625879355
vn 0.04125040397048 -0.14668893814087 -0.98832219839096
vn 0.01690634340048 -0.07668793201447 -0.99691182374954
vn -0.01887544803321 -0.24575582146645 0.96914798021317
vn 0.81543505191803 0.56720757484436 0.11550408601761
vn 0.01321910507977 0.71086287498474 -0.70320641994476
vn -0.9995419383049 -0.03018782287836 -0.00215627322905
vn 0.99335849285126 -0.10553281754255 -0.04584443196654
vn 0.99806773662567 -0.06025031581521 -0.01518758013844
vn -0.99988454580307 -0.01503139361739 0.0022187710274
vn -0.99859875440598 -0.0528752617538 -0.00218751071952
vn 0.16990824043751 0.03709418326616 0.98476147651672
vn -0.14831425249577 -0.46606799960136 0.87222903966904
vn -0.85489267110825 0.50372916460037 0.12415882200003
vn -0.40619617700577 0.83417409658432 0.37303921580315
vn 0.000031250147 -0.0133438128978 0.99991095066071
vn -0.01612506620586 -0.00665627745911 0.99984782934189
vn 0.9950720667839 0.09796969592571 -0.015281396918
vn 0.99895316362381 -0.04568821191788 -0.00228128582239
vn -0.00568764517084 0.07397063821554 -0.99724417924881
vn -0.0019062544452 0.05234387144446 -0.99862730503082
vn -0.99988424777985 -0.01506263855845 -0.00215626996942
vn -0.00187502847984 -0.05668836086988 -0.99839013814926
vn 0.01696878671646 -0.07671891152859 -0.99690836668015
vn 0.00725009478629 0.06503210216761 0.99785685539246
vn -0.99973040819168 0.02228151075542 -0.00653132610023
vn -0.99075573682785 -0.13550078868866 0.00653128745034
vn -0.00184377154801 -0.05675066262484 -0.99838668107986
vn -0.00187502184417 -0.05675065889955 -0.99838662147522
vn 0.98512184619904 0.00753146456555 0.17169240117073
vn -0.98489379882812 0.17281579971313 0.010906457901
vn -0.9522677063942 0.30463063716888 -0.01965661533177
vn -0.99172222614288 0.12793795764446 -0.01090628840029
vn -0.99858301877975 -0.05281358212233 0.00653138384223
vn -0.99959874153137 0.01509382482618 -0.02396886982024
vn 0.99436223506927 -0.1054707095027 0.01093770377338
vn -0.87908136844635 0.47119763493538 0.07203279435635
vn -0.99860054254532 -0.05284410715103 -0.00212501431815
vn -0.99988275766373 -0.01515636686236 0.00218751677312
vn 0.0000312502234 -0.01315634511411 0.99991345405579
vn -0.99859881401062 -0.05287526547909 -0.00215626088902
vn 0.00403128331527 0.01243760343641 -0.99991452693939
vn -0.06918897479773 -0.40944623947144 0.90970689058304
vn -0.00190625130199 0.0523750372231 -0.99862569570541
vn -0.99768710136414 0.06793960183859 0.00215631676838
vn -0.00196881382726 -0.09603437036276 -0.99537605047226
vn -0.99858468770981 -0.05278242379427 0.00653139455244
vn -0.88284093141556 -0.46107733249664 0.08944038301706
vn -0.06971990317106 -0.71676176786423 -0.69382393360138
vn -0.00181254453491 -0.19084843993187 -0.98161786794662
vn 0.99897056818008 -0.0453125834465 -0.0021250040736
vn 0.99923425912857 -0.03759433329105 -0.01084391772747
vn -0.00759391114116 0.17369118332863 -0.9847708940506
vn 0.99860215187073 0.05281294509768 0.00212501781061
vn -0.00187500135507 0.05237504094839 -0.99862569570541
vn 0.04128216952085 -0.14659701287746 -0.98833453655243
vn -0.00187502580229 0.05212571844459 -0.99863874912262
vn -0.00187503173947 -0.05665720999241 -0.9983919262886
# 256 normals

vt 0.28877106308937 0.37553119659424 0
vt 0.29523906111717 0.30338060855865 0
vt 0.23688730597496 0.29968059062958 0
vt 0.23524408042431 0.35888111591339 0
vt 0.20538645982742 0.46195340156555 0
vt 0.18175207078457 0.518599152565 0
vt 0.20685486495495 0.5060014128685 0
vt 0.21122512221336 0.47904407978058 0
vt 0.24947366118431 0.39341473579407 0
vt 0.24094291031361 0.36971688270569 0
vt 0.24373987317085 0.37790977954864 0
vt 0.08588599413633 0.03468787670135 0
vt 0.08574614673853 0.01927101612091 0
vt 0.08085145056248 0.01486623287201 0
vt 0.0668666139245 0.01962339878082 0
vt 0.25052252411842 0.49454891681671 0
vt 0.28691807389259 0.51657289266586 0
vt 0.28268766403198 0.44591999053955 0
vt 0.2498232871294 0.47807502746582 0
vt 0.19444331526756 0.04684507846832 0
vt 0.16000564396381 0.04799032211304 0
vt 0.16199849545956 0.05512607097626 0
vt 0.17598332464695 0.05169034004211 0
vt 0.17696227133274 0.58942830562592 0
vt 0.2349643856287 0.5530446767807 0
vt 0.23192268610001 0.54714220762253 0
vt 0.2180427312851 0.5448517203331 0
vt 0.21335780620575 0.53824454545975 0
vt 0.25209581851959 0.40134334564209 0
vt 0.25220069289207 0.42257452011108 0
vt 0.29541385173798 0.66369324922562 0
vt 0.29474958777428 0.58837115764618 0
vt 0.23513920605183 0.66430991888046 0
vt 0.26254948973656 0.01389718055725 0
vt 0.25513753294945 0.01063764095306 0
vt 0.24751578271389 0.03028297424316 0
vt 0.25741004943848 0.02966630458832 0
vt 0.23874029517174 0.54185646772385 0
vt 0.13095214962959 0.05239510536194 0
vt 0.12846983969212 0.03785932064056 0
vt 0.10763242095709 0.02746391296387 0
vt 0.10504522919655 0.04799032211304 0
vt 0.11350605636835 0.00464713573456 0
vt 0.13605661690235 0.00535190105438 0
vt 0.14172047376633 0.00270903110504 0
vt 0.13430850207806 0.00253283977509 0
vt 0.24936877191067 0.46988201141357 0
vt 0.2511168718338 0.42979836463928 0
vt 0.24901916086674 0.45076525211334 0
vt 0.2684930562973 0.00834715366364 0
vt 0.25587171316147 0.00623285770416 0
vt 0.20087634027004 0.44873905181885 0
vt 0.18346521258354 0.44539141654968 0
vt 0.20685486495495 0.41852211952209 0
vt 0.20573607087135 0.42574596405029 0
vt 0.16032031178474 0.02790439128876 0
vt 0.16455072164536 0.01134240627289 0
vt 0.13175627589226 0.02147340774536 0
vt 0.10459072142839 0.04781413078308 0
vt 0.19227567315102 0.00270903110504 0
vt 0.19423355162144 0.01839005947113 0
vt 0.22472049295902 0.02402818202972 0
vt 0.22639867663383 0.00605666637421 0
vt 0.24769058823586 0.52071344852448 0
vt 0.13846899569035 0.05318796634674 0
vt 0.10927563905716 0.01072573661804 0
vt 0.22611898183823 0.00262093544006 0
vt 0.23300650715828 0.00332570075989 0
vt 0.24996313452721 0.51357764005661 0
vt 0.19451324641705 0.03821170330048 0
vt 0.22384645044804 0.04728555679321 0
vt 0.18374490737915 0.002885222435 0
vt 0.25143155455589 0.03592121601105 0
vt 0.17528408765793 0.66237181425095 0
vt 0.08987167477608 0.01222336292267 0
vt 0.10553469508886 0.00676143169403 0
vt 0.21084053814411 0.39323854446411 0
vt 0.18161222338676 0.37262403964996 0
vt 0.16364170610905 0.00306141376495 0
vt 0.21094542741776 0.39253377914429 0
vt 0.22416110336781 0.37579548358917 0
vt 0.20884770154953 0.00253283977509 0
vt 0.04179878905416 0.48353695869446 0
vt 0.04207848384976 0.4957822561264 0
vt 0.0451551489532 0.4957822561264 0
vt 0.04512018710375 0.48344886302948 0
vt 0.06018885225058 0.65690982341766 0
vt 0.11738684773445 0.65964084863663 0
vt 0.12042855471373 0.58766639232636 0
vt 0.06354521214962 0.58528780937195 0
vt 0.17332620918751 0.72218900918961 0
vt 0.23318132758141 0.72412711381912 0
vt 0.06823013722897 0.44459855556488 0
vt 0.12511347234249 0.44503903388977 0
vt 0.12444919347763 0.3736811876297 0
vt 0.06777562946081 0.37438595294952 0
vt 0.0667267665267 0.51463478803635 0
vt 0.12354017794132 0.51639670133591 0
vt 0.17801113426685 0.24321103096008 0
vt 0.17919984459877 0.30082583427429 0
vt 0.23569859564304 0.24197769165039 0
vt 0.12280597537756 0.30258774757385 0
vt 0.06634218245745 0.30373299121857 0
vt 0.30303558707237 0.39174091815948 0
vt 0.30300062894821 0.37984788417816 0
vt 0.29992398619652 0.37993597984314 0
vt 0.29995894432068 0.39174091815948 0
vt 0.02956205420196 0.26241600513458 0
vt 0.02956205420196 0.28496849536896 0
vt 0.0327436029911 0.28496849536896 0
vt 0.03270864114165 0.2623279094696 0
vt 0.04207848384976 0.58687353134155 0
vt 0.04207848384976 0.61277377605438 0
vt 0.0452250726521 0.61277377605438 0
vt 0.0451551489532 0.58687353134155 0
vt 0.02956205420196 0.50749903917313 0
vt 0.02956205420196 0.48644411563873 0
vt 0.02645042724907 0.48644411563873 0
vt 0.02645042724907 0.50749903917313 0
vt 0.02330383658409 0.36055493354797 0
vt 0.02330383658409 0.38698375225067 0
vt 0.02641546353698 0.38698375225067 0
vt 0.02641546353698 0.36055493354797 0
vt 0.02952709048986 0.36055493354797 0
vt 0.02952709048986 0.33447849750519 0
vt 0.02638050168753 0.33447849750519 0
vt 0.04833669960499 0.51930391788483 0
vt 0.04830173775554 0.5075871348381 0
vt 0.04512018710375 0.50767523050308 0
vt 0.0450852252543 0.51930391788483 0
vt 0.12284093350172 0.27351605892181 0
vt 0.12895929813385 0.27351605892181 0
vt 0.12895929813385 0.2703446149826 0
vt 0.12280597537756 0.27043271064758 0
vt 0.02319895103574 0.28496849536896 0
vt 0.02323391288519 0.3091949224472 0
vt 0.02638050168753 0.3091949224472 0
vt 0.02638050168753 0.28496849536896 0
vt 0.29995894432068 0.46459627151489 0
vt 0.29999390244484 0.48626792430878 0
vt 0.30310553312302 0.48626792430878 0
vt 0.30310553312302 0.46459627151489 0
vt 0.04193863645196 0.5075871348381 0
vt 0.29688227176666 0.41623163223267 0
vt 0.29691722989082 0.40363383293152 0
vt 0.29384055733681 0.40363383293152 0
vt 0.29377064108849 0.41623163223267 0
vt 0.02333880029619 0.48644411563873 0
vt 0.02333880029619 0.4633629322052 0
vt 0.0202271733433 0.4633629322052 0
vt 0.0202271733433 0.48644411563873 0
vt 0.04214840754867 0.62493097782135 0
vt 0.04225329682231 0.63347631692886 0
vt 0.04529500007629 0.63347631692886 0
vt 0.04526003450155 0.62484288215637 0
vt 0.14514675736427 0.27985894680023 0
vt 0.15864212810993 0.27977085113525 0
vt 0.15860716998577 0.27668750286102 0
vt 0.14514675736427 0.27668750286102 0
vt 0.02952709048986 0.38698375225067 0
vt 0.04204352200031 0.56123757362366 0
vt 0.0450852252543 0.56123757362366 0
vt 0.04854647442698 0.48344886302948 0
vt 0.04830173775554 0.47648930549622 0
vt 0.0450153015554 0.47657740116119 0
vt 0.0201922096312 0.36064302921295 0
vt 0.0201922096312 0.38698375225067 0
vt 0.04204352200031 0.47076296806335 0
vt 0.04204352200031 0.46530103683472 0
vt 0.03907174617052 0.46530103683472 0
vt 0.03903678059578 0.47076296806335 0
vt 0.02333880029619 0.43887221813202 0
vt 0.02645042724907 0.4633629322052 0
vt 0.02645042724907 0.43887221813202 0
vt 0.04826677590609 0.4957822561264 0
vt 0.0326736792922 0.50749903917313 0
vt 0.0326736792922 0.48644411563873 0
vt 0.0201922096312 0.50749903917313 0
vt 0.02015724778175 0.52608728408813 0
vt 0.02330383658409 0.52608728408813 0
vt 0.02333880029619 0.50749903917313 0
vt 0.03865220025182 0.48353695869446 0
vt 0.03886197134852 0.4957822561264 0
vt 0.02323391288519 0.26250410079956 0
vt 0.0200523622334 0.2623279094696 0
vt 0.02001740038395 0.28496849536896 0
vt 0.02952709048986 0.41323637962341 0
vt 0.02641546353698 0.41323637962341 0
vt 0.04819685220718 0.56123757362366 0
vt 0.04812692850828 0.54168027639389 0
vt 0.0450852252543 0.54168027639389 0
vt 0.04826677590609 0.58678543567657 0
vt 0.05137840285897 0.58678543567657 0
vt 0.05127351731062 0.56123757362366 0
vt 0.02956205420196 0.4633629322052 0
vt 0.0202271733433 0.43887221813202 0
vt 0.30310553312302 0.50776332616806 0
vt 0.29999390244484 0.50776332616806 0
vt 0.04179878905416 0.51930391788483 0
vt 0.03879204764962 0.5075871348381 0
vt 0.03865220025182 0.51930391788483 0
vt 0.30303558707237 0.40363383293152 0
vt 0.29999390244484 0.40363383293152 0
vt 0.29688227176666 0.43050312995911 0
vt 0.29373568296432 0.43050312995911 0
vt 0.29688227176666 0.39174091815948 0
vt 0.29380559921265 0.39174091815948 0
vt 0.04200856015086 0.54168027639389 0
vt 0.03889693319798 0.54168027639389 0
vt 0.03893189504743 0.56132566928864 0
vt 0.03900181874633 0.58687353134155 0
vt 0.02952709048986 0.43887221813202 0
vt 0.02952709048986 0.3091949224472 0
vt 0.03263871744275 0.33447849750519 0
vt 0.0326736792922 0.3091949224472 0
vt 0.07029289752245 0.00561618804932 0
vt 0.07340452820063 0.00561618804932 0
vt 0.07340452820063 0.00253283977509 0
vt 0.07029289752245 0.00253283977509 0
vt 0.30607730150223 0.39174091815948 0
vt 0.30607730150223 0.37984788417816 0
vt 0.04190367460251 0.47648930549622 0
vt 0.03889693319798 0.47640120983124 0
vt 0.06207680702209 0.00570428371429 0
vt 0.06522339582443 0.00570428371429 0
vt 0.06522339582443 0.00253283977509 0
vt 0.06207680702209 0.00253283977509 0
vt 0.03263871744275 0.43887221813202 0
vt 0.03263871744275 0.41323637962341 0
vt 0.02645042724907 0.52608728408813 0
vt 0.1719277203083 0.27668750286102 0
vt 0.1719277203083 0.27360415458679 0
vt 0.15860716998577 0.27360415458679 0
vt 0.3032104074955 0.44503903388977 0
vt 0.29999390244484 0.44503903388977 0
vt 0.0450153015554 0.47085106372833 0
vt 0.02008732408285 0.3091949224472 0
vt 0.30310553312302 0.41623163223267 0
vt 0.29995894432068 0.41623163223267 0
vt 0.05700730159879 0.00561618804932 0
vt 0.05700730159879 0.00253283977509 0
vt 0.0538956746459 0.00253283977509 0
vt 0.0538956746459 0.00561618804932 0
vt 0.04823181405663 0.53066825866699 0
vt 0.0450852252543 0.53066825866699 0
vt 0.30614721775055 0.40354573726654 0
vt 0.30625212192535 0.41623163223267 0
vt 0.02326887473464 0.33447849750519 0
vt 0.02015724778175 0.33447849750519 0
vt 0.30307057499886 0.43050312995911 0
vt 0.30621716380119 0.43050312995911 0
vt 0.12892434000969 0.27977085113525 0
vt 0.1351825594902 0.27994704246521 0
vt 0.13521751761436 0.27668750286102 0
vt 0.12895929813385 0.27668750286102 0
vt 0.02333880029619 0.41323637962341 0
vt 0.0202271733433 0.41323637962341 0
vt 0.30625212192535 0.46459627151489 0
vt 0.306391954422 0.44503903388977 0
vt 0.04840662702918 0.61277377605438 0
vt 0.05151825025678 0.6126856803894 0
vt 0.13514760136604 0.2832065820694 0
vt 0.14518171548843 0.28303039073944 0
vt 0.05120359361172 0.54168027639389 0
vt 0.29999390244484 0.43050312995911 0
vt 0.29688227176666 0.37993597984314 0
vt 0.29380559921265 0.37993597984314 0
vt 0.03263871744275 0.36055493354797 0
vt 0.2967424094677 0.44503903388977 0
vt 0.2968473136425 0.46459627151489 0
vt 0.03907174617052 0.62493097782135 0
vt 0.03921159356833 0.63347631692886 0
vt 0.04791715741158 0.46521294116974 0
vt 0.04802204295993 0.47076296806335 0
vt 0.05099381878972 0.47067487239838 0
vt 0.05085397139192 0.46512484550476 0
vt 0.04833669960499 0.63347631692886 0
vt 0.04837166145444 0.62493097782135 0
vt 0.14514675736427 0.27360415458679 0
vt 0.29691722989082 0.48626792430878 0
vt 0.29370072484016 0.46459627151489 0
vt 0.29380559921265 0.48626792430878 0
vt 0.03263871744275 0.4633629322052 0
vt 0.15864212810993 0.27052080631256 0
vt 0.14518171548843 0.27052080631256 0
vt 0.02959701605141 0.52608728408813 0
vt 0.03270864114165 0.52608728408813 0
vt 0.1719277203083 0.27977085113525 0
vt 0.15864212810993 0.28285419940948 0
vt 0.1719277203083 0.28285419940948 0
vt 0.04498033970594 0.46530103683472 0
vt 0.05134344100952 0.4957822561264 0
vt 0.05190283432603 0.48344886302948 0
vt 0.05148328840733 0.5075871348381 0
vt 0.05134344100952 0.53075635433197 0
vt 0.05158817768097 0.5193920135498 0
vt 0.02638050168753 0.26259219646454 0
vt 0.05141336470842 0.47631311416626 0
vt 0.05137840285897 0.63347631692886 0
vt 0.05144832655787 0.62493097782135 0
vt 0.04833669960499 0.64193350076675 0
vt 0.05137840285897 0.64193350076675 0
vt 0.03924655541778 0.64202159643173 0
vt 0.04228825867176 0.64193350076675 0
vt 0.12284093350172 0.27659940719604 0
vt 0.30621716380119 0.48626792430878 0
vt 0.03893189504743 0.61277377605438 0
vt 0.04197359830141 0.53066825866699 0
vt 0.03879204764962 0.53066825866699 0
vt 0.12280597537756 0.27977085113525 0
vt 0.12277100980282 0.28285419940948 0
vt 0.12885442376137 0.28294229507446 0
vt 0.03263871744275 0.38698375225067 0
vt 0.29691722989082 0.50776332616806 0
vt 0.13521751761436 0.27342796325684 0
vt 0.29352590441704 0.44503903388977 0
vt 0.04529500007629 0.64193350076675 0
vt 0.29380559921265 0.50776332616806 0
vt 0.13521751761436 0.2703446149826 0
vt 0.30621716380119 0.50776332616806 0
vt 0.1719277203083 0.27060890197754 0
# 321 texture coordinates

o model-09
usemtl mat--0001
f 3918/5645/2194 3879/5644/2194 3938/5643/2194 3889/5642/2199
f 3907/5649/3462 3894/5648/3462 3881/5647/1185 3909/5646/1185
f 3892/5652/2194 3893/5651/2194 3889/5642/2199 3891/5650/2194
f 3918/5656/5020 3893/5655/5019 3917/5654/5018 3916/5653/5017
f 3903/5660/2199 3886/5659/2194 3937/5658/2199 3902/5657/2194
f 3909/5664/5024 3910/5663/5023 3908/5662/5022 3907/5661/5021
f 3905/5668/1185 3898/5667/1185 3899/5666/1185 3883/5665/1185
f 3882/5669/1185 3905/5668/1185 3883/5665/1185
f 3921/5671/2194 3890/5670/2194 3889/5642/2199 3886/5659/2194
f 3934/5674/2194 3899/5666/2194 3936/5673/2194 3935/5672/2194
f 3905/5678/5028 3895/5677/5027 3897/5676/5026 3898/5675/5025
f 3899/5666/2194 3900/5679/2194 3936/5673/2194
f 3915/5683/5032 3914/5682/5031 3912/5681/5030 3913/5680/5029
f 3921/5687/5036 3922/5686/5035 3920/5685/5034 3890/5684/5033
f 3888/5690/2199 3922/5689/2199 3886/5659/2194 3887/5688/2199
f 3903/5660/2199 3887/5688/2199 3886/5659/2194
f 3897/5676/5026 3900/5692/5038 3899/5691/5037 3898/5675/5025
f 3922/5689/2199 3921/5671/2194 3886/5659/2194
f 3909/5646/1185 3881/5647/1185 3929/5694/1185 3910/5693/1185
f 3890/5670/2194 3891/5650/2194 3889/5642/2199
f 3911/5696/1185 3910/5693/1185 3929/5694/1185 3913/5695/1185
f 3893/5651/2194 3918/5645/2194 3889/5642/2199
f 3925/5699/5041 3920/5685/5034 3923/5698/5040 3924/5697/5039
f 3916/5653/5017 3917/5654/5018 3914/5682/5031 3915/5700/5042
f 3901/5704/5046 3896/5703/5045 3904/5702/5044 3903/5701/5043
f 3900/5679/2194 3884/5705/2194 3937/5658/2199 3936/5673/2194
f 3911/5706/5047 3912/5681/5030 3908/5662/5022 3910/5663/5023
f 3914/5682/5031 3919/5707/5048 3925/5699/5041 3912/5681/5030
f 3884/5709/5050 3901/5704/5046 3885/5708/5049
f 3885/5710/2194 3902/5657/2194 3937/5658/2199 3884/5705/2194
f 3896/5703/5045 3894/5712/5052 3906/5711/5051 3904/5702/5044
f 3903/5701/5043 3904/5702/5044 3887/5713/5053
f 3882/5714/5054 3895/5677/5027 3905/5678/5028
f 3908/5662/5022 3924/5697/5039 3906/5711/5051 3907/5661/5021
f 3894/5712/5052 3907/5661/5021 3906/5711/5051
f 3934/5674/1185 3933/5715/1185 3883/5665/1185 3899/5666/1185
f 3891/5717/5056 3890/5684/5033 3919/5707/5048 3892/5716/5055
f 3913/5695/1185 3929/5694/1185 3927/5719/1185 3915/5718/1185
f 3911/5706/5047 3913/5680/5029 3912/5681/5030
f 3904/5702/5044 3924/5697/5039 3923/5698/5040 3887/5713/5053
f 3922/5686/5035 3888/5720/5057 3923/5698/5040 3920/5685/5034
f 3916/5722/1185 3915/5721/1185 3927/5719/1185 3918/5645/1185
f 3893/5655/5019 3892/5716/5055 3917/5654/5018
f 3897/5676/5026 3901/5704/5046 3884/5709/5050 3900/5692/5038
f 3901/5704/5046 3903/5701/5043 3902/5723/5058 3885/5708/5049
f 3914/5682/5031 3917/5654/5018 3892/5716/5055 3919/5707/5048
f 3882/5669/1185 3883/5665/1185 3881/5647/1185 3894/5648/3462
f 3888/5720/5057 3887/5713/5053 3923/5698/5040
f 3925/5699/5041 3919/5707/5048 3890/5684/5033 3920/5685/5034
f 3904/5702/5044 3906/5711/5051 3924/5697/5039
f 3896/5703/5045 3901/5704/5046 3897/5676/5026 3895/5677/5027
f 3894/5712/5052 3896/5703/5045 3895/5677/5027 3882/5714/5054
f 4046/5727/5062 4047/5726/5061 4037/5725/5060 4038/5724/5059
f 3936/5731/1184 3931/5730/1184 3932/5729/1183 3935/5728/1184
f 3934/5674/339 3935/5733/339 3932/5732/339 3933/5715/339
f 3889/5737/1184 3926/5736/1184 3928/5735/1184 3886/5734/1184
f 3886/5734/1184 3928/5735/1184 3930/5739/1184 3937/5738/1184
f 3927/5719/1680 3929/5694/1680 3928/5735/1680 3926/5736/1680
f 3938/5742/465 3879/5644/465 3880/5741/465 3939/5740/465
f 3937/5738/1184 3930/5739/1184 3931/5730/1184 3936/5731/1184
f 3881/5647/1680 3883/5665/1680 3931/5730/1680 3930/5739/1680
f 3929/5694/1680 3881/5647/1680 3930/5739/1680 3928/5735/1680
f 3938/5744/1183 3939/5743/1184 3926/5736/1184 3889/5737/1184
f 3883/5665/1680 3933/5715/1680 3932/5729/1680 3931/5730/1680
f 4008/5748/5066 4007/5747/5065 4020/5746/5064 4019/5745/5063
f 3954/5752/5070 3982/5751/5069 3981/5750/5068 3971/5749/5067
f 4053/5756/5074 4054/5755/5073 4027/5754/5072 4028/5753/5071
f 3965/5760/5078 3964/5759/5077 3973/5758/5076 3967/5757/5075
f 3959/5764/5082 3960/5763/5081 3948/5762/5080 3949/5761/5079
f 3959/5764/5082 3958/5767/5085 3979/5766/5084 3978/5765/5083
f 4049/5771/5089 4048/5770/5088 4070/5769/5087 4069/5768/5086
f 4091/5775/5093 4090/5774/5092 4098/5773/5091 4106/5772/5090
f 3956/5779/5097 3957/5778/5096 3951/5777/5095 3952/5776/5094
f 4014/5783/5101 3991/5782/5100 3994/5781/5099 4013/5780/5098
f 4047/5726/5061 4048/5770/5088 4035/5784/5102 4037/5725/5060
f 4002/5788/5106 4004/5787/5105 4003/5786/5104 4001/5785/5103
f 3972/5792/5110 3987/5791/5109 3943/5790/5108 3942/5789/5107
f 4055/5796/5114 4056/5795/5113 4023/5794/5112 4025/5793/5111
f 4095/5800/5118 4085/5799/5117 4083/5798/5116 4086/5797/5115
f 3960/5763/5081 3959/5764/5082 3978/5765/5083 3977/5801/5119
f 4052/5803/5121 4053/5756/5074 4028/5753/5071 4029/5802/5120
f 4046/5727/5062 4045/5806/5124 4073/5805/5123 4072/5804/5122
f 3986/5808/5126 3985/5807/5125 3949/5761/5079 3948/5762/5080
f 4076/5812/5130 4075/5811/5129 4042/5810/5128 4041/5809/5127
f 3962/5815/5133 3963/5814/5132 3943/5790/5108 3944/5813/5131
f 4048/5770/5088 4047/5726/5061 4071/5816/5134 4070/5769/5087
f 3967/5757/5075 3973/5758/5076 3972/5818/5136 3969/5817/5135
f 3940/5822/5140 3941/5821/5139 3970/5820/5138 3969/5819/5137
f 4078/5824/5142 4039/5823/5141 4038/5724/5059 4037/5725/5060
f 3982/5827/5145 3954/5826/5144 3953/5825/5143 3952/5776/5094
f 3961/5829/5147 3960/5763/5081 3977/5801/5119 3976/5828/5146
f 4052/5803/5121 4051/5832/5150 4067/5831/5149 4066/5830/5148
f 4080/5835/5153 4081/5834/5152 4065/5833/5151 4066/5830/5148
f 3964/5759/5077 3963/5814/5132 3974/5836/5151 3973/5758/5076
f 3987/5791/5109 3945/5837/5154 3944/5813/5131 3943/5790/5108
f 3993/5839/5099 3994/5781/5099 3991/5782/5100 3989/5838/5155
f 4047/5726/5061 4046/5727/5062 4072/5804/5122 4071/5816/5134
f 4079/5842/5158 4036/5841/5157 4035/5784/5102 4034/5840/5156
f 4009/5844/5160 4008/5748/5066 4019/5745/5063 4018/5843/5159
f 4022/5846/5162 4002/5788/5106 4001/5785/5103 4000/5845/5161
f 4004/5787/5105 4021/5848/5164 4005/5847/5163 4003/5786/5104
f 4080/5851/5153 4031/5850/5166 4030/5849/5165 4029/5802/5120
f 4081/5852/5167 4080/5851/5153 4029/5802/5120 4028/5753/5071
f 3962/5815/5133 3961/5829/5147 3976/5828/5146 3975/5853/5168
f 3983/5856/5171 3984/5855/5170 3979/5766/5084 3980/5854/5169
f 4106/5860/5175 4092/5859/5174 4107/5858/5173 4091/5857/5172
f 4053/5756/5074 4052/5803/5121 4066/5830/5148 4065/5833/5151
f 3964/5759/5077 3965/5760/5078 3940/5822/5140 3942/5789/5107
f 4006/5862/5177 4021/5861/5176 4019/5745/5063 4020/5746/5064
f 4077/5864/5179 4076/5812/5130 4041/5809/5127 4040/5863/5178
f 4043/5868/5183 4042/5867/5182 4075/5866/5181 4062/5865/5180
f 3947/5870/5185 3945/5869/5184 3975/5853/5168 3976/5828/5146
f 3965/5760/5078 3966/5871/5186 3941/5821/5139 3940/5822/5140
f 4100/5874/5189 4102/5873/5188 4104/5872/5187 4085/5799/5117
f 3969/5819/5137 3972/5792/5110 3942/5789/5107 3940/5822/5140
f 4013/5780/5098 4012/5876/5191 4015/5875/5190 4014/5783/5101
f 4044/5877/5192 4045/5806/5124 4040/5863/5178 4041/5809/5127
f 3983/5878/5171 3982/5827/5145 3952/5776/5094 3951/5777/5095
f 4010/5880/5194 4009/5844/5160 4018/5843/5159 4017/5879/5193
f 3958/5767/5085 3957/5778/5096 3980/5854/5169 3979/5766/5084
f 4105/5884/5197 4006/5883/5196 4020/5882/5064 4007/5881/5195
f 4050/5886/5199 4049/5771/5089 4069/5768/5086 4068/5885/5198
f 4021/5861/5176 4004/5887/5200 4018/5843/5159 4019/5745/5063
f 4004/5887/5200 4002/5888/5201 4017/5879/5193 4018/5843/5159
f 3985/5807/5125 3984/5890/5203 3950/5889/5202 3949/5761/5079
f 4002/5888/5201 4022/5892/5205 4016/5891/5204 4017/5879/5193
f 4093/5896/5209 4094/5895/5208 4088/5894/5207 4089/5893/5206
f 3947/5898/5211 3986/5808/5126 3948/5762/5080 3946/5897/5210
f 4014/5783/5101 4015/5875/5190 3999/5900/5213 3992/5899/5212
f 4081/5834/5152 4082/5902/5215 4064/5901/5214 4065/5833/5151
f 4087/5904/5217 4099/5903/5216 4088/5894/5207 4086/5797/5115
f 4031/5905/5166 4080/5835/5153 4066/5830/5148 4067/5831/5149
f 3957/5778/5096 3956/5779/5097 3981/5750/5068 3980/5854/5169
f 4012/5876/5191 4011/5906/5218 4016/5891/5204 4015/5875/5190
f 4009/5844/5160 4010/5880/5194 4001/5785/5103 4003/5786/5104
f 4021/5848/5164 4006/5908/5220 4105/5907/5219 4005/5847/5163
f 4007/5747/5065 4008/5748/5066 4005/5847/5163 4105/5907/5219
f 3984/5855/5170 3985/5909/5221 3978/5765/5083 3979/5766/5084
f 4012/5876/5191 4013/5780/5098 3997/5911/5223 3998/5910/5222
f 4051/5832/5150 4050/5886/5199 4068/5885/5198 4067/5831/5149
f 4060/5913/5225 4026/5912/5224 4025/5793/5111 4023/5794/5112
f 4075/5917/5229 4076/5916/5228 4074/5915/5227 4062/5914/5226
f 4056/5795/5113 4055/5796/5114 4063/5919/5231 4058/5918/5230
f 4055/5796/5114 4054/5755/5073 4064/5901/5214 4063/5919/5231
f 4096/5920/5232 4100/5874/5189 4085/5799/5117 4095/5800/5118
f 3945/5837/5154 3947/5898/5211 3946/5897/5210 3944/5813/5131
f 4011/5906/5218 4012/5876/5191 3998/5910/5222 4000/5845/5161
f 3990/5923/5235 3992/5922/5234 3997/5911/5223 3996/5921/5233
f 3987/5924/5236 3972/5818/5136 3973/5758/5076 3974/5836/5151
f 4087/5926/5238 4101/5925/5237 4100/5874/5189 4096/5920/5232
f 3969/5817/5135 3970/5928/5240 3968/5927/5239 3967/5757/5075
f 3963/5814/5132 3964/5759/5077 3942/5789/5107 3943/5790/5108
f 4008/5748/5066 4009/5844/5160 4003/5786/5104 4005/5847/5163
f 4103/5931/5243 4101/5930/5242 4083/5798/5116 4084/5929/5241
f 4062/5914/5226 4074/5915/5227 4044/5877/5192 4043/5932/5244
f 4045/5806/5124 4044/5877/5192 4074/5915/5227 4073/5805/5123
f 4051/5832/5150 4052/5803/5121 4029/5802/5120 4030/5849/5165
f 3912/5681/5030 3925/5699/5041 3924/5697/5039 3908/5662/5022
f 4039/5934/5246 4078/5933/5245 4071/5816/5134 4072/5804/5122
f 4078/5933/5245 4036/5935/5247 4070/5769/5087 4071/5816/5134
f 3918/5645/1185 3927/5719/1185 3880/5741/1185 3879/5644/1185
f 4079/5937/5249 4033/5936/5248 4068/5885/5198 4069/5768/5086
f 3971/5749/5067 3981/5750/5068 3956/5779/5097 3955/5938/5250
f 4076/5916/5228 4077/5939/5251 4073/5805/5123 4074/5915/5227
f 3957/5778/5096 3958/5767/5085 3950/5889/5202 3951/5777/5095
f 3955/5938/5250 3956/5779/5097 3952/5776/5094 3953/5825/5143
f 4101/5930/5242 4087/5904/5217 4086/5797/5115 4083/5798/5116
f 4058/5918/5230 4063/5919/5231 4026/5941/5253 4060/5940/5252
f 4060/5940/5252 4061/5943/5255 4059/5942/5254 4058/5918/5230
f 4023/5794/5112 4024/5945/5256 4061/5944/5225 4060/5913/5225
f 4093/5896/5209 4092/5946/5257 4106/5772/5090 4098/5773/5091
f 3991/5782/5100 4014/5783/5101 3992/5899/5212 3990/5947/5258
f 3963/5814/5132 3962/5815/5133 3975/5853/5168 3974/5836/5151
f 3967/5757/5075 3968/5927/5239 3966/5871/5186 3965/5760/5078
f 4033/5936/5248 4031/5905/5166 4067/5831/5149 4068/5885/5198
f 4082/5948/5259 4081/5852/5167 4028/5753/5071 4027/5754/5072
f 3960/5763/5081 3961/5829/5147 3946/5897/5210 3948/5762/5080
f 3984/5890/5203 3983/5878/5171 3951/5777/5095 3950/5889/5202
f 4031/5850/5166 4033/5950/5261 4032/5949/5260 4030/5849/5165
f 4090/5953/5264 4091/5952/5263 4107/5951/5262 4089/5893/5206
f 3985/5909/5221 3986/5954/5211 3977/5801/5119 3978/5765/5083
f 3995/5955/5265 3996/5921/5233 3994/5781/5099 3993/5839/5099
f 4036/5841/5157 4078/5824/5142 4037/5725/5060 4035/5784/5102
f 3958/5767/5085 3959/5764/5082 3949/5761/5079 3950/5889/5202
f 3945/5869/5184 3987/5924/5236 3974/5836/5151 3975/5853/5168
f 4043/5932/5244 4044/5877/5192 4041/5809/5127 4042/5810/5128
f 4049/5771/5089 4050/5886/5199 4032/5949/5260 4034/5840/5156
f 4045/5806/5124 4046/5727/5062 4038/5724/5059 4040/5863/5178
f 4077/5939/5251 4039/5934/5246 4072/5804/5122 4073/5805/5123
f 4026/5912/5224 4082/5948/5259 4027/5754/5072 4025/5793/5111
f 4048/5770/5088 4049/5771/5089 4034/5840/5156 4035/5784/5102
f 4094/5895/5208 4093/5896/5209 4098/5773/5091 4097/5956/5266
f 4050/5886/5199 4051/5832/5150 4030/5849/5165 4032/5949/5260
f 3999/5957/5267 4022/5846/5162 4000/5845/5161 3998/5910/5222
f 3982/5751/5069 3983/5856/5171 3980/5854/5169 3981/5750/5068
f 4022/5892/5205 3999/5900/5213 4015/5875/5190 4016/5891/5204
f 4011/5906/5218 4010/5880/5194 4017/5879/5193 4016/5891/5204
f 4058/5918/5230 4059/5942/5254 4057/5958/5268 4056/5795/5113
f 3986/5954/5211 3947/5870/5185 3976/5828/5146 3977/5801/5119
f 4082/5902/5215 4026/5941/5253 4063/5919/5231 4064/5901/5214
f 4095/5800/5118 4094/5895/5208 4097/5956/5266 4096/5920/5232
f 3992/5922/5234 3999/5957/5267 3998/5910/5222 3997/5911/5223
f 3988/5959/5269 3990/5923/5235 3996/5921/5233 3995/5955/5265
f 3961/5829/5147 3962/5815/5133 3944/5813/5131 3946/5897/5210
f 4090/5774/5092 4099/5960/5270 4097/5956/5266 4098/5773/5091
f 4054/5755/5073 4053/5756/5074 4065/5833/5151 4064/5901/5214
f 4010/5880/5194 4011/5906/5218 4000/5845/5161 4001/5785/5103
f 4099/5960/5270 4087/5926/5238 4096/5920/5232 4097/5956/5266
f 4036/5935/5247 4079/5937/5249 4069/5768/5086 4070/5769/5087
f 4099/5903/5216 4090/5953/5264 4089/5893/5206 4088/5894/5207
f 4033/5950/5261 4079/5842/5158 4034/5840/5156 4032/5949/5260
f 4085/5799/5117 4104/5872/5187 4084/5929/5241 4083/5798/5116
f 4094/5895/5208 4095/5800/5118 4086/5797/5115 4088/5894/5207
f 4054/5755/5073 4055/5796/5114 4025/5793/5111 4027/5754/5072
f 4039/5823/5141 4077/5864/5179 4040/5863/5178 4038/5724/5059
f 4092/5946/5257 4093/5896/5209 4089/5893/5206 4107/5951/5262
f 3989/5838/5155 3991/5782/5100 3990/5947/5258 3988/5961/5271
f 4101/5925/5237 4103/5962/5272 4102/5873/5188 4100/5874/5189
f 4013/5780/5098 3994/5781/5099 3996/5921/5233 3997/5911/5223
f 4056/5795/5113 4057/5958/5268 4024/5945/5256 4023/5794/5112
f 3880/5741/1680 3927/5719/1680 3926/5736/1680 3939/5743/1680

v -1.79999995231628 1.67322504520416 -1.29999983310699
v -1.79999995231628 0.82677000761032 -1.29999995231628
v -1.79999995231628 0.00000002663161 -1.30000007152557
v -1.39999938011169 2.49999499320984 -1.29999971389771
v -1.39999938011169 2.49999499320984 -0.89999920129776
v -1.39999938011169 1.67322504520416 -1.29999983310699
v -1.39999938011169 1.67322504520416 -0.89999932050705
v -1.39999938011169 0.82677000761032 -1.29999995231628
v -1.39999938011169 0.82677000761032 -0.89999943971634
v -1.39999938011169 0.00000002663161 -1.30000007152557
v -1.39999938011169 -0.00000002663167 -0.89999955892563
v -1.79999995231628 1.67322504520416 -0.89999932050705
v -1.79999995231628 0.82677000761032 -0.89999943971634
v -1.79999995231628 -0.00000002663167 -0.89999955892563
v -1.79999995231628 2.49999499320984 -1.29999971389771
v -1.79999995231628 2.49999499320984 -0.89999920129776
# 16 vertices

# 0 normal

vt 0.30165648460388 0.78878504037857 0
vt 0.42228654026985 0.78878504037857 0
vt 0.42228654026985 0.73086297512054 0
vt 0.30165648460388 0.73086297512054 0
vt 0.18102642893791 0.78878504037857 0
vt 0.18102642893791 0.73086297512054 0
vt 0.06039636582136 0.84659397602081 0
vt 0.18102642893791 0.84659397602081 0
vt 0.06039636582136 0.78878504037857 0
vt 0.06039636582136 0.73086297512054 0
vt 0.18102642893791 0.96243804693222 0
vt 0.18102642893791 0.90451604127884 0
vt 0.06039636582136 0.90451604127884 0
vt 0.06039636582136 0.96243804693222 0
vt 0.42228654026985 0.84659397602081 0
vt 0.48015165328979 0.84659397602081 0
vt 0.48015165328979 0.78878504037857 0
vt 0.42228654026985 0.96243804693222 0
vt 0.42228654026985 0.90451604127884 0
vt 0.30165648460388 0.90451604127884 0
vt 0.30165648460388 0.96243804693222 0
vt 0.00253127003089 0.84659397602081 0
vt 0.00253127003089 0.78878504037857 0
vt 0.30165648460388 0.84659397602081 0
# 24 texture coordinates

o model-10
usemtl mat--0001
f 4120/5966/2199 4121/5965/2199 4118/5964/2199 4116/5963/2199
f 4119/5968/2199 4120/5966/2199 4116/5963/2199 4114/5967/2199
f 4112/5971/1185 4114/5967/1185 4113/5970/1185 4111/5969/1185
f 4123/5972/2199 4119/5968/2199 4114/5967/2199 4112/5971/2199
f 4123/5976/1184 4122/5975/1184 4108/5974/1184 4119/5973/1184
f 4118/5964/339 4121/5979/339 4110/5978/339 4117/5977/339
f 4120/5983/1184 4109/5982/1184 4110/5981/1184 4121/5980/1184
f 4119/5973/1184 4108/5974/1184 4109/5982/1184 4120/5983/1184
f 4123/5985/465 4112/5971/465 4111/5969/465 4122/5984/465
f 4116/5963/1185 4118/5964/1185 4117/5977/1185 4115/5986/1185
f 4114/5967/1185 4116/5963/1185 4115/5986/1185 4113/5970/1185
f 4115/5986/1680 4117/5977/1680 4110/5981/1680 4109/5982/1680
f 4113/5970/1680 4115/5986/1680 4109/5982/1680 4108/5974/1680
f 4111/5969/1680 4113/5970/1680 4108/5974/1680 4122/5975/1680

